"C:/UnrealProyects/MotoresComerciales/Motorescomerciales1/MotoresComerciales/MotoresComerciales.uproject" 1
"../../../Engine/Plugins/AudioGameplay/AudioGameplay.uplugin" 2
"../../../Engine/Plugins/BlueprintFileUtils/BlueprintFileUtils.uplugin" 3
"../../../Engine/Plugins/ChaosCloth/ChaosCloth.uplugin" 4
"../../../Engine/Plugins/Bridge/Bridge.uplugin" 5
"../../../Engine/Plugins/CmdLinkServer/CmdLinkServer.uplugin" 6
"../../../Engine/Plugins/DiscoveryBeaconReceiver/DiscoveryBeaconReceiver.uplugin" 7
"../../../Engine/Plugins/Fab/Fab.uplugin" 8
"../../../Engine/Plugins/EnhancedInput/EnhancedInput.uplugin" 9
"../../../Engine/Plugins/FastBuildController/FastBuildController.uplugin" 10
"../../../Engine/Plugins/AudioGameplayVolume/AudioGameplayVolume.uplugin" 11
"../../../Engine/Plugins/JsonBlueprintUtilities/JsonBlueprintUtilities.uplugin" 12
"../../../Engine/Plugins/LightWeightInstancesEditor/LightWeightInstancesEditor.uplugin" 13
"../../../Engine/Plugins/MemoryUsageQueries/MemoryUsageQueries.uplugin" 14
"../../../Engine/Plugins/MeshPainting/MeshPainting.uplugin" 15
"../../../Engine/Plugins/PCGExternalDataInterop/PCGExternalDataInterop.uplugin" 16
"../../../Engine/Plugins/PCGGeometryScriptInterop/PCGGeometryScriptInterop.uplugin" 17
"../../../Engine/Plugins/PCG/PCG.uplugin" 18
"../../../Engine/Plugins/TraceUtilities/TraceUtilities.uplugin" 19
"../../../Engine/Plugins/UbaController/UbaController.uplugin" 20
"../../../Engine/Plugins/RenderGraphInsights/RenderGraphInsights.uplugin" 21
"../../../Engine/Plugins/ScriptPlugin/ScriptPlugin.uplugin" 22
"../../../Engine/Plugins/XGEController/XGEController.uplugin" 23
"../../../Engine/Plugins/WorldMetrics/WorldMetrics.uplugin" 24
"../../../Engine/Plugins/ChaosVD/ChaosVD.uplugin" 25
"../../../Engine/Plugins/AI/AISupport/AISupport.uplugin" 26
"../../../Engine/Plugins/AI/EnvironmentQueryEditor/EnvironmentQueryEditor.uplugin" 27
"../../../Engine/Plugins/AudioInsights/AudioInsights.uplugin" 28
"../../../Engine/Plugins/AI/MLAdapter/MLAdapter.uplugin" 29
"../../../Engine/Plugins/ChaosClothAsset/ChaosClothAsset.uplugin" 30
"../../../Engine/Plugins/AI/MassAI/MassAI.uplugin" 31
"../../../Engine/Plugins/FX/CascadeToNiagaraConverter/CascadeToNiagaraConverter.uplugin" 32
"../../../Engine/Plugins/ChaosClothAssetEditor/ChaosClothAssetEditor.uplugin" 33
"../../../Engine/Plugins/FX/Niagara/Niagara.uplugin" 34
"../../../Engine/Plugins/FX/ExampleCustomDataInterface/ExampleCustomDataInterface.uplugin" 35
"../../../Engine/Plugins/FX/NiagaraFluids/NiagaraFluids.uplugin" 36
"../../../Engine/Plugins/FX/NiagaraSimCaching/NiagaraSimCaching.uplugin" 37
"../../../Engine/Plugins/Animation/ACLPlugin/ACLPlugin.uplugin" 38
"../../../Engine/Plugins/Animation/AnimationData/AnimationData.uplugin" 39
"../../../Engine/Plugins/FX/NiagaraMRQ/NiagaraMRQ.uplugin" 40
"../../../Engine/Plugins/Animation/AnimationLocomotionLibrary/AnimationLocomotionLibrary.uplugin" 41
"../../../Engine/Plugins/Animation/AnimationModifierLibrary/AnimationModifierLibrary.uplugin" 42
"../../../Engine/Plugins/AI/MassCrowd/MassCrowd.uplugin" 43
"../../../Engine/Plugins/Animation/AnimationWarping/AnimationWarping.uplugin" 44
"../../../Engine/Plugins/Animation/ControlRig/ControlRig.uplugin" 45
"../../../Engine/Plugins/Animation/BlendStack/BlendStack.uplugin" 46
"../../../Engine/Plugins/Animation/DeformerGraph/DeformerGraph.uplugin" 47
"../../../Engine/Plugins/Animation/IKRig/IKRig.uplugin" 48
"../../../Engine/Plugins/Animation/GameplayInsights/GameplayInsights.uplugin" 49
"../../../Engine/Plugins/Animation/LiveLink/LiveLink.uplugin" 50
"../../../Engine/Plugins/Animation/BlendSpaceMotionAnalysis/BlendSpaceMotionAnalysis.uplugin" 51
"../../../Engine/Plugins/Animation/ControlRigSpline/ControlRigSpline.uplugin" 52
"../../../Engine/Plugins/Animation/LiveLinkCurveDebugUI/LiveLinkCurveDebugUI.uplugin" 53
"../../../Engine/Plugins/Animation/MotionWarping/MotionWarping.uplugin" 54
"../../../Engine/Plugins/Animation/ControlRigModules/ControlRigModules.uplugin" 55
"../../../Engine/Plugins/Animation/PerformanceCaptureCore/PerformanceCaptureCore.uplugin" 56
"../../../Engine/Plugins/Animation/PoseSearch/PoseSearch.uplugin" 57
"../../../Engine/Plugins/Developer/AnimationSharing/AnimationSharing.uplugin" 58
"../../../Engine/Plugins/Animation/RigLogic/RigLogic.uplugin" 59
"../../../Engine/Plugins/Developer/BlankPlugin/BlankPlugin.uplugin" 60
"../../../Engine/Plugins/Developer/CodeLiteSourceCodeAccess/CodeLiteSourceCodeAccess.uplugin" 61
"../../../Engine/Plugins/Developer/CLionSourceCodeAccess/CLionSourceCodeAccess.uplugin" 62
"../../../Engine/Plugins/Animation/LiveLinkHub/LiveLinkHub.uplugin" 63
"../../../Engine/Plugins/Developer/GitSourceControl/GitSourceControl.uplugin" 64
"../../../Engine/Plugins/AI/HTNPlanner/HTNPlanner.uplugin" 65
"../../../Engine/Plugins/Developer/KDevelopSourceCodeAccess/KDevelopSourceCodeAccess.uplugin" 66
"../../../Engine/Plugins/Developer/N10XSourceCodeAccess/N10XSourceCodeAccess.uplugin" 67
"../../../Engine/Plugins/Developer/NullSourceCodeAccess/NullSourceCodeAccess.uplugin" 68
"../../../Engine/Plugins/Developer/DumpGPUServices/DumpGPUServices.uplugin" 69
"../../../Engine/Plugins/Developer/PixWinPlugin/PixWinPlugin.uplugin" 70
"../../../Engine/Plugins/Developer/PropertyAccessNode/PropertyAccessNode.uplugin" 71
"../../../Engine/Plugins/Developer/RenderDocPlugin/RenderDocPlugin.uplugin" 72
"../../../Engine/Plugins/Developer/RiderSourceCodeAccess/RiderSourceCodeAccess.uplugin" 73
"../../../Engine/Plugins/Developer/TraceDataFiltering/TraceDataFilters.uplugin" 74
"../../../Engine/Plugins/Developer/PerforceSourceControl/PerforceSourceControl.uplugin" 75
"../../../Engine/Plugins/Developer/PlasticSourceControl/PlasticSourceControl.uplugin" 76
"../../../Engine/Plugins/Developer/UObjectPlugin/UObjectPlugin.uplugin" 77
"../../../Engine/Plugins/Developer/VisualStudioSourceCodeAccess/VisualStudioSourceCodeAccess.uplugin" 78
"../../../Engine/Plugins/Developer/XcodeGPUDebuggerPlugin/XcodeGPUDebuggerPlugin.uplugin" 79
"../../../Engine/Plugins/NNE/NNERuntimeORT/NNERuntimeORT.uplugin" 80
"../../../Engine/Plugins/Developer/VisualStudioCodeSourceCodeAccess/VisualStudioCodeSourceCodeAccess.uplugin" 81
"../../../Engine/Plugins/Developer/SubversionSourceControl/SubversionSourceControl.uplugin" 82
"../../../Engine/Plugins/Runtime/AndroidFileServer/AndroidFileServer.uplugin" 83
"../../../Engine/Plugins/Runtime/AndroidBackgroundService/AndroidBackgroundService.uplugin" 84
"../../../Engine/Plugins/Runtime/AndroidPermission/AndroidPermission.uplugin" 85
"../../../Engine/Plugins/Runtime/AndroidMoviePlayer/AndroidMoviePlayer.uplugin" 86
"../../../Engine/Plugins/Runtime/AndroidDeviceProfileSelector/AndroidDeviceProfileSelector.uplugin" 87
"../../../Engine/Plugins/Runtime/AnimationBudgetAllocator/AnimationBudgetAllocator.uplugin" 88
"../../../Engine/Plugins/Runtime/ApexDestruction/ApexDestruction.uplugin" 89
"../../../Engine/Plugins/Developer/TraceSourceFiltering/TraceSourceFilters.uplugin" 90
"../../../Engine/Plugins/Runtime/AppleImageUtils/AppleImageUtils.uplugin" 91
"../../../Engine/Plugins/Runtime/ArchVisCharacter/ArchVisCharacter.uplugin" 92
"../../../Engine/Plugins/Runtime/AppleMoviePlayer/AppleMoviePlayer.uplugin" 93
"../../../Engine/Plugins/Developer/PluginUtils/PluginUtils.uplugin" 94
"../../../Engine/Plugins/Developer/XCodeSourceCodeAccess/XCodeSourceCodeAccess.uplugin" 95
"../../../Engine/Plugins/Runtime/AssetTags/AssetTags.uplugin" 96
"../../../Engine/Plugins/Runtime/AudioCapture/AudioCapture.uplugin" 97
"../../../Engine/Plugins/Runtime/AudioMotorSim/AudioMotorSim.uplugin" 98
"../../../Engine/Plugins/Runtime/AudioModulation/AudioModulation.uplugin" 99
"../../../Engine/Plugins/Runtime/AudioWidgets/AudioWidgets.uplugin" 100
"../../../Engine/Plugins/Runtime/AudioSynesthesia/AudioSynesthesia.uplugin" 101
"../../../Engine/Plugins/Runtime/ChunkDownloader/ChunkDownloader.uplugin" 102
"../../../Engine/Plugins/Runtime/CustomMeshComponent/CustomMeshComponent.uplugin" 103
"../../../Engine/Plugins/Runtime/ComputeFramework/ComputeFramework.uplugin" 104
"../../../Engine/Plugins/Runtime/DataRegistry/DataRegistry.uplugin" 105
"../../../Engine/Plugins/Runtime/ExampleDeviceProfileSelector/ExampleDeviceProfileSelector.uplugin" 106
"../../../Engine/Plugins/Runtime/CommonUI/CommonUI.uplugin" 107
"../../../Engine/Plugins/Runtime/CableComponent/CableComponent.uplugin" 108
"../../../Engine/Plugins/Runtime/GameInput/GameInput.uplugin" 109
"../../../Engine/Plugins/Runtime/GameplayAbilities/GameplayAbilities.uplugin" 110
"../../../Engine/Plugins/Runtime/GameFeatures/GameFeatures.uplugin" 111
"../../../Engine/Plugins/Runtime/GameplayBehaviorSmartObjects/GameplayBehaviorSmartObjects.uplugin" 112
"../../../Engine/Plugins/Developer/TextureFormatOodle/TextureFormatOodle.uplugin" 113
"../../../Engine/Plugins/Runtime/GameplayStateTree/GameplayStateTree.uplugin" 114
"../../../Engine/Plugins/Runtime/GeometryCache/GeometryCache.uplugin" 115
"../../../Engine/Plugins/Runtime/GameplayInteractions/GameplayInteractions.uplugin" 116
"../../../Engine/Plugins/Runtime/GooglePAD/GooglePAD.uplugin" 117
"../../../Engine/Plugins/Runtime/GeometryScripting/GeometryScripting.uplugin" 118
"../../../Engine/Plugins/Runtime/ActorLayerUtilities/ActorLayerUtilities.uplugin" 119
"../../../Engine/Plugins/Runtime/GoogleCloudMessaging/GoogleCloudMessaging.uplugin" 120
"../../../Engine/Plugins/Runtime/HDRIBackdrop/HDRIBackdrop.uplugin" 121
"../../../Engine/Plugins/Runtime/Harmonix/Harmonix.uplugin" 122
"../../../Engine/Plugins/Runtime/GeoReferencing/GeoReferencing.uplugin" 123
"../../../Engine/Plugins/Runtime/GeometryProcessing/GeometryProcessing.uplugin" 124
"../../../Engine/Plugins/Runtime/HTTPChunkInstaller/HTTPChunkInstaller.uplugin" 125
"../../../Engine/Plugins/Runtime/IOSReplayKit/IOSReplayKit.uplugin" 126
"../../../Engine/Plugins/Developer/OneSkyLocalizationService/OneSkyLocalizationService.uplugin" 127
"../../../Engine/Plugins/Runtime/InstancedActors/InstancedActors.uplugin" 128
"../../../Engine/Plugins/Runtime/Firebase/Firebase.uplugin" 129
"../../../Engine/Plugins/Runtime/IOSDeviceProfileSelector/IOSDeviceProfileSelector.uplugin" 130
"../../../Engine/Plugins/Runtime/LinuxDeviceProfileSelector/LinuxDeviceProfileSelector.uplugin" 131
"../../../Engine/Plugins/Runtime/LiveLinkOvernDisplay/LiveLinkOverNDisplay.uplugin" 132
"../../../Engine/Plugins/Runtime/HairStrands/HairStrands.uplugin" 133
"../../../Engine/Plugins/Runtime/MassEntity/MassEntity.uplugin" 134
"../../../Engine/Plugins/Runtime/LocationServicesAndroidImpl/LocationServicesAndroidImpl.uplugin" 135
"../../../Engine/Plugins/Runtime/MassGameplay/MassGameplay.uplugin" 136
"../../../Engine/Plugins/Runtime/MeshModelingToolset/MeshModelingToolset.uplugin" 137
"../../../Engine/Plugins/Runtime/MicrosoftSpatialAudio/MicroSoftSpatialSound.uplugin" 138
"../../../Engine/Plugins/Runtime/LocationServicesBPLibrary/LocationServicesBPLibrary.uplugin" 139
"../../../Engine/Plugins/Runtime/MIDIDevice/MIDIDevice.uplugin" 140
"../../../Engine/Plugins/Runtime/Metasound/Metasound.uplugin" 141
"../../../Engine/Plugins/Runtime/MobilePatchingUtils/MobilePatchingUtils.uplugin" 142
"../../../Engine/Plugins/Runtime/ModelViewViewModel/ModelViewViewModel.uplugin" 143
"../../../Engine/Plugins/Runtime/NavCorridor/NavCorridor.uplugin" 144
"../../../Engine/Plugins/Runtime/InputDebugging/InputDebugging.uplugin" 145
"../../../Engine/Plugins/Runtime/MsQuic/MsQuic.uplugin" 146
"../../../Engine/Plugins/Runtime/nDisplayModularFeatures/nDisplayModularFeatures.uplugin" 147
"../../../Engine/Plugins/Runtime/NetworkPrediction/NetworkPrediction.uplugin" 148
"../../../Engine/Plugins/Runtime/MixedRealityCaptureFramework/MixedRealityCaptureFramework.uplugin" 149
"../../../Engine/Plugins/Runtime/OpenXR/OpenXR.uplugin" 150
"../../../Engine/Plugins/Runtime/NetworkPredictionExtras/NetworkPredictionExtras.uplugin" 151
"../../../Engine/Plugins/Runtime/OpenXREyeTracker/OpenXREyeTracker.uplugin" 152
"../../../Engine/Plugins/Runtime/OpenXRMsftHandInteraction/OpenXRMsftHandInteraction.uplugin" 153
"../../../Engine/Plugins/Runtime/NetworkPredictionInsights/NetworkPredictionInsights.uplugin" 154
"../../../Engine/Plugins/Runtime/LocationServicesIOSImpl/LocationServicesIOSImpl.uplugin" 155
"../../../Engine/Plugins/Runtime/OpenXRViveTracker/OpenXRViveTracker.uplugin" 156
"../../../Engine/Plugins/Runtime/ProceduralMeshComponent/ProceduralMeshComponent.uplugin" 157
"../../../Engine/Plugins/Runtime/PropertyAccess/PropertyAccessEditor.uplugin" 158
"../../../Engine/Plugins/Runtime/PreLoadScreenMoviePlayer/PreLoadScreenMoviePlayer.uplugin" 159
"../../../Engine/Plugins/Runtime/OSCModulationMixing/OSCModulationMixing.uplugin" 160
"../../../Engine/Plugins/Runtime/ModularGameplay/ModularGameplay.uplugin" 161
"../../../Engine/Plugins/Runtime/OptionalMobileFeaturesBPLibrary/OptionalMobileFeaturesBPLibrary.uplugin" 162
"../../../Engine/Plugins/Runtime/PropertyBindingUtils/PropertyBindingUtils.uplugin" 163
"../../../Engine/Plugins/Runtime/RenderTrace/RenderTrace.uplugin" 164
"../../../Engine/Plugins/Runtime/ResonanceAudio/ResonanceAudio.uplugin" 165
"../../../Engine/Plugins/Runtime/MobileFSR/MobileFSR.uplugin" 166
"../../../Engine/Plugins/Runtime/ReplicationGraph/ReplicationGraph.uplugin" 167
"../../../Engine/Plugins/Runtime/RigVM/RigVM.uplugin" 168
"../../../Engine/Plugins/Runtime/SmartObjects/SmartObjects.uplugin" 169
"../../../Engine/Plugins/Runtime/ReplicationSystemTestPlugin/ReplicationSystemTestPlugin.uplugin" 170
"../../../Engine/Plugins/Runtime/ScriptableToolsFramework/ScriptableToolsFramework.uplugin" 171
"../../../Engine/Plugins/Runtime/SkeletalMerging/SkeletalMerging.uplugin" 172
"../../../Engine/Plugins/Runtime/nDisplay/nDisplay.uplugin" 173
"../../../Engine/Plugins/Runtime/SoundCueTemplates/SoundCueTemplates.uplugin" 174
"../../../Engine/Plugins/Runtime/HPMotionController/HPMotionController.uplugin" 175
"../../../Engine/Plugins/Runtime/OSC/OSC.uplugin" 176
"../../../Engine/Plugins/Runtime/SoundFields/SoundFields.uplugin" 177
"../../../Engine/Plugins/Runtime/LevelStreamingPersistence/LevelStreamingPersistence.uplugin" 178
"../../../Engine/Plugins/Runtime/SoundMod/SoundMod.uplugin" 179
"../../../Engine/Plugins/Runtime/SignificanceManager/SignificanceManager.uplugin" 180
"../../../Engine/Plugins/Runtime/SunPosition/SunPosition.uplugin" 181
"../../../Engine/Plugins/Runtime/WarpUtils/WarpUtils.uplugin" 182
"../../../Engine/Plugins/Runtime/WaveTable/WaveTable.uplugin" 183
"../../../Engine/Plugins/Runtime/Synthesis/Synthesis.uplugin" 184
"../../../Engine/Plugins/Runtime/WebBrowserNativeProxy/WebBrowserNativeProxy.uplugin" 185
"../../../Engine/Plugins/Runtime/WebMMoviePlayer/WebMMoviePlayer.uplugin" 186
"../../../Engine/Plugins/Runtime/WindowsDeviceProfileSelector/WindowsDeviceProfileSelector.uplugin" 187
"../../../Engine/Plugins/Runtime/XRBase/XRBase.uplugin" 188
"../../../Engine/Plugins/Runtime/WebBrowserWidget/WebBrowserWidget.uplugin" 189
"../../../Engine/Plugins/Runtime/SoundUtilities/SoundUtilities.uplugin" 190
"../../../Engine/Plugins/Runtime/ZoneGraph/ZoneGraph.uplugin" 191
"../../../Engine/Plugins/Runtime/Soundscape/Soundscape.uplugin" 192
"../../../Engine/Plugins/Runtime/ZoneGraphAnnotations/ZoneGraphAnnotations.uplugin" 193
"../../../Engine/Plugins/Messaging/TcpMessaging/TcpMessaging.uplugin" 194
"../../../Engine/Plugins/Runtime/WorldConditions/WorldConditions.uplugin" 195
"../../../Engine/Plugins/Messaging/MessagingDebugger/MessagingDebugger.uplugin" 196
"../../../Engine/Plugins/Messaging/UdpMessaging/UdpMessaging.uplugin" 197
"../../../Engine/Plugins/Runtime/WindowsMoviePlayer/WindowsMoviePlayer.uplugin" 198
"../../../Engine/Plugins/Portal/LauncherChunkInstaller/LauncherChunkInstaller.uplugin" 199
"../../../Engine/Plugins/Enterprise/AxFImporter/AxFImporter.uplugin" 200
"../../../Engine/Plugins/Enterprise/DatasmithImporter/DatasmithImporter.uplugin" 201
"../../../Engine/Plugins/Enterprise/DatasmithCADImporter/DatasmithCADImporter.uplugin" 202
"../../../Engine/Plugins/Enterprise/DatasmithContent/DatasmithContent.uplugin" 203
"../../../Engine/Plugins/Runtime/Spatialization/Spatialization.uplugin" 204
"../../../Engine/Plugins/Enterprise/DatasmithFBXImporter/DatasmithFBXImporter.uplugin" 205
"../../../Engine/Plugins/Enterprise/LidarPointCloud/LidarPointCloud.uplugin" 206
"../../../Engine/Plugins/Enterprise/DataprepEditor/DataprepEditor.uplugin" 207
"../../../Engine/Plugins/Enterprise/GLTFExporter/GLTFExporter.uplugin" 208
"../../../Engine/Plugins/Compression/OodleNetwork/OodleNetwork.uplugin" 209
"../../../Engine/Plugins/Media/AjaMedia/AjaMedia.uplugin" 210
"../../../Engine/Plugins/Enterprise/VariantManager/VariantManager.uplugin" 211
"../../../Engine/Plugins/Runtime/OpenXRHandTracking/OpenXRHandTracking.uplugin" 212
"../../../Engine/Plugins/Media/AppleProResDecoderElectra/AppleProResDecoderElectra.uplugin" 213
"../../../Engine/Plugins/Media/AppleProResMedia/AppleProResMedia.uplugin" 214
"../../../Engine/Plugins/Media/AndroidCamera/AndroidCamera.uplugin" 215
"../../../Engine/Plugins/Media/AvfMedia/AvfMedia.uplugin" 216
"../../../Engine/Plugins/Media/AudioCaptureTimecodeProvider/AudioCaptureTimecodeProvider.uplugin" 217
"../../../Engine/Plugins/Enterprise/VariantManagerContent/VariantManagerContent.uplugin" 218
"../../../Engine/Plugins/Media/AndroidMedia/AndroidMedia.uplugin" 219
"../../../Engine/Plugins/Media/AvidDNxMedia/AvidDNxMedia.uplugin" 220
"../../../Engine/Plugins/Media/BinkMedia/BinkMedia.uplugin" 221
"../../../Engine/Plugins/Runtime/StateTree/StateTree.uplugin" 222
"../../../Engine/Plugins/Media/ElectraCodecs/ElectraCodecs.uplugin" 223
"../../../Engine/Plugins/Media/ElectraPlayer/ElectraPlayer.uplugin" 224
"../../../Engine/Plugins/Enterprise/MDLImporter/MDLImporter.uplugin" 225
"../../../Engine/Plugins/Media/ElectraCDM/ElectraCDM.uplugin" 226
"../../../Engine/Plugins/Enterprise/DatasmithC4DImporter/DatasmithC4DImporter.uplugin" 227
"../../../Engine/Plugins/Media/ElectraUtil/ElectraUtil.uplugin" 228
"../../../Engine/Plugins/Media/HAPDecoderElectra/HAPDecoderElectra.uplugin" 229
"../../../Engine/Plugins/Media/HardwareEncoders/HardwareEncoders.uplugin" 230
"../../../Engine/Plugins/Media/ImgMedia/ImgMedia.uplugin" 231
"../../../Engine/Plugins/Media/LinearTimecode/LinearTimecode.uplugin" 232
"../../../Engine/Plugins/Media/MediaIOFramework/MediaIOFramework.uplugin" 233
"../../../Engine/Plugins/Media/MediaCompositing/MediaCompositing.uplugin" 234
"../../../Engine/Plugins/Media/MediaPlate/MediaPlate.uplugin" 235
"../../../Engine/Plugins/Protocols/MQTT/MQTT.uplugin" 236
"../../../Engine/Plugins/Media/MediaPlayerEditor/MediaPlayerEditor.uplugin" 237
"../../../Engine/Plugins/Media/MediaMovieStreamer/MediaMovieStreamer.uplugin" 238
"../../../Engine/Plugins/Media/MediaFrameworkUtilities/MediaFrameworkUtilities.uplugin" 239
"../../../Engine/Plugins/Media/MfMedia/MfMedia.uplugin" 240
"../../../Engine/Plugins/Runtime/OpenCV/OpenCV.uplugin" 241
"../../../Engine/Plugins/Media/PixelCapture/PixelCapture.uplugin" 242
"../../../Engine/Plugins/Media/OpusDecoderElectra/OpusDecoderElectra.uplugin" 243
"../../../Engine/Plugins/Media/WebMMedia/WebMMedia.uplugin" 244
"../../../Engine/Plugins/Slate/SlateScripting/SlateScripting.uplugin" 245
"../../../Engine/Plugins/Media/HAPMedia/HAPMedia.uplugin" 246
"../../../Engine/Plugins/Media/TimecodeSynchronizer/TimecodeSynchronizer.uplugin" 247
"../../../Engine/Plugins/Media/WmfMedia/WmfMedia.uplugin" 248
"../../../Engine/Plugins/Media/ElectraSubtitles/ElectraSubtitles.uplugin" 249
"../../../Engine/Plugins/Media/VPxDecoderElectra/VPxDecoderElectra.uplugin" 250
"../../../Engine/Plugins/Editor/AssetManagerEditor/AssetManagerEditor.uplugin" 251
"../../../Engine/Plugins/Cameras/CameraShakePreviewer/CameraShakePreviewer.uplugin" 252
"../../../Engine/Plugins/Editor/AssetReferenceRestrictions/AssetReferenceRestrictions.uplugin" 253
"../../../Engine/Plugins/Editor/AssetRegistryExport/AssetRegistryExport.uplugin" 254
"../../../Engine/Plugins/Editor/AssetSearch/AssetSearch.uplugin" 255
"../../../Engine/Plugins/Editor/BlueprintHeaderView/BlueprintHeaderView.uplugin" 256
"../../../Engine/Plugins/Editor/BlueprintMaterialTextureNodes/BlueprintMaterialTextureNodes.uplugin" 257
"../../../Engine/Plugins/Editor/ChangelistReview/ChangelistReview.uplugin" 258
"../../../Engine/Plugins/Editor/CryptoKeys/CryptoKeys.uplugin" 259
"../../../Engine/Plugins/Editor/CurveEditorTools/CurveEditorTools.uplugin" 260
"../../../Engine/Plugins/Media/AvidDNxHDDecoderElectra/AvidDNxHDDecoderElectra.uplugin" 261
"../../../Engine/Plugins/Editor/DataValidation/DataValidation.uplugin" 262
"../../../Engine/Plugins/Slate/SlateInsights/SlateInsights.uplugin" 263
"../../../Engine/Plugins/Editor/EditorPerformanceModule/EditorPerformanceModule.uplugin" 264
"../../../Engine/Plugins/Editor/EditorScriptingUtilities/EditorScriptingUtilities.uplugin" 265
"../../../Engine/Plugins/Editor/EditorSysConfigAssistant/EditorSysConfigAssistant.uplugin" 266
"../../../Engine/Plugins/Editor/FacialAnimation/FacialAnimation.uplugin" 267
"../../../Engine/Plugins/Editor/ConsoleVariablesEditor/ConsoleVariables.uplugin" 268
"../../../Engine/Plugins/Media/BlackmagicMedia/BlackmagicMedia.uplugin" 269
"../../../Engine/Plugins/Editor/GeometryMode/GeometryMode.uplugin" 270
"../../../Engine/Plugins/Media/PixelStreaming/PixelStreaming.uplugin" 271
"../../../Engine/Plugins/Editor/GameplayTagsEditor/GameplayTagsEditor.uplugin" 272
"../../../Engine/Plugins/Editor/MacGraphicsSwitching/MacGraphicsSwitching.uplugin" 273
"../../../Engine/Plugins/Editor/GuidedTutorials/GuidedTutorials.uplugin" 274
"../../../Engine/Plugins/Editor/MakeCookedEditorAsDLC/MakeCookedEditorAsDLC.uplugin" 275
"../../../Engine/Plugins/Editor/EditorDebugTools/EditorDebugTools.uplugin" 276
"../../../Engine/Plugins/Editor/MaterialAnalyzer/MaterialAnalyzer.uplugin" 277
"../../../Engine/Plugins/Editor/MeshLODToolset/MeshLODToolset.uplugin" 278
"../../../Engine/Plugins/Editor/DisplayClusterLaunch/DisplayClusterLaunch.uplugin" 279
"../../../Engine/Plugins/Cameras/GameplayCameras/GameplayCameras.uplugin" 280
"../../../Engine/Plugins/Editor/ModelingToolsEditorMode/ModelingToolsEditorMode.uplugin" 281
"../../../Engine/Plugins/Editor/ProxyLODPlugin/ProxyLODPlugin.uplugin" 282
"../../../Engine/Plugins/Editor/SampleToolsEditorMode/SampleToolsEditorMode.uplugin" 283
"../../../Engine/Plugins/Editor/SequencerAnimTools/SequencerAnimTools.uplugin" 284
"../../../Engine/Plugins/Editor/StaticMeshEditorModeling/StaticMeshEditorModeling.uplugin" 285
"../../../Engine/Plugins/Editor/WaveformEditor/WaveformEditor.uplugin" 286
"../../../Engine/Plugins/Editor/WorldPartitionHLODUtilities/WorldPartitionHLODUtilities.uplugin" 287
"../../../Engine/Plugins/MovieScene/LevelSequenceEditor/LevelSequenceEditor.uplugin" 288
"../../../Engine/Plugins/Editor/PluginBrowser/PluginBrowser.uplugin" 289
"../../../Engine/Plugins/Editor/StylusInput/StylusInput.uplugin" 290
"../../../Engine/Plugins/MovieScene/CustomizableSequencerTracks/CustomizableSequencerTracks.uplugin" 291
"../../../Engine/Plugins/MovieScene/MoviePipelineMaskRenderPass/MoviePipelineMaskRenderPass.uplugin" 292
"../../../Engine/Plugins/MovieScene/MovieRenderPipeline/MovieRenderPipeline.uplugin" 293
"../../../Engine/Plugins/Editor/LiveUpdateForSlate/LiveUpdateForSlate.uplugin" 294
"../../../Engine/Plugins/MovieScene/ReplayTracks/ReplayTracks.uplugin" 295
"../../../Engine/Plugins/MovieScene/SequencerScripting/SequencerScripting.uplugin" 296
"../../../Engine/Plugins/Tests/AutomationDriverTests/AutomationDriverTests.uplugin" 297
"../../../Engine/Plugins/MovieScene/TemplateSequence/TemplateSequence.uplugin" 298
"../../../Engine/Plugins/MovieScene/ActorSequence/ActorSequence.uplugin" 299
"../../../Engine/Plugins/Tests/EditorTests/EditorTests.uplugin" 300
"../../../Engine/Plugins/Tests/CQTest/CQTest.uplugin" 301
"../../../Engine/Plugins/Tests/FbxAutomationTestBuilder/FbxAutomationTestBuilder.uplugin" 302
"../../../Engine/Plugins/Tests/FunctionalTestingEditor/FunctionalTestingEditor.uplugin" 303
"../../../Engine/Plugins/Editor/UVEditor/UVEditor.uplugin" 304
"../../../Engine/Plugins/Tests/InterchangeTests/InterchangeTests.uplugin" 305
"../../../Engine/Plugins/Editor/SpeedTreeImporter/SpeedTreeImporter.uplugin" 306
"../../../Engine/Plugins/Tests/RHITests/RHITests.uplugin" 307
"../../../Engine/Plugins/Tests/RuntimeTests/RuntimeTests.uplugin" 308
"../../../Engine/Plugins/Tests/PythonAutomationTest/PythonAutomationTest.uplugin" 309
"../../../Engine/Plugins/Tests/TestSamples/TestSamples.uplugin" 310
"../../../Engine/Plugins/Tests/TestFramework/TestFramework.uplugin" 311
"../../../Engine/Plugins/Compositing/LensDistortion/LensDistortion.uplugin" 312
"../../../Engine/Plugins/Experimental/ActorPalette/ActorPalette.uplugin" 313
"../../../Engine/Plugins/Experimental/ActorModifierCore/ActorModifierCore.uplugin" 314
"../../../Engine/Plugins/Compositing/OpenColorIO/OpenColorIO.uplugin" 315
"../../../Engine/Plugins/Experimental/AdvancedRenamer/AdvancedRenamer.uplugin" 316
"../../../Engine/Plugins/Experimental/AnimNext/AnimNext.uplugin" 317
"../../../Engine/Plugins/Experimental/AnimToTexture/AnimToTexture.uplugin" 318
"../../../Engine/Plugins/Experimental/AutomationUtils/AutomationUtils.uplugin" 319
"../../../Engine/Plugins/Editor/EngineAssetDefinitions/EngineAssetDefinitions.uplugin" 320
"../../../Engine/Plugins/Experimental/BackChannel/BackChannel.uplugin" 321
"../../../Engine/Plugins/Editor/ScriptableToolsEditorMode/ScriptableToolsEditorMode.uplugin" 322
"../../../Engine/Plugins/Editor/MobileLauncherProfileWizard/MobileLauncherProfileWizard.uplugin" 323
"../../../Engine/Plugins/Experimental/AppleVision/AppleVision.uplugin" 324
"../../../Engine/Plugins/Experimental/Buoyancy/Buoyancy.uplugin" 325
"../../../Engine/Plugins/Experimental/BlueprintSnapNodes/BlueprintSnapNodes.uplugin" 326
"../../../Engine/Plugins/Experimental/ChaosCachingUSD/ChaosCachingUSD.uplugin" 327
"../../../Engine/Plugins/Experimental/ChaosClothEditor/ChaosClothEditor.uplugin" 328
"../../../Engine/Plugins/Experimental/ChaosEditor/ChaosEditor.uplugin" 329
"../../../Engine/Plugins/Experimental/ChaosCaching/ChaosCaching.uplugin" 330
"../../../Engine/Plugins/Experimental/ChaosFlesh/ChaosFlesh.uplugin" 331
"../../../Engine/Plugins/Experimental/ChaosModularVehicle/ChaosModularVehicle.uplugin" 332
"../../../Engine/Plugins/Tests/WidgetAutomationTests/WidgetAutomationTests.uplugin" 333
"../../../Engine/Plugins/Experimental/ChaosSolverPlugin/ChaosSolverPlugin.uplugin" 334
"../../../Engine/Plugins/Experimental/ChaosNiagara/ChaosNiagara.uplugin" 335
"../../../Engine/Plugins/Experimental/ChaosVehiclesPlugin/ChaosVehiclesPlugin.uplugin" 336
"../../../Engine/Plugins/Experimental/Chooser/Chooser.uplugin" 337
"../../../Engine/Plugins/Experimental/CharacterAI/CharacterAI.uplugin" 338
"../../../Engine/Plugins/Experimental/BlueprintStats/BlueprintStats.uplugin" 339
"../../../Engine/Plugins/Experimental/ClonerEffector/ClonerEffector.uplugin" 340
"../../../Engine/Plugins/Experimental/CodeView/CodeView.uplugin" 341
"../../../Engine/Plugins/Experimental/CineCameraSceneCapture/CineCameraSceneCapture.uplugin" 342
"../../../Engine/Plugins/Experimental/ColorCorrectRegions/ColorCorrectRegions.uplugin" 343
"../../../Engine/Plugins/Compositing/Composure/Composure.uplugin" 344
"../../../Engine/Plugins/Experimental/CommonConversation/CommonConversation.uplugin" 345
"../../../Engine/Plugins/Experimental/ControlFlows/ControlFlows.uplugin" 346
"../../../Engine/Plugins/Experimental/CustomDetailsView/CustomDetailsView.uplugin" 347
"../../../Engine/Plugins/Experimental/CodeEditor/CodeEditor.uplugin" 348
"../../../Engine/Plugins/Experimental/Dataflow/Dataflow.uplugin" 349
"../../../Engine/Plugins/Experimental/Avalanche/Avalanche.uplugin" 350
"../../../Engine/Plugins/Experimental/DatasmithCloTranslator/DatasmithCloTranslator.uplugin" 351
"../../../Engine/Plugins/Experimental/DynamicMaterial/DynamicMaterial.uplugin" 352
"../../../Engine/Plugins/Experimental/FieldSystemPlugin/FieldSystemPlugin.uplugin" 353
"../../../Engine/Plugins/Experimental/DefaultInstallBundleManager/DefaultInstallBundleManager.uplugin" 354
"../../../Engine/Plugins/MovieScene/MovieSceneTextTrack/MovieSceneTextTrack.uplugin" 355
"../../../Engine/Plugins/Experimental/AbilitySystemGameFeatureActions/AbilitySystemGameFeatureActions.uplugin" 356
"../../../Engine/Plugins/Experimental/CineCameraRigs/CineCameraRigs.uplugin" 357
"../../../Engine/Plugins/Experimental/FloatingProperties/FloatingProperties.uplugin" 358
"../../../Engine/Plugins/Experimental/GameplayBehaviors/GameplayBehaviors.uplugin" 359
"../../../Engine/Plugins/Experimental/CinematicPrestreaming/CinematicPrestreaming.uplugin" 360
"../../../Engine/Plugins/Experimental/GameplayTargetingSystem/TargetingSystem.uplugin" 361
"../../../Engine/Plugins/Experimental/GameInputWindows/GameInputWindows.uplugin" 362
"../../../Engine/Plugins/Experimental/GameplayGraph/GameplayGraph.uplugin" 363
"../../../Engine/Plugins/Experimental/Fracture/Fracture.uplugin" 364
"../../../Engine/Plugins/Experimental/GeometryCacheAbcFile/GeometryCacheAbcFile.uplugin" 365
"../../../Engine/Plugins/Experimental/GeometryCollectionPlugin/GeometryCollectionPlugin.uplugin" 366
"../../../Engine/Plugins/Experimental/GeometryFlow/GeometryFlow.uplugin" 367
"../../../Engine/Plugins/Experimental/GeometryMask/GeometryMask.uplugin" 368
"../../../Engine/Plugins/Experimental/GizmoEdMode/GizmoEdMode.uplugin" 369
"../../../Engine/Plugins/Experimental/GizmoFramework/GizmoFramework.uplugin" 370
"../../../Engine/Plugins/Experimental/GPULightmass/GPULightmass.uplugin" 371
"../../../Engine/Plugins/Experimental/Gauntlet/Gauntlet.uplugin" 372
"../../../Engine/Plugins/Experimental/ImagePlate/ImagePlate.uplugin" 373
"../../../Engine/Plugins/Experimental/ImpostorBaker/ImpostorBaker.uplugin" 374
"../../../Engine/Plugins/Experimental/InstanceDataObjectFixupTool/InstanceDataObjectFixupTool.uplugin" 375
"../../../Engine/Plugins/Experimental/Iris/Iris.uplugin" 376
"../../../Engine/Plugins/Experimental/JWT/JWT.uplugin" 377
"../../../Engine/Plugins/Experimental/Landmass/Landmass.uplugin" 378
"../../../Engine/Plugins/Experimental/HairCardGenerator/HairCardGenerator.uplugin" 379
"../../../Engine/Plugins/Experimental/LandscapePatch/LandscapePatch.uplugin" 380
"../../../Engine/Plugins/Experimental/LearningAgents/LearningAgents.uplugin" 381
"../../../Engine/Plugins/Experimental/LiveLinkControlRig/LiveLinkControlRig.uplugin" 382
"../../../Engine/Plugins/Experimental/ChaosUserDataPT/ChaosUserDataPT.uplugin" 383
"../../../Engine/Plugins/Experimental/LiveLinkFaceImporter/LiveLinkFaceImporter.uplugin" 384
"../../../Engine/Plugins/Experimental/MeshModelingToolsetExp/MeshModelingToolsetExp.uplugin" 385
"../../../Engine/Plugins/Performance/PerformanceMonitor/PerformanceMonitor.uplugin" 386
"../../../Engine/Plugins/Experimental/LocalizableMessage/LocalizableMessage.uplugin" 387
"../../../Engine/Plugins/Experimental/MotoSynth/MotoSynth.uplugin" 388
"../../../Engine/Plugins/Compositing/OpenCVLensDistortion/OpenCVLensDistortion.uplugin" 389
"../../../Engine/Plugins/Experimental/NeuralRendering/NeuralRendering.uplugin" 390
"../../../Engine/Plugins/Experimental/Mover/Mover.uplugin" 391
"../../../Engine/Plugins/Experimental/NaniteDisplacedMesh/NaniteDisplacedMesh.uplugin" 392
"../../../Engine/Plugins/Experimental/MotorSimOutputMotoSynth/MotorSimOutputMotoSynth.uplugin" 393
"../../../Engine/Plugins/Experimental/MoverExamples/MoverExamples.uplugin" 394
"../../../Engine/Plugins/Experimental/NNERuntimeBasicCpu/NNERuntimeBasicCpu.uplugin" 395
"../../../Engine/Plugins/Experimental/NNERuntimeIREE/NNERuntimeIREE.uplugin" 396
"../../../Engine/Plugins/Experimental/NNERuntimeRDG/NNERuntimeRDG.uplugin" 397
"../../../Engine/Plugins/Experimental/OpenImageDenoise/OpenImageDenoise.uplugin" 398
"../../../Engine/Plugins/Experimental/OptiXDenoise/OptiXDenoise.uplugin" 399
"../../../Engine/Plugins/Experimental/PanoramicCapture/PanoramicCapture.uplugin" 400
"../../../Engine/Plugins/Experimental/PCGBiomeSample/PCGBiomeSample.uplugin" 401
"../../../Engine/Plugins/Experimental/HairModelingToolset/HairModelingToolset.uplugin" 402
"../../../Engine/Plugins/Experimental/PCGWaterInterop/PCGWaterInterop.uplugin" 403
"../../../Engine/Plugins/Experimental/PhysicsControl/PhysicsControl.uplugin" 404
"../../../Engine/Plugins/Experimental/PlanarCutPlugin/PlanarCut.uplugin" 405
"../../../Engine/Plugins/Experimental/PixelStreamingPlayer/PixelStreamingPlayer.uplugin" 406
"../../../Engine/Plugins/Experimental/PlatformCrypto/PlatformCrypto.uplugin" 407
"../../../Engine/Plugins/Experimental/PluginTemplateTool/PluginTemplateTool.uplugin" 408
"../../../Engine/Plugins/Experimental/PluginAudit/PluginAudit.uplugin" 409
"../../../Engine/Plugins/Experimental/FullBodyIK/FullBodyIK.uplugin" 410
"../../../Engine/Plugins/Experimental/PropertyAnimator/PropertyAnimator.uplugin" 411
"../../../Engine/Plugins/Experimental/PostProcessMaterialChainGraph/PostProcessMaterialChainGraph.uplugin" 412
"../../../Engine/Plugins/Experimental/PropertyAnimatorCore/PropertyAnimatorCore.uplugin" 413
"../../../Engine/Plugins/Experimental/NNEDenoiser/NNEDenoiser.uplugin" 414
"../../../Engine/Plugins/Experimental/PythonScriptPlugin/PythonScriptPlugin.uplugin" 415
"../../../Engine/Plugins/Experimental/OperatorStack/OperatorStack.uplugin" 416
"../../../Engine/Plugins/Experimental/QuicMessaging/QuicMessaging.uplugin" 417
"../../../Engine/Plugins/Experimental/PythonFoundationPackages/PythonFoundationPackages.uplugin" 418
"../../../Engine/Plugins/Experimental/RemoteControlComponents/RemoteControlComponents.uplugin" 419
"../../../Engine/Plugins/Experimental/ScreenReader/ScreenReader.uplugin" 420
"../../../Engine/Plugins/Experimental/RenderGrid/RenderGrid.uplugin" 421
"../../../Engine/Plugins/Experimental/RemoteSession/RemoteSession.uplugin" 422
"../../../Engine/Plugins/Experimental/SecuritySandbox/SecuritySandbox.uplugin" 423
"../../../Engine/Plugins/Experimental/Shotgrid/Shotgrid.uplugin" 424
"../../../Engine/Plugins/Experimental/SerializationUtils/SerializationUtils.uplugin" 425
"../../../Engine/Plugins/Experimental/SimpleHMD/SimpleHMD.uplugin" 426
"../../../Engine/Plugins/Experimental/SkeletalReduction/SkeletalReduction.uplugin" 427
"../../../Engine/Plugins/Experimental/SlateScreenReader/SlateScreenReader.uplugin" 428
"../../../Engine/Plugins/Experimental/SlateModelViewViewModel/SlateModelViewViewModel.uplugin" 429
"../../../Engine/Plugins/Experimental/StateGraph/StateGraph.uplugin" 430
"../../../Engine/Plugins/Experimental/StormSync/StormSync.uplugin" 431
"../../../Engine/Plugins/Experimental/SurfaceEffects/SurfaceEffects.uplugin" 432
"../../../Engine/Plugins/Experimental/StormSyncAvalancheBridge/StormSyncAvalancheBridge.uplugin" 433
"../../../Engine/Plugins/Experimental/StudioTelemetry/StudioTelemetry.uplugin" 434
"../../../Engine/Plugins/Experimental/SVGImporter/SVGImporter.uplugin" 435
"../../../Engine/Plugins/Experimental/Text3D/Text3D.uplugin" 436
"../../../Engine/Plugins/Experimental/TargetDeviceServicesScripting/TargetDeviceServicesScripting.uplugin" 437
"../../../Engine/Plugins/Experimental/TetMeshing/TetMeshing.uplugin" 438
"../../../Engine/Plugins/Experimental/TextToSpeech/TextToSpeech.uplugin" 439
"../../../Engine/Plugins/Experimental/TextureGraph/TextureGraph.uplugin" 440
"../../../Engine/Plugins/Experimental/ToolPresets/ToolPresets.uplugin" 441
"../../../Engine/Plugins/Experimental/TextureMediaPlayer/TextureMediaPlayer.uplugin" 442
"../../../Engine/Plugins/Experimental/VirtualHeightfieldMesh/VirtualHeightfieldMesh.uplugin" 443
"../../../Engine/Plugins/Experimental/UserToolBoxBasicCommand/UserToolBoxBasicCommand.uplugin" 444
"../../../Engine/Plugins/Experimental/VirtualProductionUtilities/VirtualProductionUtilities.uplugin" 445
"../../../Engine/Plugins/Experimental/VirtualScouting/VirtualScouting.uplugin" 446
"../../../Engine/Plugins/Experimental/Water/Water.uplugin" 447
"../../../Engine/Plugins/Experimental/Volumetrics/Volumetrics.uplugin" 448
"../../../Engine/Plugins/Experimental/TypedElementsDataStorage/TypedElementsDataStorage.uplugin" 449
"../../../Engine/Plugins/Experimental/WaterExtras/WaterExtras.uplugin" 450
"../../../Engine/Plugins/Experimental/WebSocketMessaging/WebSocketMessaging.uplugin" 451
"../../../Engine/Plugins/Experimental/WebSocketNetworking/WebSocketNetworking.uplugin" 452
"../../../Engine/Plugins/Experimental/UIFramework/UIFramework.uplugin" 453
"../../../Engine/Plugins/Experimental/WidgetEditorToolPalette/WidgetEditorToolPalette.uplugin" 454
"../../../Engine/Plugins/Experimental/XRCreativeFramework/XRCreativeFramework.uplugin" 455
"../../../Engine/Plugins/Importers/AlembicHairImporter/AlembicHairImporter.uplugin" 456
"../../../Engine/Plugins/Experimental/WaveFunctionCollapse/WaveFunctionCollapse.uplugin" 457
"../../../Engine/Plugins/Experimental/PCGBiomeCore/PCGBiomeCore.uplugin" 458
"../../../Engine/Plugins/Importers/AlembicImporter/AlembicImporter.uplugin" 459
"../../../Engine/Plugins/Experimental/TypedElementDataStorageEditorUI/TypedElementDataStorageEditorUI.uplugin" 460
"../../../Engine/Plugins/Importers/USDMultiUser/USDMultiUser.uplugin" 461
"../../../Engine/Plugins/Interchange/Runtime/Interchange.uplugin" 462
"../../../Engine/Plugins/Web/HttpBlueprint/HttpBlueprint.uplugin" 463
"../../../Engine/Plugins/Experimental/MoverTests/MoverTests.uplugin" 464
"../../../Engine/Plugins/Experimental/StructUtils/StructUtils.uplugin" 465
"../../../Engine/Plugins/Experimental/PluginReferenceViewer/PluginReferenceViewer.uplugin" 466
"../../../Engine/Plugins/Online/EOSOverlayInputProvider/EOSOverlayInputProvider.uplugin" 467
"../../../Engine/Plugins/Online/EOSShared/EOSShared.uplugin" 468
"../../../Engine/Plugins/Online/OnlineBase/OnlineBase.uplugin" 469
"../../../Engine/Plugins/Experimental/Mutable/Mutable.uplugin" 470
"../../../Engine/Plugins/Online/OnlineServices/OnlineServices.uplugin" 471
"../../../Engine/Plugins/Online/OnlineServicesEOSGS/OnlineServicesEOSGS.uplugin" 472
"../../../Engine/Plugins/Online/OnlineServicesNull/OnlineServicesNull.uplugin" 473
"../../../Engine/Plugins/Online/OnlineServicesOSSAdapter/OnlineServicesOSSAdapter.uplugin" 474
"../../../Engine/Plugins/Online/OnlineSubsystem/OnlineSubsystem.uplugin" 475
"../../../Engine/Plugins/Online/OnlineSubsystemEOS/OnlineSubsystemEOS.uplugin" 476
"../../../Engine/Plugins/Online/OnlineFramework/OnlineFramework.uplugin" 477
"../../../Engine/Plugins/Online/OnlineSubsystemAmazon/OnlineSubsystemAmazon.uplugin" 478
"../../../Engine/Plugins/Online/OnlineSubsystemFacebook/OnlineSubsystemFacebook.uplugin" 479
"../../../Engine/Plugins/Online/OnlineSubsystemNull/OnlineSubsystemNull.uplugin" 480
"../../../Engine/Plugins/Interchange/Editor/InterchangeEditor.uplugin" 481
"../../../Engine/Plugins/Experimental/UserToolBoxCore/UserToolBoxCore.uplugin" 482
"../../../Engine/Plugins/Online/SocketSubsystemEOS/SocketSubsystemEOS.uplugin" 483
"../../../Engine/Plugins/Online/OnlineSubsystemOculus/OnlineSubsystemOculus.uplugin" 484
"../../../Engine/Plugins/2D/Paper2D/Paper2D.uplugin" 485
"../../../Engine/Plugins/Online/WebAuth/WebAuth.uplugin" 486
"../../../Engine/Plugins/Online/OnlineSubsystemUtils/OnlineSubsystemUtils.uplugin" 487
"../../../Engine/Plugins/NetcodeUnitTest/NetcodeUnitTest/NetcodeUnitTest.uplugin" 488
"../../../Engine/Plugins/VirtualProduction/CameraCalibrationCore/CameraCalibrationCore.uplugin" 489
"../../../Engine/Plugins/NetcodeUnitTest/NUTUnrealEngine/NUTUnrealEngine.uplugin" 490
"../../../Engine/Plugins/VirtualProduction/CameraCalibration/CameraCalibration.uplugin" 491
"../../../Engine/Plugins/Online/OnlineSubsystemApple/OnlineSubsystemApple.uplugin" 492
"../../../Engine/Plugins/VirtualProduction/CompositePlane/CompositePlane.uplugin" 493
"../../../Engine/Plugins/Online/OnlineSubsystemSteam/OnlineSubsystemSteam.uplugin" 494
"../../../Engine/Plugins/VirtualProduction/ICVFX/ICVFX.uplugin" 495
"../../../Engine/Plugins/VirtualProduction/DataCharts/DataCharts.uplugin" 496
"../../../Engine/Plugins/VirtualProduction/LiveLinkFreeD/LiveLinkFreeD.uplugin" 497
"../../../Engine/Plugins/VirtualProduction/LiveLinkInputDevice/LiveLinkInputDevice.uplugin" 498
"../../../Engine/Plugins/VirtualProduction/LiveLinkPrestonMDR/LiveLinkPrestonMDR.uplugin" 499
"../../../Engine/Plugins/VirtualProduction/LevelSnapshots/LevelSnapshots.uplugin" 500
"../../../Engine/Plugins/VirtualProduction/LiveLinkLens/LiveLinkLens.uplugin" 501
"../../../Engine/Plugins/Importers/USDImporter/USDImporter.uplugin" 502
"../../../Engine/Plugins/VirtualProduction/LiveLinkXR/LiveLinkXR.uplugin" 503
"../../../Engine/Plugins/VirtualProduction/LiveLinkCamera/LiveLinkCamera.uplugin" 504
"../../../Engine/Plugins/Online/OnlineSubsystemTencent/OnlineSubsystemTencent.uplugin" 505
"../../../Engine/Plugins/VirtualProduction/MultiUserTakes/MultiUserTakes.uplugin" 506
"../../../Engine/Plugins/VirtualProduction/RemoteControlInterception/RemoteControlInterception.uplugin" 507
"../../../Engine/Plugins/Online/OnlineServicesEOS/OnlineServicesEOS.uplugin" 508
"../../../Engine/Plugins/VirtualProduction/RemoteControlProtocolDMX/RemoteControlProtocolDMX.uplugin" 509
"../../../Engine/Plugins/VirtualProduction/RemoteControl/RemoteControl.uplugin" 510
"../../../Engine/Plugins/VirtualProduction/RemoteControlWebInterface/RemoteControlWebInterface.uplugin" 511
"../../../Engine/Plugins/VirtualProduction/RemoteControlProtocolMIDI/RemoteControlProtocolMIDI.uplugin" 512
"../../../Engine/Plugins/VirtualProduction/LiveLinkMasterLockit/LiveLinkMasterLockit.uplugin" 513
"../../../Engine/Plugins/VirtualProduction/Switchboard/Switchboard.uplugin" 514
"../../../Engine/Plugins/VirtualProduction/Takes/Takes.uplugin" 515
"../../../Engine/Plugins/VirtualProduction/LiveLinkVRPN/LiveLinkVRPN.uplugin" 516
"../../../Engine/Plugins/VirtualProduction/RemoteControlProtocolOSC/RemoteControlProtocolOSC.uplugin" 517
"../../../Engine/Plugins/VirtualProduction/StageMonitoring/StageMonitoring.uplugin" 518
"../../../Engine/Plugins/VirtualProduction/LensComponent/LensComponent.uplugin" 519
"../../../Engine/Plugins/VirtualProduction/TextureShare/TextureShare.uplugin" 520
"../../../Engine/Plugins/VirtualProduction/EpicStageApp/EpicStageApp.uplugin" 521
"../../../Engine/Plugins/Experimental/RawInput/RawInput.uplugin" 522
"../../../Engine/Plugins/VirtualProduction/VirtualCameraCore/VirtualCameraCore.uplugin" 523
"../../../Engine/Plugins/Online/OnlineSubsystemGoogle/OnlineSubsystemGoogle.uplugin" 524
"../../../Engine/Plugins/VirtualProduction/VirtualCamera/VirtualCamera.uplugin" 525
"../../../Engine/Plugins/Runtime/Database/ADOSupport/ADOSupport.uplugin" 526
"../../../Engine/Plugins/Runtime/Database/DatabaseSupport/DatabaseSupport.uplugin" 527
"../../../Engine/Plugins/Runtime/Database/RemoteDatabaseSupport/RemoteDatabaseSupport.uplugin" 528
"../../../Engine/Plugins/Runtime/Database/SQLiteCore/SQLiteCore.uplugin" 529
"../../../Engine/Plugins/Runtime/Database/SQLiteSupport/SQLiteSupport.uplugin" 530
"../../../Engine/Plugins/Runtime/Steam/SteamAudio/SteamAudio.uplugin" 531
"../../../Engine/Plugins/Runtime/Steam/SteamShared/SteamShared.uplugin" 532
"../../../Engine/Plugins/VirtualProduction/TimedDataMonitor/TimedDataMonitor.uplugin" 533
"../../../Engine/Plugins/Runtime/Steam/SteamController/SteamController.uplugin" 534
"../../../Engine/Plugins/Experimental/CharacterFXEditor/BaseCharacterFXEditor/BaseCharacterFXEditor.uplugin" 535
"../../../Engine/Plugins/Runtime/XR/XRScribe/XRScribe.uplugin" 536
"../../../Engine/Plugins/Runtime/Steam/SteamSockets/SteamSockets.uplugin" 537
"../../../Engine/Plugins/Experimental/Animation/Optimus/Optimus.uplugin" 538
"../../../Engine/Plugins/Runtime/XR/XRVisualization/XRVisualization.uplugin" 539
"../../../Engine/Plugins/Experimental/CharacterFXEditor/ExampleCharacterFXEditor/ExampleCharacterFXEditor.uplugin" 540
"../../../Engine/Plugins/Experimental/Animation/SkeletalMeshModelingTools/SkeletalMeshModelingTools.uplugin" 541
"../../../Engine/Plugins/Experimental/Animation/MotionTrajectory/MotionTrajectory.uplugin" 542
"../../../Engine/Plugins/Experimental/VirtualProduction/VPRoles/VPRoles.uplugin" 543
"../../../Engine/Plugins/Experimental/VirtualProduction/VPSettings/VPSettings.uplugin" 544
"../../../Engine/Plugins/Experimental/Animation/CurveExpression/CurveExpression.uplugin" 545
"../../../Engine/Plugins/Experimental/Animation/ContextualAnimation/ContextualAnimation.uplugin" 546
"../../../Engine/Plugins/VirtualProduction/DMX/DatasmithMVR/DatasmithMVR.uplugin" 547
"../../../Engine/Plugins/Online/Android/AndroidFetchBackgroundDownload/AndroidFetchBackgroundDownload.uplugin" 548
"../../../Engine/Plugins/VirtualProduction/DMX/DMXDisplayCluster/DMXDisplayCluster.uplugin" 549
"../../../Engine/Plugins/VirtualProduction/DMX/DMXControlConsole/DMXControlConsole.uplugin" 550
"../../../Engine/Plugins/Online/Android/OnlineSubsystemGooglePlay/OnlineSubsystemGooglePlay.uplugin" 551
"../../../Engine/Plugins/VirtualProduction/DMX/DMXEngine/DMXEngine.uplugin" 552
"../../../Engine/Plugins/VirtualProduction/DMX/DMXFixtures/DMXFixtures.uplugin" 553
"../../../Engine/Plugins/VirtualProduction/DMX/DMXModularFeatures/DMXModularFeatures.uplugin" 554
"../../../Engine/Plugins/VirtualProduction/DMX/DMXPixelMapping/DMXPixelMapping.uplugin" 555
"../../../Engine/Plugins/VirtualProduction/DMX/DMXProtocol/DMXProtocol.uplugin" 556
"../../../Engine/Plugins/Runtime/AR/ARUtilities/ARUtilities.uplugin" 557
"../../../Engine/Plugins/Runtime/AR/AzureSpatialAnchors/AzureSpatialAnchors.uplugin" 558
"../../../Engine/Plugins/Runtime/AR/AzureSpatialAnchorsForARCore/AzureSpatialAnchorsForARCore.uplugin" 559
"../../../Engine/Plugins/Runtime/AR/AzureSpatialAnchorsForARKit/AzureSpatialAnchorsForARKit.uplugin" 560
"../../../Engine/Plugins/Editor/ObjectMixer/LightMixer/LightMixer.uplugin" 561
"../../../Engine/Plugins/Experimental/AVCodecs/AMFCodecs/AMFCodecs.uplugin" 562
"../../../Engine/Plugins/Editor/ObjectMixer/ObjectMixer/ObjectMixer.uplugin" 563
"../../../Engine/Plugins/Experimental/AVCodecs/NVCodecs/NVCodecs.uplugin" 564
"../../../Engine/Plugins/Experimental/AVCodecs/AVCodecsCore/AVCodecsCore.uplugin" 565
"../../../Engine/Plugins/Experimental/AVCodecs/WMFCodecs/WMFCodecs.uplugin" 566
"../../../Engine/Plugins/Experimental/Web/WebAPI/WebAPI.uplugin" 567
"../../../Engine/Plugins/Experimental/AVCodecs/VTCodecs/VTCodecs.uplugin" 568
"../../../Engine/Plugins/Online/IOS/OnlineSubsystemIOS/OnlineSubsystemIOS.uplugin" 569
"../../../Engine/Plugins/Runtime/Nvidia/GeForceNOWWrapper/GeForceNOWWrapper.uplugin" 570
"../../../Engine/Plugins/Runtime/Nvidia/Reflex/Reflex.uplugin" 571
"../../../Engine/Plugins/VirtualProduction/Rivermax/RivermaxCore/RivermaxCore.uplugin" 572
"../../../Engine/Plugins/VirtualProduction/Rivermax/RivermaxSync/RivermaxSync.uplugin" 573
"../../../Engine/Plugins/Animation/MLDeformer/ChaosClothGenerator/ChaosClothGenerator.uplugin" 574
"../../../Engine/Plugins/VirtualProduction/Rivermax/RivermaxMedia/RivermaxMedia.uplugin" 575
"../../../Engine/Plugins/Animation/MLDeformer/NearestNeighborModel/NearestNeighborModel.uplugin" 576
"../../../Engine/Plugins/VirtualProduction/SequencerPlaylists/SequencerPlaylists.uplugin" 577
"../../../Engine/Plugins/Animation/MLDeformer/NeuralMorphModel/NeuralMorphModel.uplugin" 578
"../../../Engine/Plugins/Runtime/Advertising/IOSTapJoy/IOSTapJoy.uplugin" 579
"../../../Engine/Plugins/Runtime/Windows/WinDualShock/WinDualShock.uplugin" 580
"../../../Engine/Plugins/Animation/MLDeformer/VertexDeltaModel/VertexDeltaModel.uplugin" 581
"../../../Engine/Plugins/Runtime/MeshReconstruction/DummyMeshReconstructor/DummyMeshReconstructor.uplugin" 582
"../../../Engine/Plugins/Runtime/PacketHandlers/AESHandlerComponent/AESHandlerComponent.uplugin" 583
"../../../Engine/Plugins/Runtime/PacketHandlers/DTLSHandlerComponent/DTLSHandlerComponent.uplugin" 584
"../../../Engine/Plugins/Runtime/PacketHandlers/AESGCMHandlerComponent/AESGCMHandlerComponent.uplugin" 585
"../../../Engine/Plugins/Editor/ContentBrowser/ContentBrowserAssetDataSource/ContentBrowserAssetDataSource.uplugin" 586
"../../../Engine/Plugins/Editor/ContentBrowser/ContentBrowserClassDataSource/ContentBrowserClassDataSource.uplugin" 587
"../../../Engine/Plugins/Animation/MLDeformer/MLDeformerFramework/MLDeformerFramework.uplugin" 588
"../../../Engine/Plugins/Editor/Localization/PortableObjectFileDataSource/PortableObjectFileDataSource.uplugin" 589
"../../../Engine/Plugins/Experimental/Enterprise/DatasmithRuntime/DatasmithRuntime.uplugin" 590
"../../../Engine/Plugins/Experimental/Enterprise/DatasmithInterchange/DatasmithInterchange.uplugin" 591
"../../../Engine/Plugins/Online/VoiceChat/VoiceChat/VoiceChat.uplugin" 592
"../../../Engine/Plugins/Editor/ContentBrowser/ContentBrowserFileDataSource/ContentBrowserFileDataSource.uplugin" 593
"../../../Engine/Plugins/VirtualProduction/ICVFXTesting/ICVFXTesting.uplugin" 594
"../../../Engine/Plugins/Runtime/Analytics/AnalyticsBlueprintLibrary/AnalyticsBlueprintLibrary.uplugin" 595
"../../../Engine/Plugins/Runtime/Analytics/AnalyticsMulticast/AnalyticsMulticast.uplugin" 596
"../../../Engine/Plugins/Editor/ContentBrowser/ContentBrowserAliasDataSoure/ContentBrowserAliasDataSource.uplugin" 597
"../../../Engine/Plugins/Online/VoiceChat/EOSVoiceChat/EOSVoiceChat.uplugin" 598
"../../../Engine/Plugins/Runtime/Windows/XInputDevice/XInputDevice.uplugin" 599
"../../../Engine/Plugins/Runtime/Analytics/FileLogging/FileLogging.uplugin" 600
"../../../Engine/Plugins/Runtime/Analytics/Flurry/Flurry.uplugin" 601
"../../../Engine/Plugins/Experimental/VirtualProduction/LedWallCalibration/LedWallCalibration.uplugin" 602
"../../../Engine/Plugins/Experimental/MetaHuman/MetaHumanProjectUtilities/MetaHumanProjectUtilities.uplugin" 603
"../../../Engine/Plugins/Experimental/Enterprise/DataprepGeometryOperations/DataprepGeometryOperations.uplugin" 604
"../../../Engine/Plugins/Developer/Concert/ConcertUI/ConcertSharedSlate/ConcertSharedSlate.uplugin" 605
"../../../Engine/Plugins/Runtime/AR/AppleAR/AppleARKit/AppleARKit.uplugin" 606
"../../../Engine/Plugins/Developer/Concert/ConcertUI/ConcertClientSharedSlate/ConcertClientSharedSlate.uplugin" 607
"../../../Engine/Plugins/Runtime/AR/AppleAR/AppleARKitFaceSupport/AppleARKitFaceSupport.uplugin" 608
"../../../Engine/Plugins/Developer/Concert/ConcertApp/MultiUserServer/MultiUserServer.uplugin" 609
"../../../Engine/Plugins/Runtime/AR/Google/GoogleARCore/GoogleARCore.uplugin" 610
"../../../Engine/Plugins/Runtime/AR/Google/GoogleARCoreServices/GoogleARCoreServices.uplugin" 611
"../../../Engine/Plugins/Developer/Concert/ConcertApp/MultiUserClient/MultiUserClient.uplugin" 612
"../../../Engine/Plugins/Developer/Concert/ConcertSync/ConcertSyncClient/ConcertSyncClient.uplugin" 613
"../../../Engine/Plugins/Developer/Concert/ConcertApp/DisasterRecoveryClient/DisasterRecoveryClient.uplugin" 614
"../../../Engine/Plugins/Developer/Concert/ConcertSync/ConcertSyncTest/ConcertSyncTest.uplugin" 615
"../../../Engine/Plugins/Developer/Concert/ConcertSync/ConcertSyncCore/ConcertSyncCore.uplugin" 616
"../../../Engine/Plugins/Developer/Concert/ConcertScripting/ConcertReplicationScripting/ConcertReplicationScripting.uplugin" 617
"../../../Engine/Plugins/Runtime/Analytics/Adjust/Adjust.uplugin" 618
"../../../Engine/Plugins/Developer/Concert/ConcertMain/ConcertMain.uplugin" 619
"../../../Engine/Plugins/Developer/Concert/ConcertSync/ConcertSyncServer/ConcertSyncServer.uplugin" 620
"../../../Engine/Platforms/VisionOS/Plugins/Runtime/OpenXR/OpenXR_VisionOS.uplugin" 621
"../../../Engine/Platforms/VisionOS/Plugins/Runtime/OpenXRHandTracking/OpenXRHandTracking_VisionOS.uplugin" 622
"../../../Engine/Platforms/VisionOS/Plugins/Runtime/OpenXRVisionOS/OpenXRVisionOS.uplugin" 623
"../../../Engine/Platforms/VisionOS/Plugins/Compression/OodleNetwork/OodleNetwork_VisionOS.uplugin" 624
"../../../Engine/Content/Internationalization/icudt64l/cnvalias.icu" 625
"../../../Engine/Content/Internationalization/icudt64l/res_index.res" 626
"../../../Engine/Content/Internationalization/icudt64l/plurals.res" 627
"../../../Engine/Content/Internationalization/icudt64l/lang/es_MX.res" 628
"../../../Engine/Content/Internationalization/icudt64l/lang/pool.res" 629
"../../../Engine/Content/Internationalization/icudt64l/lang/es_419.res" 630
"../../../Engine/Content/Internationalization/icudt64l/lang/es.res" 631
"../../../Engine/Content/Internationalization/icudt64l/lang/root.res" 632
"../../../Engine/Content/Internationalization/icudt64l/region/es_MX.res" 633
"../../../Engine/Content/Internationalization/icudt64l/region/pool.res" 634
"../../../Engine/Content/Internationalization/icudt64l/region/es_419.res" 635
"../../../Engine/Content/Internationalization/icudt64l/region/es.res" 636
"../../../Engine/Content/Internationalization/icudt64l/region/root.res" 637
"../../../Engine/Content/Internationalization/icudt64l/lang/en.res" 638
"../../../Engine/Content/Internationalization/icudt64l/region/en.res" 639
"../../../Engine/Content/Internationalization/icudt64l/windowsZones.res" 640
"../../../Engine/Content/Internationalization/icudt64l/zoneinfo64.res" 641
"../../../Engine/Content/Internationalization/icudt64l/keyTypeData.res" 642
"../../../Engine/Content/Internationalization/icudt64l/timezoneTypes.res" 643
"../../../Engine/Content/Internationalization/icudt64l/likelySubtags.res" 644
"../../../Engine/Content/Internationalization/icudt64l/es_ES.res" 645
"../../../Engine/Content/Internationalization/icudt64l/pool.res" 646
"../../../Engine/Content/Internationalization/icudt64l/es.res" 647
"../../../Engine/Content/Internationalization/icudt64l/root.res" 648
"../../../Engine/Content/Internationalization/icudt64l/supplementalData.res" 649
"../../../Engine/Config/ConfigRedirects.ini" 650
"C:/Users/DarkW/AppData/Local/UnrealEngine/5.4/Saved/Config/WindowsEditor/Manifest.ini" 651
"../../../Engine/Config/BaseEngine.ini" 652
"../../../Engine/Config/Windows/BaseWindowsEngine.ini" 653
"../../../../../../UnrealProyects/MotoresComerciales/Motorescomerciales1/MotoresComerciales/Config/DefaultEngine.ini" 654
"../../../Engine/Config/Windows/WindowsEngine.ini" 655
"../../../Engine/Config/BaseGame.ini" 656
"../../../../../../UnrealProyects/MotoresComerciales/Motorescomerciales1/MotoresComerciales/Config/DefaultGame.ini" 657
"../../../Engine/Config/Windows/WindowsGame.ini" 658
"C:/UnrealProyects/MotoresComerciales/Motorescomerciales1/MotoresComerciales/Saved/Config/WindowsEditor/Game.ini" 659
"../../../Engine/Config/BaseInput.ini" 660
"../../../../../../UnrealProyects/MotoresComerciales/Motorescomerciales1/MotoresComerciales/Config/DefaultInput.ini" 661
"../../../Engine/Config/Windows/WindowsInput.ini" 662
"../../../Engine/Config/BaseDeviceProfiles.ini" 663
"../../../Engine/Config/BaseGameUserSettings.ini" 664
"C:/UnrealProyects/MotoresComerciales/Motorescomerciales1/MotoresComerciales/Saved/Config/WindowsEditor/GameUserSettings.ini" 665
"../../../Engine/Config/BaseScalability.ini" 666
"../../../Engine/Config/BaseRuntimeOptions.ini" 667
"../../../Engine/Config/BaseInstallBundle.ini" 668
"../../../Engine/Config/BaseHardware.ini" 669
"../../../Engine/Config/BaseCompat.ini" 670
"../../../Engine/Config/BaseLightmass.ini" 671
"../../../Engine/Config/BaseEditor.ini" 672
"../../../../../../UnrealProyects/MotoresComerciales/Motorescomerciales1/MotoresComerciales/Config/DefaultEditor.ini" 673
"C:/UnrealProyects/MotoresComerciales/Motorescomerciales1/MotoresComerciales/Saved/Config/WindowsEditor/Editor.ini" 674
"../../../Engine/Config/BaseEditorPerProjectUserSettings.ini" 675
"../../../../../../UnrealProyects/MotoresComerciales/Motorescomerciales1/MotoresComerciales/Config/DefaultEditorPerProjectUserSettings.ini" 676
"../../../Engine/Config/Windows/WindowsEditorPerProjectUserSettings.ini" 677
"C:/UnrealProyects/MotoresComerciales/Motorescomerciales1/MotoresComerciales/Saved/Config/WindowsEditor/EditorPerProjectUserSettings.ini" 678
"../../../Engine/Config/BaseEditorSettings.ini" 679
"C:/Users/DarkW/AppData/Local/UnrealEngine/5.4/Saved/Config/WindowsEditor/EditorSettings.ini" 680
"../../../Engine/Config/BaseEditorKeyBindings.ini" 681
"C:/Users/DarkW/AppData/Local/UnrealEngine/5.4/Saved/Config/WindowsEditor/EditorLayout.ini" 682
"../../../Engine/Config/IOS/BaseIOSEngine.ini" 683
"../../../Engine/Config/Android/BaseAndroidEngine.ini" 684
"../../../Engine/Config/Mac/BaseMacEngine.ini" 685
"../../../Engine/Config/Linux/BaseLinuxEngine.ini" 686
"../../../Engine/Config/LinuxArm64/BaseLinuxArm64Engine.ini" 687
"../../../Engine/Config/Android/AndroidEngine.ini" 688
"../../../Engine/Config/TVOS/TVOSEngine.ini" 689
"../../../Engine/Config/Unix/UnixEngine.ini" 690
"../../../Engine/Config/Linux/LinuxEngine.ini" 691
"../../../../../../UnrealProyects/MotoresComerciales/Motorescomerciales1/MotoresComerciales/Binaries/Win64/MotoresComerciales-Win64-Shipping.target" 692
"../../../Engine/Config/LinuxArm64/LinuxArm64Engine.ini" 693
"../../../Engine/Config/Android/BaseAndroidGame.ini" 694
"../../../Engine/Config/Mac/MacGame.ini" 695
"../../../Engine/Config/IOS/BaseIOSGame.ini" 696
"../../../Engine/Config/IOS/IOSGame.ini" 697
"../../../Engine/Config/Linux/LinuxGame.ini" 698
"../../../../../../UnrealProyects/MotoresComerciales/Motorescomerciales1/MotoresComerciales/Binaries/Win64/MotoresComerciales.target" 699
"../../../Engine/Config/Mac/BaseMacInput.ini" 700
"../../../Engine/Binaries/Win64/BootstrapPackagedGame-Win64-Shipping.target" 701
"../../../Engine/Config/Android/AndroidScalability.ini" 702
"../../../Engine/Config/IOS/IOSScalability.ini" 703
"../../../Engine/Platforms/VisionOS/Config/BaseVisionOSEngine.ini" 704
"../../../Engine/Binaries/Win64/BuildPatchTool-Win64-Shipping.target" 705
"../../../Engine/Config/Android/BaseAndroidInstallBundle.ini" 706
"../../../Engine/Binaries/Win64/CrashReportClient-Win64-Shipping.target" 707
"../../../Engine/Binaries/Win64/CrashReportClientEditor-Win64-Shipping.target" 708
"../../../Engine/Binaries/Win64/DatasmithCADWorker.target" 709
"../../../Engine/Binaries/Win64/EpicWebHelper-Win64-Shipping.target" 710
"../../../Engine/Binaries/Win64/InterchangeWorker.target" 711
"../../../Engine/Binaries/Win64/LiveCodingConsole.target" 712
"../../../Engine/Binaries/Win64/ShaderCompileWorker.target" 713
"../../../Engine/Binaries/Win64/SwitchboardListener.target" 714
"../../../Engine/Binaries/Win64/SwitchboardListenerHelper.target" 715
"../../../Engine/Binaries/Win64/UnrealEditor-Win64-DebugGame.target" 716
"../../../Engine/Binaries/Win64/UnrealEditor.target" 717
"../../../Engine/Config/PluginBase.ini" 718
"../../../Engine/Plugins/EnhancedInput/Config/BaseEnhancedInput.ini" 719
"../../../Engine/Plugins/EnhancedInput/Config/Input.ini" 720
"../../../Engine/Plugins/Fab/Config/BaseFab.ini" 721
"../../../Engine/Plugins/TraceUtilities/Config/BaseTraceUtilities.ini" 722
"../../../Engine/Plugins/ChaosVD/Config/Engine.ini" 723
"../../../Engine/Plugins/FX/Niagara/Config/BaseNiagara.ini" 724
"../../../Engine/Plugins/Animation/ControlRig/Config/BaseControlRig.ini" 725
"../../../Engine/Plugins/Animation/DeformerGraph/Config/BaseDeformerGraph.ini" 726
"../../../Engine/Plugins/Animation/IKRig/Config/BaseIKRig.ini" 727
"../../../Engine/Plugins/Animation/LiveLink/Config/BaseLiveLink.ini" 728
"../../../Engine/Plugins/Developer/TraceDataFiltering/Config/BaseTraceDataFilters.ini" 729
"../../../Engine/Plugins/Runtime/HairStrands/Config/BaseHairStrands.ini" 730
"../../../Engine/Plugins/Runtime/Metasound/Config/BaseMetasound.ini" 731
"../../../Engine/Plugins/Runtime/Metasound/Config/DefaultMetasound.ini" 732
"../../../Engine/Plugins/Runtime/InputDebugging/Config/Input.ini" 733
"../../../Engine/Plugins/Runtime/Synthesis/Config/BaseSynthesis.ini" 734
"../../../Engine/Plugins/Enterprise/DatasmithContent/Config/BaseDatasmithContent.ini" 735
"../../../Engine/Plugins/Enterprise/GLTFExporter/Config/BaseGLTFExporter.ini" 736
"../../../Engine/Plugins/Enterprise/GLTFExporter/Config/DefaultGLTFExporter.ini" 737
"../../../Engine/Plugins/Enterprise/VariantManagerContent/Config/BaseVariantManagerContent.ini" 738
"../../../Engine/Plugins/Editor/EditorScriptingUtilities/Config/BaseEditorScriptingUtilities.ini" 739
"../../../Engine/Plugins/Experimental/FullBodyIK/Config/BaseFullBodyIK.ini" 740
"../../../Engine/Plugins/Experimental/ToolPresets/Config/BaseToolPresets.ini" 741
"../../../Engine/Plugins/Interchange/Runtime/Config/BaseInterchange.ini" 742
"../../../Engine/Plugins/Experimental/StructUtils/Config/BaseStructUtils.ini" 743
"../../../Engine/Plugins/2D/Paper2D/Config/BasePaper2D.ini" 744
"../../../Engine/Plugins/Experimental/MetaHuman/MetaHumanProjectUtilities/Config/BaseMetaHumanProjectUtilities.ini" 745
"../../../Engine/Plugins/Editor/ModelingToolsEditorMode/Binaries/Win64/UnrealEditor.modules" 746
"../../../Engine/Plugins/Runtime/MeshModelingToolset/Binaries/Win64/UnrealEditor.modules" 747
"../../../Engine/Plugins/Experimental/MeshModelingToolsetExp/Binaries/Win64/UnrealEditor.modules" 748
"../../../Engine/Plugins/Editor/MeshLODToolset/Binaries/Win64/UnrealEditor.modules" 749
"../../../Engine/Plugins/Experimental/ToolPresets/Binaries/Win64/UnrealEditor.modules" 750
"../../../Engine/Plugins/Runtime/GeometryProcessing/Binaries/Win64/UnrealEditor.modules" 751
"../../../Engine/Plugins/Editor/ProxyLODPlugin/Binaries/Win64/UnrealEditor.modules" 752
"../../../Engine/Plugins/Experimental/PlanarCutPlugin/Binaries/Win64/UnrealEditor.modules" 753
"../../../Engine/Plugins/Experimental/GeometryFlow/Binaries/Win64/UnrealEditor.modules" 754
"../../../Engine/Plugins/Editor/EditorScriptingUtilities/Binaries/Win64/UnrealEditor.modules" 755
"../../../Engine/Plugins/Animation/RigLogic/Binaries/Win64/UnrealEditor.modules" 756
"../../../Engine/Plugins/Animation/ControlRig/Binaries/Win64/UnrealEditor.modules" 757
"../../../Engine/Plugins/Runtime/RigVM/Binaries/Win64/UnrealEditor.modules" 758
"../../../Engine/Plugins/Experimental/PythonScriptPlugin/Binaries/Win64/UnrealEditor.modules" 759
"../../../Engine/Plugins/MovieScene/LevelSequenceEditor/Binaries/Win64/UnrealEditor.modules" 760
"../../../Engine/Plugins/Runtime/PropertyAccess/Binaries/Win64/UnrealEditor.modules" 761
"../../../Engine/Plugins/MovieScene/SequencerScripting/Binaries/Win64/UnrealEditor.modules" 762
"../../../Engine/Plugins/Experimental/StructUtils/Binaries/Win64/UnrealEditor.modules" 763
"../../../Engine/Plugins/Editor/ContentBrowser/ContentBrowserFileDataSource/Binaries/Win64/UnrealEditor.modules" 764
"../../../Engine/Plugins/Animation/LiveLink/Binaries/Win64/UnrealEditor.modules" 765
"../../../Engine/Plugins/VirtualProduction/Takes/Binaries/Win64/UnrealEditor.modules" 766
"../../../Engine/Plugins/Editor/ContentBrowser/ContentBrowserAssetDataSource/Binaries/Win64/UnrealEditor.modules" 767
"../../../Engine/Plugins/Runtime/AudioCapture/Binaries/Win64/UnrealEditor.modules" 768
"../../../Engine/Plugins/Experimental/LiveLinkControlRig/Binaries/Win64/UnrealEditor.modules" 769
"../../../Engine/Plugins/Runtime/AR/AppleAR/AppleARKitFaceSupport/Binaries/Win64/UnrealEditor.modules" 770
"../../../Engine/Plugins/Runtime/AR/AppleAR/AppleARKit/Binaries/Win64/UnrealEditor.modules" 771
"../../../Engine/Plugins/Runtime/ProceduralMeshComponent/Binaries/Win64/UnrealEditor.modules" 772
"../../../Engine/Plugins/Runtime/AppleImageUtils/Binaries/Win64/UnrealEditor.modules" 773
"../../../Engine/Plugins/Runtime/XRBase/Binaries/Win64/UnrealEditor.modules" 774
"../../../Engine/Plugins/Runtime/AR/ARUtilities/Binaries/Win64/UnrealEditor.modules" 775
"../../../Engine/Plugins/Runtime/HairStrands/Binaries/Win64/UnrealEditor.modules" 776
"../../../Engine/Plugins/FX/Niagara/Binaries/Win64/UnrealEditor.modules" 777
"../../../Engine/Plugins/Runtime/GeometryCache/Binaries/Win64/UnrealEditor.modules" 778
"../../../Engine/Plugins/Animation/DeformerGraph/Binaries/Win64/UnrealEditor.modules" 779
"../../../Engine/Plugins/Runtime/ComputeFramework/Binaries/Win64/UnrealEditor.modules" 780
"../../../Engine/Plugins/ChaosCloth/Binaries/Win64/UnrealEditor.modules" 781
"../../../Engine/Plugins/Experimental/ChaosCaching/Binaries/Win64/UnrealEditor.modules" 782
"../../../Engine/Plugins/Bridge/Binaries/Win64/UnrealEditor.modules" 783
"../../../Engine/Plugins/Experimental/MetaHuman/MetaHumanProjectUtilities/Binaries/Win64/UnrealEditor.modules" 784
"../../../Engine/Plugins/CmdLinkServer/Binaries/Win64/UnrealEditor.modules" 785
"../../../Engine/Plugins/EnhancedInput/Binaries/Win64/UnrealEditor.modules" 786
"../../../Engine/Plugins/Fab/Binaries/Win64/UnrealEditor.modules" 787
"../../../Engine/Plugins/Interchange/Runtime/Binaries/Win64/UnrealEditor.modules" 788
"../../../Engine/Plugins/Online/EOSShared/Binaries/Win64/UnrealEditor.modules" 789
"../../../Engine/Plugins/Enterprise/VariantManagerContent/Binaries/Win64/UnrealEditor.modules" 790
"../../../Engine/Plugins/Enterprise/VariantManager/Binaries/Win64/UnrealEditor.modules" 791
"../../../Engine/Plugins/FastBuildController/Binaries/Win64/UnrealEditor.modules" 792
"../../../Engine/Plugins/MeshPainting/Binaries/Win64/UnrealEditor.modules" 793
"../../../Engine/Plugins/Interchange/Editor/Binaries/Win64/UnrealEditor.modules" 794
"../../../Engine/Plugins/RenderGraphInsights/Binaries/Win64/UnrealEditor.modules" 795
"../../../Engine/Plugins/TraceUtilities/Binaries/Win64/UnrealEditor.modules" 796
"../../../Engine/Plugins/XGEController/Binaries/Win64/UnrealEditor.modules" 797
"../../../Engine/Plugins/WorldMetrics/Binaries/Win64/UnrealEditor.modules" 798
"../../../Engine/Plugins/ChaosVD/Binaries/Win64/UnrealEditor.modules" 799
"../../../Engine/Plugins/AI/AISupport/Binaries/Win64/UnrealEditor.modules" 800
"../../../Engine/Plugins/AI/EnvironmentQueryEditor/Binaries/Win64/UnrealEditor.modules" 801
"../../../Engine/Plugins/FX/NiagaraSimCaching/Binaries/Win64/UnrealEditor.modules" 802
"../../../Engine/Plugins/Animation/ACLPlugin/Binaries/Win64/UnrealEditor.modules" 803
"../../../Engine/Plugins/Animation/AnimationData/Binaries/Win64/UnrealEditor.modules" 804
"../../../Engine/Plugins/Animation/AnimationModifierLibrary/Binaries/Win64/UnrealEditor.modules" 805
"../../../Engine/Plugins/Animation/IKRig/Binaries/Win64/UnrealEditor.modules" 806
"../../../Engine/Plugins/Experimental/FullBodyIK/Binaries/Win64/UnrealEditor.modules" 807
"../../../Engine/Plugins/Animation/BlendSpaceMotionAnalysis/Binaries/Win64/UnrealEditor.modules" 808
"../../../Engine/Plugins/Animation/ControlRigSpline/Binaries/Win64/UnrealEditor.modules" 809
"../../../Engine/Plugins/Developer/CLionSourceCodeAccess/Binaries/Win64/UnrealEditor.modules" 810
"../../../Engine/Plugins/Developer/AnimationSharing/Binaries/Win64/UnrealEditor.modules" 811
"../../../Engine/Plugins/Runtime/SignificanceManager/Binaries/Win64/UnrealEditor.modules" 812
"../../../Engine/Plugins/Developer/GitSourceControl/Binaries/Win64/UnrealEditor.modules" 813
"../../../Engine/Plugins/Developer/PerforceSourceControl/Binaries/Win64/UnrealEditor.modules" 814
"../../../Engine/Plugins/Developer/N10XSourceCodeAccess/Binaries/Win64/UnrealEditor.modules" 815
"../../../Engine/Plugins/Developer/DumpGPUServices/Binaries/Win64/UnrealEditor.modules" 816
"../../../Engine/Plugins/Developer/PixWinPlugin/Binaries/Win64/UnrealEditor.modules" 817
"../../../Engine/Plugins/Developer/PlasticSourceControl/Binaries/Win64/UnrealEditor.modules" 818
"../../../Engine/Plugins/Developer/PropertyAccessNode/Binaries/Win64/UnrealEditor.modules" 819
"../../../Engine/Plugins/Developer/RenderDocPlugin/Binaries/Win64/UnrealEditor.modules" 820
"../../../Engine/Plugins/Developer/RiderSourceCodeAccess/Binaries/Win64/UnrealEditor.modules" 821
"../../../Engine/Plugins/Developer/TextureFormatOodle/Binaries/Win64/UnrealEditor.modules" 822
"../../../Engine/Plugins/Developer/TraceDataFiltering/Binaries/Win64/UnrealEditor.modules" 823
"../../../Engine/Plugins/Developer/UObjectPlugin/Binaries/Win64/UnrealEditor.modules" 824
"../../../Engine/Plugins/Developer/VisualStudioSourceCodeAccess/Binaries/Win64/UnrealEditor.modules" 825
"../../../Engine/Plugins/Developer/VisualStudioCodeSourceCodeAccess/Binaries/Win64/UnrealEditor.modules" 826
"../../../Engine/Plugins/Developer/SubversionSourceControl/Binaries/Win64/UnrealEditor.modules" 827
"../../../Engine/Plugins/Runtime/AndroidFileServer/Binaries/Win64/UnrealEditor.modules" 828
"../../../Engine/Plugins/Runtime/AndroidDeviceProfileSelector/Binaries/Win64/UnrealEditor.modules" 829
"../../../Engine/Plugins/Runtime/AndroidPermission/Binaries/Win64/UnrealEditor.modules" 830
"../../../Engine/Plugins/Runtime/ArchVisCharacter/Binaries/Win64/UnrealEditor.modules" 831
"../../../Engine/Plugins/Developer/PluginUtils/Binaries/Win64/UnrealEditor.modules" 832
"../../../Engine/Plugins/Runtime/AssetTags/Binaries/Win64/UnrealEditor.modules" 833
"../../../Engine/Plugins/Runtime/ChunkDownloader/Binaries/Win64/UnrealEditor.modules" 834
"../../../Engine/Plugins/Runtime/CustomMeshComponent/Binaries/Win64/UnrealEditor.modules" 835
"../../../Engine/Plugins/Runtime/ExampleDeviceProfileSelector/Binaries/Win64/UnrealEditor.modules" 836
"../../../Engine/Plugins/Runtime/CableComponent/Binaries/Win64/UnrealEditor.modules" 837
"../../../Engine/Plugins/Runtime/GooglePAD/Binaries/Win64/UnrealEditor.modules" 838
"../../../Engine/Plugins/Runtime/ActorLayerUtilities/Binaries/Win64/UnrealEditor.modules" 839
"../../../Engine/Plugins/Runtime/LocationServicesBPLibrary/Binaries/Win64/UnrealEditor.modules" 840
"../../../Engine/Plugins/Runtime/Metasound/Binaries/Win64/UnrealEditor.modules" 841
"../../../Engine/Plugins/Runtime/AudioWidgets/Binaries/Win64/UnrealEditor.modules" 842
"../../../Engine/Plugins/Runtime/AudioSynesthesia/Binaries/Win64/UnrealEditor.modules" 843
"../../../Engine/Plugins/Runtime/WaveTable/Binaries/Win64/UnrealEditor.modules" 844
"../../../Engine/Plugins/Runtime/MobilePatchingUtils/Binaries/Win64/UnrealEditor.modules" 845
"../../../Engine/Plugins/Runtime/InputDebugging/Binaries/Win64/UnrealEditor.modules" 846
"../../../Engine/Plugins/Runtime/MsQuic/Binaries/Win64/UnrealEditor.modules" 847
"../../../Engine/Plugins/Runtime/ResonanceAudio/Binaries/Win64/UnrealEditor.modules" 848
"../../../Engine/Plugins/Runtime/SoundFields/Binaries/Win64/UnrealEditor.modules" 849
"../../../Engine/Plugins/Runtime/Synthesis/Binaries/Win64/UnrealEditor.modules" 850
"../../../Engine/Plugins/Runtime/WebMMoviePlayer/Binaries/Win64/UnrealEditor.modules" 851
"../../../Engine/Plugins/Media/WebMMedia/Binaries/Win64/UnrealEditor.modules" 852
"../../../Engine/Plugins/Runtime/WindowsMoviePlayer/Binaries/Win64/UnrealEditor.modules" 853
"../../../Engine/Plugins/Runtime/WindowsDeviceProfileSelector/Binaries/Win64/UnrealEditor.modules" 854
"../../../Engine/Plugins/Messaging/TcpMessaging/Binaries/Win64/UnrealEditor.modules" 855
"../../../Engine/Plugins/Messaging/UdpMessaging/Binaries/Win64/UnrealEditor.modules" 856
"../../../Engine/Plugins/Portal/LauncherChunkInstaller/Binaries/Win64/UnrealEditor.modules" 857
"../../../Engine/Plugins/Enterprise/DatasmithContent/Binaries/Win64/UnrealEditor.modules" 858
"../../../Engine/Plugins/Enterprise/GLTFExporter/Binaries/Win64/UnrealEditor.modules" 859
"../../../Engine/Plugins/Compression/OodleNetwork/Binaries/Win64/UnrealEditor.modules" 860
"../../../Engine/Plugins/Media/AvfMedia/Binaries/Win64/UnrealEditor.modules" 861
"../../../Engine/Plugins/Media/AndroidMedia/Binaries/Win64/UnrealEditor.modules" 862
"../../../Engine/Plugins/Media/ImgMedia/Binaries/Win64/UnrealEditor.modules" 863
"../../../Engine/Plugins/Media/MediaPlayerEditor/Binaries/Win64/UnrealEditor.modules" 864
"../../../Engine/Plugins/Media/MediaCompositing/Binaries/Win64/UnrealEditor.modules" 865
"../../../Engine/Plugins/Media/MediaPlate/Binaries/Win64/UnrealEditor.modules" 866
"../../../Engine/Plugins/Media/WmfMedia/Binaries/Win64/UnrealEditor.modules" 867
"../../../Engine/Plugins/Cameras/CameraShakePreviewer/Binaries/Win64/UnrealEditor.modules" 868
"../../../Engine/Plugins/Cameras/GameplayCameras/Binaries/Win64/UnrealEditor.modules" 869
"../../../Engine/Plugins/MovieScene/TemplateSequence/Binaries/Win64/UnrealEditor.modules" 870
"../../../Engine/Plugins/Editor/AssetManagerEditor/Binaries/Win64/UnrealEditor.modules" 871
"../../../Engine/Plugins/Editor/BlueprintHeaderView/Binaries/Win64/UnrealEditor.modules" 872
"../../../Engine/Plugins/Editor/ChangelistReview/Binaries/Win64/UnrealEditor.modules" 873
"../../../Engine/Plugins/Editor/CryptoKeys/Binaries/Win64/UnrealEditor.modules" 874
"../../../Engine/Plugins/Editor/CurveEditorTools/Binaries/Win64/UnrealEditor.modules" 875
"../../../Engine/Plugins/Editor/DataValidation/Binaries/Win64/UnrealEditor.modules" 876
"../../../Engine/Plugins/Editor/FacialAnimation/Binaries/Win64/UnrealEditor.modules" 877
"../../../Engine/Plugins/Editor/GeometryMode/Binaries/Win64/UnrealEditor.modules" 878
"../../../Engine/Plugins/Editor/GameplayTagsEditor/Binaries/Win64/UnrealEditor.modules" 879
"../../../Engine/Plugins/Editor/EditorDebugTools/Binaries/Win64/UnrealEditor.modules" 880
"../../../Engine/Plugins/Editor/MaterialAnalyzer/Binaries/Win64/UnrealEditor.modules" 881
"../../../Engine/Plugins/Editor/MobileLauncherProfileWizard/Binaries/Win64/UnrealEditor.modules" 882
"../../../Engine/Plugins/Editor/SequencerAnimTools/Binaries/Win64/UnrealEditor.modules" 883
"../../../Engine/Plugins/Editor/UVEditor/Binaries/Win64/UnrealEditor.modules" 884
"../../../Engine/Plugins/Editor/WorldPartitionHLODUtilities/Binaries/Win64/UnrealEditor.modules" 885
"../../../Engine/Plugins/MovieScene/ActorSequence/Binaries/Win64/UnrealEditor.modules" 886
"../../../Engine/Plugins/Editor/PluginBrowser/Binaries/Win64/UnrealEditor.modules" 887
"../../../Engine/Plugins/Tests/InterchangeTests/Binaries/Win64/UnrealEditor.modules" 888
"../../../Engine/Plugins/Editor/SpeedTreeImporter/Binaries/Win64/UnrealEditor.modules" 889
"../../../Engine/Plugins/Experimental/AutomationUtils/Binaries/Win64/UnrealEditor.modules" 890
"../../../Engine/Plugins/Editor/EngineAssetDefinitions/Binaries/Win64/UnrealEditor.modules" 891
"../../../Engine/Plugins/Experimental/BackChannel/Binaries/Win64/UnrealEditor.modules" 892
"../../../Engine/Plugins/Experimental/ChaosEditor/Binaries/Win64/UnrealEditor.modules" 893
"../../../Engine/Plugins/Experimental/GeometryCollectionPlugin/Binaries/Win64/UnrealEditor.modules" 894
"../../../Engine/Plugins/Experimental/Fracture/Binaries/Win64/UnrealEditor.modules" 895
"../../../Engine/Plugins/Experimental/ChaosSolverPlugin/Binaries/Win64/UnrealEditor.modules" 896
"../../../Engine/Plugins/Experimental/Dataflow/Binaries/Win64/UnrealEditor.modules" 897
"../../../Engine/Plugins/Experimental/CharacterFXEditor/BaseCharacterFXEditor/Binaries/Win64/UnrealEditor.modules" 898
"../../../Engine/Plugins/Experimental/ChaosNiagara/Binaries/Win64/UnrealEditor.modules" 899
"../../../Engine/Plugins/Experimental/CharacterAI/Binaries/Win64/UnrealEditor.modules" 900
"../../../Engine/Plugins/Experimental/ChaosUserDataPT/Binaries/Win64/UnrealEditor.modules" 901
"../../../Engine/Plugins/Experimental/LocalizableMessage/Binaries/Win64/UnrealEditor.modules" 902
"../../../Engine/Plugins/Experimental/OpenImageDenoise/Binaries/Win64/UnrealEditor.modules" 903
"../../../Engine/Plugins/Experimental/PlatformCrypto/Binaries/Win64/UnrealEditor.modules" 904
"../../../Engine/Plugins/Experimental/SkeletalReduction/Binaries/Win64/UnrealEditor.modules" 905
"../../../Engine/Plugins/Experimental/StudioTelemetry/Binaries/Win64/UnrealEditor.modules" 906
"../../../Engine/Plugins/Importers/AlembicImporter/Binaries/Win64/UnrealEditor.modules" 907
"../../../Engine/Plugins/Online/OnlineBase/Binaries/Win64/UnrealEditor.modules" 908
"../../../Engine/Plugins/Online/OnlineSubsystem/Binaries/Win64/UnrealEditor.modules" 909
"../../../Engine/Plugins/Online/OnlineSubsystemNull/Binaries/Win64/UnrealEditor.modules" 910
"../../../Engine/Plugins/Online/OnlineSubsystemUtils/Binaries/Win64/UnrealEditor.modules" 911
"../../../Engine/Plugins/Online/OnlineServices/Binaries/Win64/UnrealEditor.modules" 912
"../../../Engine/Plugins/2D/Paper2D/Binaries/Win64/UnrealEditor.modules" 913
"../../../Engine/Plugins/Editor/ObjectMixer/LightMixer/Binaries/Win64/UnrealEditor.modules" 914
"../../../Engine/Plugins/Editor/ObjectMixer/ObjectMixer/Binaries/Win64/UnrealEditor.modules" 915
"../../../Engine/Plugins/Editor/ContentBrowser/ContentBrowserClassDataSource/Binaries/Win64/UnrealEditor.modules" 916
"../../../Engine/Plugins/Editor/Localization/PortableObjectFileDataSource/Binaries/Win64/UnrealEditor.modules" 917
"../../../Engine/Plugins/Runtime/Windows/XInputDevice/Binaries/Win64/UnrealEditor.modules" 918
"../../../Engine/Config/BaseSourceControlSettings.ini" 919
"../../../Engine/Content/Internationalization/icudt64l/coll/ucadata.icu" 920
"../../../Engine/Content/Internationalization/icudt64l/coll/es.res" 921
"../../../Engine/Content/Internationalization/icudt64l/coll/root.res" 922
"../../../Engine/Content/Certificates/ThirdParty/cacert.pem" 923
"../../../Engine/Config/ConsoleVariables.ini" 924
"../../../Engine/Binaries/Win64/Android/UnrealEditor.modules" 925
"../../../Engine/Binaries/Win64/IOS/UnrealEditor.modules" 926
"../../../Engine/Binaries/Win64/Linux/UnrealEditor.modules" 927
"../../../Engine/Binaries/Win64/LinuxArm64/UnrealEditor.modules" 928
"../../../Engine/Content/Localization/Editor/es/Editor.locres" 929
"../../../Engine/Content/Localization/EditorTutorials/es/EditorTutorials.locres" 930
"../../../Engine/Content/Localization/Keywords/es/Keywords.locres" 931
"../../../Engine/Content/Localization/Category/es/Category.locres" 932
"../../../Engine/Content/Localization/ToolTips/es/ToolTips.locres" 933
"../../../Engine/Content/Localization/PropertyNames/es/PropertyNames.locres" 934
"../../../Engine/Content/Localization/Engine/es/Engine.locres" 935
"../../../Engine/Plugins/Online/OnlineSubsystem/Content/Localization/OnlineSubsystem/es/OnlineSubsystem.locres" 936
"../../../Engine/Plugins/Online/OnlineSubsystemUtils/Content/Localization/OnlineSubsystemUtils/es/OnlineSubsystemUtils.locres" 937
"../../../Engine/Plugins/Online/Android/OnlineSubsystemGooglePlay/Content/Localization/OnlineSubsystemGooglePlay/es/OnlineSubsystemGooglePlay.locres" 938
"../../../Engine/Plugins/Online/IOS/OnlineSubsystemIOS/Content/Localization/OnlineSubsystemIOS/es/OnlineSubsystemIOS.locres" 939
"../../../Engine/Content/Internationalization/icudt64l/es_MX.res" 940
"../../../Engine/Content/Internationalization/icudt64l/es_419.res" 941
"../../../Engine/Content/Internationalization/icudt64l/numberingSystems.res" 942
"../../../Engine/Content/Internationalization/icudt64l/curr/supplementalData.res" 943
"../../../Engine/Content/Internationalization/icudt64l/curr/es_MX.res" 944
"../../../Engine/Content/Internationalization/icudt64l/curr/pool.res" 945
"../../../Engine/Content/Internationalization/icudt64l/curr/es_419.res" 946
"../../../Engine/Content/Internationalization/icudt64l/curr/es.res" 947
"../../../Engine/Content/Internationalization/icudt64l/curr/root.res" 948
"../../../Engine/Content/Internationalization/icudt64l/lang/af.res" 949
"../../../Engine/Content/Internationalization/icudt64l/region/af.res" 950
"../../../Engine/Content/Internationalization/icudt64l/lang/agq.res" 951
"../../../Engine/Content/Internationalization/icudt64l/region/agq.res" 952
"../../../Engine/Content/Internationalization/icudt64l/lang/ak.res" 953
"../../../Engine/Content/Internationalization/icudt64l/region/ak.res" 954
"../../../Engine/Content/Internationalization/icudt64l/lang/am.res" 955
"../../../Engine/Content/Internationalization/icudt64l/region/am.res" 956
"../../../Engine/Content/Internationalization/icudt64l/lang/ar.res" 957
"../../../Engine/Content/Internationalization/icudt64l/region/ar.res" 958
"../../../Engine/Content/Internationalization/icudt64l/region/ar_AE.res" 959
"../../../Engine/Content/Internationalization/icudt64l/lang/ar_EG.res" 960
"../../../Engine/Content/Internationalization/icudt64l/lang/ar_LY.res" 961
"../../../Engine/Content/Internationalization/icudt64l/region/ar_LY.res" 962
"../../../Engine/Content/Internationalization/icudt64l/lang/ar_SA.res" 963
"../../../Engine/Content/Internationalization/icudt64l/region/ar_SA.res" 964
"../../../Engine/Content/Internationalization/icudt64l/lang/as.res" 965
"../../../Engine/Content/Internationalization/icudt64l/region/as.res" 966
"../../../Engine/Content/Internationalization/icudt64l/lang/asa.res" 967
"../../../Engine/Content/Internationalization/icudt64l/region/asa.res" 968
"../../../Engine/Content/Internationalization/icudt64l/lang/ast.res" 969
"../../../Engine/Content/Internationalization/icudt64l/region/ast.res" 970
"../../../Engine/Content/Internationalization/icudt64l/lang/az.res" 971
"../../../Engine/Content/Internationalization/icudt64l/lang/az_Cyrl.res" 972
"../../../Engine/Content/Internationalization/icudt64l/lang/az_AZ.res" 973
"../../../Engine/Content/Internationalization/icudt64l/lang/az_Latn_AZ.res" 974
"../../../Engine/Content/Internationalization/icudt64l/lang/az_Latn.res" 975
"../../../Engine/Content/Internationalization/icudt64l/region/az_AZ.res" 976
"../../../Engine/Content/Internationalization/icudt64l/region/az_Latn_AZ.res" 977
"../../../Engine/Content/Internationalization/icudt64l/region/az_Latn.res" 978
"../../../Engine/Content/Internationalization/icudt64l/region/az.res" 979
"../../../Engine/Content/Internationalization/icudt64l/region/az_Cyrl.res" 980
"../../../Engine/Content/Internationalization/icudt64l/lang/bas.res" 981
"../../../Engine/Content/Internationalization/icudt64l/region/bas.res" 982
"../../../Engine/Content/Internationalization/icudt64l/lang/be.res" 983
"../../../Engine/Content/Internationalization/icudt64l/region/be.res" 984
"../../../Engine/Content/Internationalization/icudt64l/lang/bem.res" 985
"../../../Engine/Content/Internationalization/icudt64l/region/bem.res" 986
"../../../Engine/Content/Internationalization/icudt64l/lang/bez.res" 987
"../../../Engine/Content/Internationalization/icudt64l/region/bez.res" 988
"../../../Engine/Content/Internationalization/icudt64l/lang/bg.res" 989
"../../../Engine/Content/Internationalization/icudt64l/region/bg.res" 990
"../../../Engine/Content/Internationalization/icudt64l/lang/bm.res" 991
"../../../Engine/Content/Internationalization/icudt64l/region/bm.res" 992
"../../../Engine/Content/Internationalization/icudt64l/lang/bn.res" 993
"../../../Engine/Content/Internationalization/icudt64l/region/bn.res" 994
"../../../Engine/Content/Internationalization/icudt64l/lang/bn_IN.res" 995
"../../../Engine/Content/Internationalization/icudt64l/region/bn_IN.res" 996
"../../../Engine/Content/Internationalization/icudt64l/lang/bo.res" 997
"../../../Engine/Content/Internationalization/icudt64l/region/bo.res" 998
"../../../Engine/Content/Internationalization/icudt64l/region/bo_IN.res" 999
"../../../Engine/Content/Internationalization/icudt64l/lang/br.res" 1000
"../../../Engine/Content/Internationalization/icudt64l/region/br.res" 1001
"../../../Engine/Content/Internationalization/icudt64l/lang/brx.res" 1002
"../../../Engine/Content/Internationalization/icudt64l/region/brx.res" 1003
"../../../Engine/Content/Internationalization/icudt64l/lang/bs.res" 1004
"../../../Engine/Content/Internationalization/icudt64l/lang/bs_Cyrl.res" 1005
"../../../Engine/Content/Internationalization/icudt64l/lang/bs_BA.res" 1006
"../../../Engine/Content/Internationalization/icudt64l/lang/bs_Latn_BA.res" 1007
"../../../Engine/Content/Internationalization/icudt64l/lang/bs_Latn.res" 1008
"../../../Engine/Content/Internationalization/icudt64l/region/bs_BA.res" 1009
"../../../Engine/Content/Internationalization/icudt64l/region/bs_Latn_BA.res" 1010
"../../../Engine/Content/Internationalization/icudt64l/region/bs_Latn.res" 1011
"../../../Engine/Content/Internationalization/icudt64l/region/bs.res" 1012
"../../../Engine/Content/Internationalization/icudt64l/region/bs_Cyrl.res" 1013
"../../../Engine/Content/Internationalization/icudt64l/lang/ca.res" 1014
"../../../Engine/Content/Internationalization/icudt64l/region/ca.res" 1015
"../../../Engine/Content/Internationalization/icudt64l/lang/ccp.res" 1016
"../../../Engine/Content/Internationalization/icudt64l/region/ccp.res" 1017
"../../../Engine/Content/Internationalization/icudt64l/lang/ce.res" 1018
"../../../Engine/Content/Internationalization/icudt64l/region/ce.res" 1019
"../../../Engine/Content/Internationalization/icudt64l/lang/ceb.res" 1020
"../../../Engine/Content/Internationalization/icudt64l/region/ceb.res" 1021
"../../../Engine/Content/Internationalization/icudt64l/lang/cgg.res" 1022
"../../../Engine/Content/Internationalization/icudt64l/region/cgg.res" 1023
"../../../Engine/Content/Internationalization/icudt64l/lang/chr.res" 1024
"../../../Engine/Content/Internationalization/icudt64l/region/chr.res" 1025
"../../../Engine/Content/Internationalization/icudt64l/lang/ckb.res" 1026
"../../../Engine/Content/Internationalization/icudt64l/region/ckb.res" 1027
"../../../Engine/Content/Internationalization/icudt64l/lang/cs.res" 1028
"../../../Engine/Content/Internationalization/icudt64l/region/cs.res" 1029
"../../../Engine/Content/Internationalization/icudt64l/lang/cy.res" 1030
"../../../Engine/Content/Internationalization/icudt64l/region/cy.res" 1031
"../../../Engine/Content/Internationalization/icudt64l/lang/da.res" 1032
"../../../Engine/Content/Internationalization/icudt64l/region/da.res" 1033
"../../../Engine/Content/Internationalization/icudt64l/lang/dav.res" 1034
"../../../Engine/Content/Internationalization/icudt64l/region/dav.res" 1035
"../../../Engine/Content/Internationalization/icudt64l/lang/de.res" 1036
"../../../Engine/Content/Internationalization/icudt64l/lang/de_AT.res" 1037
"../../../Engine/Content/Internationalization/icudt64l/region/de_AT.res" 1038
"../../../Engine/Content/Internationalization/icudt64l/region/de.res" 1039
"../../../Engine/Content/Internationalization/icudt64l/lang/de_CH.res" 1040
"../../../Engine/Content/Internationalization/icudt64l/region/de_CH.res" 1041
"../../../Engine/Content/Internationalization/icudt64l/lang/de_LU.res" 1042
"../../../Engine/Content/Internationalization/icudt64l/lang/dje.res" 1043
"../../../Engine/Content/Internationalization/icudt64l/region/dje.res" 1044
"../../../Engine/Content/Internationalization/icudt64l/lang/dsb.res" 1045
"../../../Engine/Content/Internationalization/icudt64l/region/dsb.res" 1046
"../../../Engine/Content/Internationalization/icudt64l/lang/dua.res" 1047
"../../../Engine/Content/Internationalization/icudt64l/region/dua.res" 1048
"../../../Engine/Content/Internationalization/icudt64l/lang/dyo.res" 1049
"../../../Engine/Content/Internationalization/icudt64l/region/dyo.res" 1050
"../../../Engine/Content/Internationalization/icudt64l/lang/dz.res" 1051
"../../../Engine/Content/Internationalization/icudt64l/region/dz.res" 1052
"../../../Engine/Content/Internationalization/icudt64l/lang/ebu.res" 1053
"../../../Engine/Content/Internationalization/icudt64l/region/ebu.res" 1054
"../../../Engine/Content/Internationalization/icudt64l/lang/ee.res" 1055
"../../../Engine/Content/Internationalization/icudt64l/region/ee.res" 1056
"../../../Engine/Content/Internationalization/icudt64l/lang/el.res" 1057
"../../../Engine/Content/Internationalization/icudt64l/region/el.res" 1058
"../../../Engine/Content/Internationalization/icudt64l/lang/en_001.res" 1059
"../../../Engine/Content/Internationalization/icudt64l/lang/en_150.res" 1060
"../../../Engine/Content/Internationalization/icudt64l/region/en_150.res" 1061
"../../../Engine/Content/Internationalization/icudt64l/lang/en_AG.res" 1062
"../../../Engine/Content/Internationalization/icudt64l/region/en_AG.res" 1063
"../../../Engine/Content/Internationalization/icudt64l/lang/en_AI.res" 1064
"../../../Engine/Content/Internationalization/icudt64l/region/en_AI.res" 1065
"../../../Engine/Content/Internationalization/icudt64l/lang/en_AT.res" 1066
"../../../Engine/Content/Internationalization/icudt64l/region/en_AT.res" 1067
"../../../Engine/Content/Internationalization/icudt64l/lang/en_AU.res" 1068
"../../../Engine/Content/Internationalization/icudt64l/region/en_AU.res" 1069
"../../../Engine/Content/Internationalization/icudt64l/lang/en_BB.res" 1070
"../../../Engine/Content/Internationalization/icudt64l/region/en_BB.res" 1071
"../../../Engine/Content/Internationalization/icudt64l/lang/en_BE.res" 1072
"../../../Engine/Content/Internationalization/icudt64l/region/en_BE.res" 1073
"../../../Engine/Content/Internationalization/icudt64l/lang/en_BM.res" 1074
"../../../Engine/Content/Internationalization/icudt64l/region/en_BM.res" 1075
"../../../Engine/Content/Internationalization/icudt64l/lang/en_BS.res" 1076
"../../../Engine/Content/Internationalization/icudt64l/region/en_BS.res" 1077
"../../../Engine/Content/Internationalization/icudt64l/lang/en_BW.res" 1078
"../../../Engine/Content/Internationalization/icudt64l/region/en_BW.res" 1079
"../../../Engine/Content/Internationalization/icudt64l/lang/en_BZ.res" 1080
"../../../Engine/Content/Internationalization/icudt64l/region/en_BZ.res" 1081
"../../../Engine/Content/Internationalization/icudt64l/lang/en_CA.res" 1082
"../../../Engine/Content/Internationalization/icudt64l/region/en_CA.res" 1083
"../../../Engine/Content/Internationalization/icudt64l/lang/en_CC.res" 1084
"../../../Engine/Content/Internationalization/icudt64l/region/en_CC.res" 1085
"../../../Engine/Content/Internationalization/icudt64l/lang/en_CH.res" 1086
"../../../Engine/Content/Internationalization/icudt64l/region/en_CH.res" 1087
"../../../Engine/Content/Internationalization/icudt64l/lang/en_CK.res" 1088
"../../../Engine/Content/Internationalization/icudt64l/region/en_CK.res" 1089
"../../../Engine/Content/Internationalization/icudt64l/lang/en_CM.res" 1090
"../../../Engine/Content/Internationalization/icudt64l/region/en_CM.res" 1091
"../../../Engine/Content/Internationalization/icudt64l/lang/en_CX.res" 1092
"../../../Engine/Content/Internationalization/icudt64l/region/en_CX.res" 1093
"../../../Engine/Content/Internationalization/icudt64l/lang/en_CY.res" 1094
"../../../Engine/Content/Internationalization/icudt64l/region/en_CY.res" 1095
"../../../Engine/Content/Internationalization/icudt64l/lang/en_DE.res" 1096
"../../../Engine/Content/Internationalization/icudt64l/region/en_DE.res" 1097
"../../../Engine/Content/Internationalization/icudt64l/lang/en_DG.res" 1098
"../../../Engine/Content/Internationalization/icudt64l/region/en_DG.res" 1099
"../../../Engine/Content/Internationalization/icudt64l/lang/en_DK.res" 1100
"../../../Engine/Content/Internationalization/icudt64l/region/en_DK.res" 1101
"../../../Engine/Content/Internationalization/icudt64l/lang/en_DM.res" 1102
"../../../Engine/Content/Internationalization/icudt64l/region/en_DM.res" 1103
"../../../Engine/Content/Internationalization/icudt64l/lang/en_ER.res" 1104
"../../../Engine/Content/Internationalization/icudt64l/region/en_ER.res" 1105
"../../../Engine/Content/Internationalization/icudt64l/lang/en_FI.res" 1106
"../../../Engine/Content/Internationalization/icudt64l/region/en_FI.res" 1107
"../../../Engine/Content/Internationalization/icudt64l/lang/en_FJ.res" 1108
"../../../Engine/Content/Internationalization/icudt64l/region/en_FJ.res" 1109
"../../../Engine/Content/Internationalization/icudt64l/lang/en_FK.res" 1110
"../../../Engine/Content/Internationalization/icudt64l/region/en_FK.res" 1111
"../../../Engine/Content/Internationalization/icudt64l/lang/en_FM.res" 1112
"../../../Engine/Content/Internationalization/icudt64l/region/en_FM.res" 1113
"../../../Engine/Content/Internationalization/icudt64l/lang/en_GB.res" 1114
"../../../Engine/Content/Internationalization/icudt64l/region/en_GB.res" 1115
"../../../Engine/Content/Internationalization/icudt64l/lang/en_GD.res" 1116
"../../../Engine/Content/Internationalization/icudt64l/region/en_GD.res" 1117
"../../../Engine/Content/Internationalization/icudt64l/lang/en_GG.res" 1118
"../../../Engine/Content/Internationalization/icudt64l/region/en_GG.res" 1119
"../../../Engine/Content/Internationalization/icudt64l/lang/en_GH.res" 1120
"../../../Engine/Content/Internationalization/icudt64l/region/en_GH.res" 1121
"../../../Engine/Content/Internationalization/icudt64l/lang/en_GI.res" 1122
"../../../Engine/Content/Internationalization/icudt64l/region/en_GI.res" 1123
"../../../Engine/Content/Internationalization/icudt64l/lang/en_GM.res" 1124
"../../../Engine/Content/Internationalization/icudt64l/region/en_GM.res" 1125
"../../../Engine/Content/Internationalization/icudt64l/lang/en_GY.res" 1126
"../../../Engine/Content/Internationalization/icudt64l/region/en_GY.res" 1127
"../../../Engine/Content/Internationalization/icudt64l/lang/en_HK.res" 1128
"../../../Engine/Content/Internationalization/icudt64l/region/en_HK.res" 1129
"../../../Engine/Content/Internationalization/icudt64l/lang/en_IE.res" 1130
"../../../Engine/Content/Internationalization/icudt64l/region/en_IE.res" 1131
"../../../Engine/Content/Internationalization/icudt64l/lang/en_IL.res" 1132
"../../../Engine/Content/Internationalization/icudt64l/region/en_IL.res" 1133
"../../../Engine/Content/Internationalization/icudt64l/lang/en_IM.res" 1134
"../../../Engine/Content/Internationalization/icudt64l/region/en_IM.res" 1135
"../../../Engine/Content/Internationalization/icudt64l/lang/en_IN.res" 1136
"../../../Engine/Content/Internationalization/icudt64l/region/en_IN.res" 1137
"../../../Engine/Content/Internationalization/icudt64l/lang/en_IO.res" 1138
"../../../Engine/Content/Internationalization/icudt64l/region/en_IO.res" 1139
"../../../Engine/Content/Internationalization/icudt64l/lang/en_JE.res" 1140
"../../../Engine/Content/Internationalization/icudt64l/region/en_JE.res" 1141
"../../../Engine/Content/Internationalization/icudt64l/lang/en_JM.res" 1142
"../../../Engine/Content/Internationalization/icudt64l/region/en_JM.res" 1143
"../../../Engine/Content/Internationalization/icudt64l/lang/en_KE.res" 1144
"../../../Engine/Content/Internationalization/icudt64l/region/en_KE.res" 1145
"../../../Engine/Content/Internationalization/icudt64l/lang/en_KI.res" 1146
"../../../Engine/Content/Internationalization/icudt64l/region/en_KI.res" 1147
"../../../Engine/Content/Internationalization/icudt64l/lang/en_KN.res" 1148
"../../../Engine/Content/Internationalization/icudt64l/region/en_KN.res" 1149
"../../../Engine/Content/Internationalization/icudt64l/lang/en_KY.res" 1150
"../../../Engine/Content/Internationalization/icudt64l/region/en_KY.res" 1151
"../../../Engine/Content/Internationalization/icudt64l/lang/en_LC.res" 1152
"../../../Engine/Content/Internationalization/icudt64l/region/en_LC.res" 1153
"../../../Engine/Content/Internationalization/icudt64l/lang/en_LR.res" 1154
"../../../Engine/Content/Internationalization/icudt64l/region/en_LR.res" 1155
"../../../Engine/Content/Internationalization/icudt64l/lang/en_LS.res" 1156
"../../../Engine/Content/Internationalization/icudt64l/region/en_LS.res" 1157
"../../../Engine/Content/Internationalization/icudt64l/lang/en_MG.res" 1158
"../../../Engine/Content/Internationalization/icudt64l/region/en_MG.res" 1159
"../../../Engine/Content/Internationalization/icudt64l/lang/en_MO.res" 1160
"../../../Engine/Content/Internationalization/icudt64l/region/en_MO.res" 1161
"../../../Engine/Content/Internationalization/icudt64l/lang/en_MS.res" 1162
"../../../Engine/Content/Internationalization/icudt64l/region/en_MS.res" 1163
"../../../Engine/Content/Internationalization/icudt64l/lang/en_MT.res" 1164
"../../../Engine/Content/Internationalization/icudt64l/region/en_MT.res" 1165
"../../../Engine/Content/Internationalization/icudt64l/lang/en_MU.res" 1166
"../../../Engine/Content/Internationalization/icudt64l/region/en_MU.res" 1167
"../../../Engine/Content/Internationalization/icudt64l/lang/en_MW.res" 1168
"../../../Engine/Content/Internationalization/icudt64l/region/en_MW.res" 1169
"../../../Engine/Content/Internationalization/icudt64l/lang/en_MY.res" 1170
"../../../Engine/Content/Internationalization/icudt64l/region/en_MY.res" 1171
"../../../Engine/Content/Internationalization/icudt64l/lang/en_NA.res" 1172
"../../../Engine/Content/Internationalization/icudt64l/region/en_NA.res" 1173
"../../../Engine/Content/Internationalization/icudt64l/lang/en_NF.res" 1174
"../../../Engine/Content/Internationalization/icudt64l/region/en_NF.res" 1175
"../../../Engine/Content/Internationalization/icudt64l/lang/en_NG.res" 1176
"../../../Engine/Content/Internationalization/icudt64l/region/en_NG.res" 1177
"../../../Engine/Content/Internationalization/icudt64l/lang/en_NL.res" 1178
"../../../Engine/Content/Internationalization/icudt64l/region/en_NL.res" 1179
"../../../Engine/Content/Internationalization/icudt64l/lang/en_NR.res" 1180
"../../../Engine/Content/Internationalization/icudt64l/region/en_NR.res" 1181
"../../../Engine/Content/Internationalization/icudt64l/lang/en_NU.res" 1182
"../../../Engine/Content/Internationalization/icudt64l/region/en_NU.res" 1183
"../../../Engine/Content/Internationalization/icudt64l/lang/en_NZ.res" 1184
"../../../Engine/Content/Internationalization/icudt64l/region/en_NZ.res" 1185
"../../../Engine/Content/Internationalization/icudt64l/lang/en_PG.res" 1186
"../../../Engine/Content/Internationalization/icudt64l/region/en_PG.res" 1187
"../../../Engine/Content/Internationalization/icudt64l/lang/en_PH.res" 1188
"../../../Engine/Content/Internationalization/icudt64l/region/en_PH.res" 1189
"../../../Engine/Content/Internationalization/icudt64l/lang/en_PK.res" 1190
"../../../Engine/Content/Internationalization/icudt64l/region/en_PK.res" 1191
"../../../Engine/Content/Internationalization/icudt64l/lang/en_PN.res" 1192
"../../../Engine/Content/Internationalization/icudt64l/region/en_PN.res" 1193
"../../../Engine/Content/Internationalization/icudt64l/lang/en_PW.res" 1194
"../../../Engine/Content/Internationalization/icudt64l/region/en_PW.res" 1195
"../../../Engine/Content/Internationalization/icudt64l/lang/en_RW.res" 1196
"../../../Engine/Content/Internationalization/icudt64l/region/en_RW.res" 1197
"../../../Engine/Content/Internationalization/icudt64l/lang/en_SB.res" 1198
"../../../Engine/Content/Internationalization/icudt64l/region/en_SB.res" 1199
"../../../Engine/Content/Internationalization/icudt64l/lang/en_SC.res" 1200
"../../../Engine/Content/Internationalization/icudt64l/region/en_SC.res" 1201
"../../../Engine/Content/Internationalization/icudt64l/lang/en_SD.res" 1202
"../../../Engine/Content/Internationalization/icudt64l/region/en_SD.res" 1203
"../../../Engine/Content/Internationalization/icudt64l/lang/en_SE.res" 1204
"../../../Engine/Content/Internationalization/icudt64l/region/en_SE.res" 1205
"../../../Engine/Content/Internationalization/icudt64l/lang/en_SG.res" 1206
"../../../Engine/Content/Internationalization/icudt64l/region/en_SG.res" 1207
"../../../Engine/Content/Internationalization/icudt64l/lang/en_SH.res" 1208
"../../../Engine/Content/Internationalization/icudt64l/region/en_SH.res" 1209
"../../../Engine/Content/Internationalization/icudt64l/lang/en_SI.res" 1210
"../../../Engine/Content/Internationalization/icudt64l/region/en_SI.res" 1211
"../../../Engine/Content/Internationalization/icudt64l/lang/en_SL.res" 1212
"../../../Engine/Content/Internationalization/icudt64l/region/en_SL.res" 1213
"../../../Engine/Content/Internationalization/icudt64l/lang/en_SS.res" 1214
"../../../Engine/Content/Internationalization/icudt64l/region/en_SS.res" 1215
"../../../Engine/Content/Internationalization/icudt64l/lang/en_SX.res" 1216
"../../../Engine/Content/Internationalization/icudt64l/region/en_SX.res" 1217
"../../../Engine/Content/Internationalization/icudt64l/lang/en_SZ.res" 1218
"../../../Engine/Content/Internationalization/icudt64l/region/en_SZ.res" 1219
"../../../Engine/Content/Internationalization/icudt64l/lang/en_TC.res" 1220
"../../../Engine/Content/Internationalization/icudt64l/region/en_TC.res" 1221
"../../../Engine/Content/Internationalization/icudt64l/lang/en_TK.res" 1222
"../../../Engine/Content/Internationalization/icudt64l/region/en_TK.res" 1223
"../../../Engine/Content/Internationalization/icudt64l/lang/en_TO.res" 1224
"../../../Engine/Content/Internationalization/icudt64l/region/en_TO.res" 1225
"../../../Engine/Content/Internationalization/icudt64l/lang/en_TT.res" 1226
"../../../Engine/Content/Internationalization/icudt64l/region/en_TT.res" 1227
"../../../Engine/Content/Internationalization/icudt64l/lang/en_TV.res" 1228
"../../../Engine/Content/Internationalization/icudt64l/region/en_TV.res" 1229
"../../../Engine/Content/Internationalization/icudt64l/lang/en_TZ.res" 1230
"../../../Engine/Content/Internationalization/icudt64l/region/en_TZ.res" 1231
"../../../Engine/Content/Internationalization/icudt64l/lang/en_UG.res" 1232
"../../../Engine/Content/Internationalization/icudt64l/region/en_UG.res" 1233
"../../../Engine/Content/Internationalization/icudt64l/lang/en_VC.res" 1234
"../../../Engine/Content/Internationalization/icudt64l/region/en_VC.res" 1235
"../../../Engine/Content/Internationalization/icudt64l/lang/en_VG.res" 1236
"../../../Engine/Content/Internationalization/icudt64l/region/en_VG.res" 1237
"../../../Engine/Content/Internationalization/icudt64l/lang/en_VU.res" 1238
"../../../Engine/Content/Internationalization/icudt64l/region/en_VU.res" 1239
"../../../Engine/Content/Internationalization/icudt64l/lang/en_WS.res" 1240
"../../../Engine/Content/Internationalization/icudt64l/region/en_WS.res" 1241
"../../../Engine/Content/Internationalization/icudt64l/lang/en_ZA.res" 1242
"../../../Engine/Content/Internationalization/icudt64l/region/en_ZA.res" 1243
"../../../Engine/Content/Internationalization/icudt64l/lang/en_ZM.res" 1244
"../../../Engine/Content/Internationalization/icudt64l/region/en_ZM.res" 1245
"../../../Engine/Content/Internationalization/icudt64l/lang/en_ZW.res" 1246
"../../../Engine/Content/Internationalization/icudt64l/region/en_ZW.res" 1247
"../../../Engine/Content/Internationalization/icudt64l/lang/eo.res" 1248
"../../../Engine/Content/Internationalization/icudt64l/region/eo.res" 1249
"../../../Engine/Content/Internationalization/icudt64l/lang/es_AR.res" 1250
"../../../Engine/Content/Internationalization/icudt64l/region/es_AR.res" 1251
"../../../Engine/Content/Internationalization/icudt64l/lang/es_BO.res" 1252
"../../../Engine/Content/Internationalization/icudt64l/region/es_BO.res" 1253
"../../../Engine/Content/Internationalization/icudt64l/lang/es_BR.res" 1254
"../../../Engine/Content/Internationalization/icudt64l/region/es_BR.res" 1255
"../../../Engine/Content/Internationalization/icudt64l/lang/es_BZ.res" 1256
"../../../Engine/Content/Internationalization/icudt64l/region/es_BZ.res" 1257
"../../../Engine/Content/Internationalization/icudt64l/lang/es_CL.res" 1258
"../../../Engine/Content/Internationalization/icudt64l/region/es_CL.res" 1259
"../../../Engine/Content/Internationalization/icudt64l/lang/es_CO.res" 1260
"../../../Engine/Content/Internationalization/icudt64l/region/es_CO.res" 1261
"../../../Engine/Content/Internationalization/icudt64l/lang/es_CR.res" 1262
"../../../Engine/Content/Internationalization/icudt64l/region/es_CR.res" 1263
"../../../Engine/Content/Internationalization/icudt64l/lang/es_CU.res" 1264
"../../../Engine/Content/Internationalization/icudt64l/region/es_CU.res" 1265
"../../../Engine/Content/Internationalization/icudt64l/lang/es_DO.res" 1266
"../../../Engine/Content/Internationalization/icudt64l/region/es_DO.res" 1267
"../../../Engine/Content/Internationalization/icudt64l/lang/es_EC.res" 1268
"../../../Engine/Content/Internationalization/icudt64l/region/es_EC.res" 1269
"../../../Engine/Content/Internationalization/icudt64l/lang/es_GT.res" 1270
"../../../Engine/Content/Internationalization/icudt64l/region/es_GT.res" 1271
"../../../Engine/Content/Internationalization/icudt64l/lang/es_HN.res" 1272
"../../../Engine/Content/Internationalization/icudt64l/region/es_HN.res" 1273
"../../../Engine/Content/Internationalization/icudt64l/lang/es_NI.res" 1274
"../../../Engine/Content/Internationalization/icudt64l/region/es_NI.res" 1275
"../../../Engine/Content/Internationalization/icudt64l/lang/es_PA.res" 1276
"../../../Engine/Content/Internationalization/icudt64l/region/es_PA.res" 1277
"../../../Engine/Content/Internationalization/icudt64l/lang/es_PE.res" 1278
"../../../Engine/Content/Internationalization/icudt64l/region/es_PE.res" 1279
"../../../Engine/Content/Internationalization/icudt64l/lang/es_PR.res" 1280
"../../../Engine/Content/Internationalization/icudt64l/region/es_PR.res" 1281
"../../../Engine/Content/Internationalization/icudt64l/lang/es_PY.res" 1282
"../../../Engine/Content/Internationalization/icudt64l/region/es_PY.res" 1283
"../../../Engine/Content/Internationalization/icudt64l/lang/es_SV.res" 1284
"../../../Engine/Content/Internationalization/icudt64l/region/es_SV.res" 1285
"../../../Engine/Content/Internationalization/icudt64l/lang/es_US.res" 1286
"../../../Engine/Content/Internationalization/icudt64l/region/es_US.res" 1287
"../../../Engine/Content/Internationalization/icudt64l/lang/es_UY.res" 1288
"../../../Engine/Content/Internationalization/icudt64l/region/es_UY.res" 1289
"../../../Engine/Content/Internationalization/icudt64l/lang/es_VE.res" 1290
"../../../Engine/Content/Internationalization/icudt64l/region/es_VE.res" 1291
"../../../Engine/Content/Internationalization/icudt64l/lang/et.res" 1292
"../../../Engine/Content/Internationalization/icudt64l/region/et.res" 1293
"../../../Engine/Content/Internationalization/icudt64l/lang/eu.res" 1294
"../../../Engine/Content/Internationalization/icudt64l/region/eu.res" 1295
"../../../Engine/Content/Internationalization/icudt64l/lang/ewo.res" 1296
"../../../Engine/Content/Internationalization/icudt64l/region/ewo.res" 1297
"../../../Engine/Content/Internationalization/icudt64l/lang/fa.res" 1298
"../../../Engine/Content/Internationalization/icudt64l/lang/fa_AF.res" 1299
"../../../Engine/Content/Internationalization/icudt64l/region/fa_AF.res" 1300
"../../../Engine/Content/Internationalization/icudt64l/region/fa.res" 1301
"../../../Engine/Content/Internationalization/icudt64l/lang/ff.res" 1302
"../../../Engine/Content/Internationalization/icudt64l/lang/ff_Latn.res" 1303
"../../../Engine/Content/Internationalization/icudt64l/region/ff.res" 1304
"../../../Engine/Content/Internationalization/icudt64l/region/ff_Latn.res" 1305
"../../../Engine/Content/Internationalization/icudt64l/lang/ff_CM.res" 1306
"../../../Engine/Content/Internationalization/icudt64l/lang/ff_Latn_CM.res" 1307
"../../../Engine/Content/Internationalization/icudt64l/region/ff_CM.res" 1308
"../../../Engine/Content/Internationalization/icudt64l/region/ff_Latn_CM.res" 1309
"../../../Engine/Content/Internationalization/icudt64l/lang/ff_GN.res" 1310
"../../../Engine/Content/Internationalization/icudt64l/lang/ff_Latn_GN.res" 1311
"../../../Engine/Content/Internationalization/icudt64l/region/ff_GN.res" 1312
"../../../Engine/Content/Internationalization/icudt64l/region/ff_Latn_GN.res" 1313
"../../../Engine/Content/Internationalization/icudt64l/lang/ff_MR.res" 1314
"../../../Engine/Content/Internationalization/icudt64l/lang/ff_Latn_MR.res" 1315
"../../../Engine/Content/Internationalization/icudt64l/region/ff_MR.res" 1316
"../../../Engine/Content/Internationalization/icudt64l/region/ff_Latn_MR.res" 1317
"../../../Engine/Content/Internationalization/icudt64l/lang/ff_SN.res" 1318
"../../../Engine/Content/Internationalization/icudt64l/lang/ff_Latn_SN.res" 1319
"../../../Engine/Content/Internationalization/icudt64l/region/ff_SN.res" 1320
"../../../Engine/Content/Internationalization/icudt64l/region/ff_Latn_SN.res" 1321
"../../../Engine/Content/Internationalization/icudt64l/lang/fi.res" 1322
"../../../Engine/Content/Internationalization/icudt64l/region/fi.res" 1323
"../../../Engine/Content/Internationalization/icudt64l/lang/fil.res" 1324
"../../../Engine/Content/Internationalization/icudt64l/lang/fil_PH.res" 1325
"../../../Engine/Content/Internationalization/icudt64l/region/fil_PH.res" 1326
"../../../Engine/Content/Internationalization/icudt64l/region/fil.res" 1327
"../../../Engine/Content/Internationalization/icudt64l/lang/fo.res" 1328
"../../../Engine/Content/Internationalization/icudt64l/region/fo.res" 1329
"../../../Engine/Content/Internationalization/icudt64l/lang/fr.res" 1330
"../../../Engine/Content/Internationalization/icudt64l/lang/fr_BE.res" 1331
"../../../Engine/Content/Internationalization/icudt64l/region/fr_BE.res" 1332
"../../../Engine/Content/Internationalization/icudt64l/region/fr.res" 1333
"../../../Engine/Content/Internationalization/icudt64l/lang/fr_CA.res" 1334
"../../../Engine/Content/Internationalization/icudt64l/region/fr_CA.res" 1335
"../../../Engine/Content/Internationalization/icudt64l/lang/fr_CH.res" 1336
"../../../Engine/Content/Internationalization/icudt64l/lang/fur.res" 1337
"../../../Engine/Content/Internationalization/icudt64l/region/fur.res" 1338
"../../../Engine/Content/Internationalization/icudt64l/lang/fy.res" 1339
"../../../Engine/Content/Internationalization/icudt64l/region/fy.res" 1340
"../../../Engine/Content/Internationalization/icudt64l/lang/ga.res" 1341
"../../../Engine/Content/Internationalization/icudt64l/region/ga.res" 1342
"../../../Engine/Content/Internationalization/icudt64l/lang/gd.res" 1343
"../../../Engine/Content/Internationalization/icudt64l/region/gd.res" 1344
"../../../Engine/Content/Internationalization/icudt64l/lang/gl.res" 1345
"../../../Engine/Content/Internationalization/icudt64l/region/gl.res" 1346
"../../../Engine/Content/Internationalization/icudt64l/lang/gsw.res" 1347
"../../../Engine/Content/Internationalization/icudt64l/region/gsw.res" 1348
"../../../Engine/Content/Internationalization/icudt64l/lang/gu.res" 1349
"../../../Engine/Content/Internationalization/icudt64l/region/gu.res" 1350
"../../../Engine/Content/Internationalization/icudt64l/lang/guz.res" 1351
"../../../Engine/Content/Internationalization/icudt64l/region/guz.res" 1352
"../../../Engine/Content/Internationalization/icudt64l/lang/gv.res" 1353
"../../../Engine/Content/Internationalization/icudt64l/region/gv.res" 1354
"../../../Engine/Content/Internationalization/icudt64l/lang/ha.res" 1355
"../../../Engine/Content/Internationalization/icudt64l/region/ha.res" 1356
"../../../Engine/Content/Internationalization/icudt64l/lang/ha_NE.res" 1357
"../../../Engine/Content/Internationalization/icudt64l/region/ha_NE.res" 1358
"../../../Engine/Content/Internationalization/icudt64l/lang/haw.res" 1359
"../../../Engine/Content/Internationalization/icudt64l/region/haw.res" 1360
"../../../Engine/Content/Internationalization/icudt64l/lang/he.res" 1361
"../../../Engine/Content/Internationalization/icudt64l/lang/he_IL.res" 1362
"../../../Engine/Content/Internationalization/icudt64l/region/he_IL.res" 1363
"../../../Engine/Content/Internationalization/icudt64l/region/he.res" 1364
"../../../Engine/Content/Internationalization/icudt64l/lang/hi.res" 1365
"../../../Engine/Content/Internationalization/icudt64l/region/hi.res" 1366
"../../../Engine/Content/Internationalization/icudt64l/lang/hr.res" 1367
"../../../Engine/Content/Internationalization/icudt64l/region/hr.res" 1368
"../../../Engine/Content/Internationalization/icudt64l/lang/hsb.res" 1369
"../../../Engine/Content/Internationalization/icudt64l/region/hsb.res" 1370
"../../../Engine/Content/Internationalization/icudt64l/lang/hu.res" 1371
"../../../Engine/Content/Internationalization/icudt64l/region/hu.res" 1372
"../../../Engine/Content/Internationalization/icudt64l/lang/hy.res" 1373
"../../../Engine/Content/Internationalization/icudt64l/region/hy.res" 1374
"../../../Engine/Content/Internationalization/icudt64l/lang/ia.res" 1375
"../../../Engine/Content/Internationalization/icudt64l/region/ia.res" 1376
"../../../Engine/Content/Internationalization/icudt64l/lang/id.res" 1377
"../../../Engine/Content/Internationalization/icudt64l/lang/id_ID.res" 1378
"../../../Engine/Content/Internationalization/icudt64l/region/id_ID.res" 1379
"../../../Engine/Content/Internationalization/icudt64l/region/id.res" 1380
"../../../Engine/Content/Internationalization/icudt64l/lang/ig.res" 1381
"../../../Engine/Content/Internationalization/icudt64l/region/ig.res" 1382
"../../../Engine/Content/Internationalization/icudt64l/lang/ii.res" 1383
"../../../Engine/Content/Internationalization/icudt64l/region/ii.res" 1384
"../../../Engine/Content/Internationalization/icudt64l/lang/is.res" 1385
"../../../Engine/Content/Internationalization/icudt64l/region/is.res" 1386
"../../../Engine/Content/Internationalization/icudt64l/lang/it.res" 1387
"../../../Engine/Content/Internationalization/icudt64l/region/it.res" 1388
"../../../Engine/Content/Internationalization/icudt64l/lang/ja.res" 1389
"../../../Engine/Content/Internationalization/icudt64l/lang/ja_JP.res" 1390
"../../../Engine/Content/Internationalization/icudt64l/region/ja_JP.res" 1391
"../../../Engine/Content/Internationalization/icudt64l/region/ja.res" 1392
"../../../Engine/Content/Internationalization/icudt64l/lang/jgo.res" 1393
"../../../Engine/Content/Internationalization/icudt64l/region/jgo.res" 1394
"../../../Engine/Content/Internationalization/icudt64l/lang/jmc.res" 1395
"../../../Engine/Content/Internationalization/icudt64l/region/jmc.res" 1396
"../../../Engine/Content/Internationalization/icudt64l/lang/jv.res" 1397
"../../../Engine/Content/Internationalization/icudt64l/region/jv.res" 1398
"../../../Engine/Content/Internationalization/icudt64l/lang/ka.res" 1399
"../../../Engine/Content/Internationalization/icudt64l/region/ka.res" 1400
"../../../Engine/Content/Internationalization/icudt64l/lang/kab.res" 1401
"../../../Engine/Content/Internationalization/icudt64l/region/kab.res" 1402
"../../../Engine/Content/Internationalization/icudt64l/lang/kam.res" 1403
"../../../Engine/Content/Internationalization/icudt64l/region/kam.res" 1404
"../../../Engine/Content/Internationalization/icudt64l/lang/kde.res" 1405
"../../../Engine/Content/Internationalization/icudt64l/region/kde.res" 1406
"../../../Engine/Content/Internationalization/icudt64l/lang/kea.res" 1407
"../../../Engine/Content/Internationalization/icudt64l/region/kea.res" 1408
"../../../Engine/Content/Internationalization/icudt64l/lang/khq.res" 1409
"../../../Engine/Content/Internationalization/icudt64l/region/khq.res" 1410
"../../../Engine/Content/Internationalization/icudt64l/lang/ki.res" 1411
"../../../Engine/Content/Internationalization/icudt64l/region/ki.res" 1412
"../../../Engine/Content/Internationalization/icudt64l/lang/kk.res" 1413
"../../../Engine/Content/Internationalization/icudt64l/region/kk.res" 1414
"../../../Engine/Content/Internationalization/icudt64l/lang/kkj.res" 1415
"../../../Engine/Content/Internationalization/icudt64l/region/kkj.res" 1416
"../../../Engine/Content/Internationalization/icudt64l/lang/kl.res" 1417
"../../../Engine/Content/Internationalization/icudt64l/region/kl.res" 1418
"../../../Engine/Content/Internationalization/icudt64l/lang/kln.res" 1419
"../../../Engine/Content/Internationalization/icudt64l/region/kln.res" 1420
"../../../Engine/Content/Internationalization/icudt64l/lang/km.res" 1421
"../../../Engine/Content/Internationalization/icudt64l/region/km.res" 1422
"../../../Engine/Content/Internationalization/icudt64l/lang/kn.res" 1423
"../../../Engine/Content/Internationalization/icudt64l/region/kn.res" 1424
"../../../Engine/Content/Internationalization/icudt64l/lang/ko.res" 1425
"../../../Engine/Content/Internationalization/icudt64l/region/ko_KP.res" 1426
"../../../Engine/Content/Internationalization/icudt64l/region/ko.res" 1427
"../../../Engine/Content/Internationalization/icudt64l/lang/kok.res" 1428
"../../../Engine/Content/Internationalization/icudt64l/region/kok.res" 1429
"../../../Engine/Content/Internationalization/icudt64l/lang/ks.res" 1430
"../../../Engine/Content/Internationalization/icudt64l/region/ks.res" 1431
"../../../Engine/Content/Internationalization/icudt64l/lang/ksb.res" 1432
"../../../Engine/Content/Internationalization/icudt64l/region/ksb.res" 1433
"../../../Engine/Content/Internationalization/icudt64l/lang/ksf.res" 1434
"../../../Engine/Content/Internationalization/icudt64l/region/ksf.res" 1435
"../../../Engine/Content/Internationalization/icudt64l/lang/ksh.res" 1436
"../../../Engine/Content/Internationalization/icudt64l/region/ksh.res" 1437
"../../../Engine/Content/Internationalization/icudt64l/lang/ku.res" 1438
"../../../Engine/Content/Internationalization/icudt64l/region/ku.res" 1439
"../../../Engine/Content/Internationalization/icudt64l/lang/kw.res" 1440
"../../../Engine/Content/Internationalization/icudt64l/region/kw.res" 1441
"../../../Engine/Content/Internationalization/icudt64l/lang/ky.res" 1442
"../../../Engine/Content/Internationalization/icudt64l/region/ky.res" 1443
"../../../Engine/Content/Internationalization/icudt64l/lang/lag.res" 1444
"../../../Engine/Content/Internationalization/icudt64l/region/lag.res" 1445
"../../../Engine/Content/Internationalization/icudt64l/lang/lb.res" 1446
"../../../Engine/Content/Internationalization/icudt64l/region/lb.res" 1447
"../../../Engine/Content/Internationalization/icudt64l/lang/lg.res" 1448
"../../../Engine/Content/Internationalization/icudt64l/region/lg.res" 1449
"../../../Engine/Content/Internationalization/icudt64l/lang/lkt.res" 1450
"../../../Engine/Content/Internationalization/icudt64l/region/lkt.res" 1451
"../../../Engine/Content/Internationalization/icudt64l/lang/ln.res" 1452
"../../../Engine/Content/Internationalization/icudt64l/region/ln.res" 1453
"../../../Engine/Content/Internationalization/icudt64l/lang/lo.res" 1454
"../../../Engine/Content/Internationalization/icudt64l/region/lo.res" 1455
"../../../Engine/Content/Internationalization/icudt64l/lang/lrc.res" 1456
"../../../Engine/Content/Internationalization/icudt64l/region/lrc.res" 1457
"../../../Engine/Content/Internationalization/icudt64l/lang/lt.res" 1458
"../../../Engine/Content/Internationalization/icudt64l/region/lt.res" 1459
"../../../Engine/Content/Internationalization/icudt64l/lang/lu.res" 1460
"../../../Engine/Content/Internationalization/icudt64l/region/lu.res" 1461
"../../../Engine/Content/Internationalization/icudt64l/lang/luo.res" 1462
"../../../Engine/Content/Internationalization/icudt64l/region/luo.res" 1463
"../../../Engine/Content/Internationalization/icudt64l/lang/luy.res" 1464
"../../../Engine/Content/Internationalization/icudt64l/region/luy.res" 1465
"../../../Engine/Content/Internationalization/icudt64l/lang/lv.res" 1466
"../../../Engine/Content/Internationalization/icudt64l/region/lv.res" 1467
"../../../Engine/Content/Internationalization/icudt64l/lang/mas.res" 1468
"../../../Engine/Content/Internationalization/icudt64l/region/mas.res" 1469
"../../../Engine/Content/Internationalization/icudt64l/lang/mer.res" 1470
"../../../Engine/Content/Internationalization/icudt64l/region/mer.res" 1471
"../../../Engine/Content/Internationalization/icudt64l/lang/mfe.res" 1472
"../../../Engine/Content/Internationalization/icudt64l/region/mfe.res" 1473
"../../../Engine/Content/Internationalization/icudt64l/lang/mg.res" 1474
"../../../Engine/Content/Internationalization/icudt64l/region/mg.res" 1475
"../../../Engine/Content/Internationalization/icudt64l/lang/mgh.res" 1476
"../../../Engine/Content/Internationalization/icudt64l/region/mgh.res" 1477
"../../../Engine/Content/Internationalization/icudt64l/lang/mgo.res" 1478
"../../../Engine/Content/Internationalization/icudt64l/region/mgo.res" 1479
"../../../Engine/Content/Internationalization/icudt64l/lang/mi.res" 1480
"../../../Engine/Content/Internationalization/icudt64l/region/mi.res" 1481
"../../../Engine/Content/Internationalization/icudt64l/lang/mk.res" 1482
"../../../Engine/Content/Internationalization/icudt64l/region/mk.res" 1483
"../../../Engine/Content/Internationalization/icudt64l/lang/ml.res" 1484
"../../../Engine/Content/Internationalization/icudt64l/region/ml.res" 1485
"../../../Engine/Content/Internationalization/icudt64l/lang/mn.res" 1486
"../../../Engine/Content/Internationalization/icudt64l/region/mn.res" 1487
"../../../Engine/Content/Internationalization/icudt64l/lang/mr.res" 1488
"../../../Engine/Content/Internationalization/icudt64l/region/mr.res" 1489
"../../../Engine/Content/Internationalization/icudt64l/lang/ms.res" 1490
"../../../Engine/Content/Internationalization/icudt64l/region/ms.res" 1491
"../../../Engine/Content/Internationalization/icudt64l/lang/mt.res" 1492
"../../../Engine/Content/Internationalization/icudt64l/region/mt.res" 1493
"../../../Engine/Content/Internationalization/icudt64l/lang/mua.res" 1494
"../../../Engine/Content/Internationalization/icudt64l/region/mua.res" 1495
"../../../Engine/Content/Internationalization/icudt64l/lang/my.res" 1496
"../../../Engine/Content/Internationalization/icudt64l/region/my.res" 1497
"../../../Engine/Content/Internationalization/icudt64l/lang/mzn.res" 1498
"../../../Engine/Content/Internationalization/icudt64l/region/mzn.res" 1499
"../../../Engine/Content/Internationalization/icudt64l/lang/naq.res" 1500
"../../../Engine/Content/Internationalization/icudt64l/region/naq.res" 1501
"../../../Engine/Content/Internationalization/icudt64l/lang/nb.res" 1502
"../../../Engine/Content/Internationalization/icudt64l/lang/nb_NO.res" 1503
"../../../Engine/Content/Internationalization/icudt64l/region/nb_NO.res" 1504
"../../../Engine/Content/Internationalization/icudt64l/region/nb.res" 1505
"../../../Engine/Content/Internationalization/icudt64l/lang/nd.res" 1506
"../../../Engine/Content/Internationalization/icudt64l/region/nd.res" 1507
"../../../Engine/Content/Internationalization/icudt64l/lang/nds.res" 1508
"../../../Engine/Content/Internationalization/icudt64l/region/nds.res" 1509
"../../../Engine/Content/Internationalization/icudt64l/lang/ne.res" 1510
"../../../Engine/Content/Internationalization/icudt64l/region/ne.res" 1511
"../../../Engine/Content/Internationalization/icudt64l/lang/nl.res" 1512
"../../../Engine/Content/Internationalization/icudt64l/region/nl.res" 1513
"../../../Engine/Content/Internationalization/icudt64l/lang/nmg.res" 1514
"../../../Engine/Content/Internationalization/icudt64l/region/nmg.res" 1515
"../../../Engine/Content/Internationalization/icudt64l/lang/nn.res" 1516
"../../../Engine/Content/Internationalization/icudt64l/lang/nn_NO.res" 1517
"../../../Engine/Content/Internationalization/icudt64l/region/nn_NO.res" 1518
"../../../Engine/Content/Internationalization/icudt64l/region/nn.res" 1519
"../../../Engine/Content/Internationalization/icudt64l/lang/nnh.res" 1520
"../../../Engine/Content/Internationalization/icudt64l/region/nnh.res" 1521
"../../../Engine/Content/Internationalization/icudt64l/lang/nus.res" 1522
"../../../Engine/Content/Internationalization/icudt64l/region/nus.res" 1523
"../../../Engine/Content/Internationalization/icudt64l/lang/nyn.res" 1524
"../../../Engine/Content/Internationalization/icudt64l/region/nyn.res" 1525
"../../../Engine/Content/Internationalization/icudt64l/lang/om.res" 1526
"../../../Engine/Content/Internationalization/icudt64l/region/om.res" 1527
"../../../Engine/Content/Internationalization/icudt64l/lang/or.res" 1528
"../../../Engine/Content/Internationalization/icudt64l/region/or.res" 1529
"../../../Engine/Content/Internationalization/icudt64l/lang/os.res" 1530
"../../../Engine/Content/Internationalization/icudt64l/region/os.res" 1531
"../../../Engine/Content/Internationalization/icudt64l/lang/pa.res" 1532
"../../../Engine/Content/Internationalization/icudt64l/lang/pa_Arab.res" 1533
"../../../Engine/Content/Internationalization/icudt64l/lang/pa_PK.res" 1534
"../../../Engine/Content/Internationalization/icudt64l/lang/pa_Arab_PK.res" 1535
"../../../Engine/Content/Internationalization/icudt64l/region/pa_PK.res" 1536
"../../../Engine/Content/Internationalization/icudt64l/region/pa_Arab_PK.res" 1537
"../../../Engine/Content/Internationalization/icudt64l/region/pa_Arab.res" 1538
"../../../Engine/Content/Internationalization/icudt64l/lang/pa_Guru.res" 1539
"../../../Engine/Content/Internationalization/icudt64l/lang/pa_IN.res" 1540
"../../../Engine/Content/Internationalization/icudt64l/lang/pa_Guru_IN.res" 1541
"../../../Engine/Content/Internationalization/icudt64l/region/pa_IN.res" 1542
"../../../Engine/Content/Internationalization/icudt64l/region/pa_Guru_IN.res" 1543
"../../../Engine/Content/Internationalization/icudt64l/region/pa_Guru.res" 1544
"../../../Engine/Content/Internationalization/icudt64l/region/pa.res" 1545
"../../../Engine/Content/Internationalization/icudt64l/lang/pl.res" 1546
"../../../Engine/Content/Internationalization/icudt64l/region/pl.res" 1547
"../../../Engine/Content/Internationalization/icudt64l/lang/ps.res" 1548
"../../../Engine/Content/Internationalization/icudt64l/region/ps.res" 1549
"../../../Engine/Content/Internationalization/icudt64l/lang/ps_PK.res" 1550
"../../../Engine/Content/Internationalization/icudt64l/region/ps_PK.res" 1551
"../../../Engine/Content/Internationalization/icudt64l/lang/pt.res" 1552
"../../../Engine/Content/Internationalization/icudt64l/lang/pt_AO.res" 1553
"../../../Engine/Content/Internationalization/icudt64l/lang/pt_PT.res" 1554
"../../../Engine/Content/Internationalization/icudt64l/region/pt_AO.res" 1555
"../../../Engine/Content/Internationalization/icudt64l/region/pt_PT.res" 1556
"../../../Engine/Content/Internationalization/icudt64l/region/pt.res" 1557
"../../../Engine/Content/Internationalization/icudt64l/lang/pt_CH.res" 1558
"../../../Engine/Content/Internationalization/icudt64l/region/pt_CH.res" 1559
"../../../Engine/Content/Internationalization/icudt64l/lang/pt_CV.res" 1560
"../../../Engine/Content/Internationalization/icudt64l/region/pt_CV.res" 1561
"../../../Engine/Content/Internationalization/icudt64l/lang/pt_GQ.res" 1562
"../../../Engine/Content/Internationalization/icudt64l/region/pt_GQ.res" 1563
"../../../Engine/Content/Internationalization/icudt64l/lang/pt_GW.res" 1564
"../../../Engine/Content/Internationalization/icudt64l/region/pt_GW.res" 1565
"../../../Engine/Content/Internationalization/icudt64l/lang/pt_LU.res" 1566
"../../../Engine/Content/Internationalization/icudt64l/region/pt_LU.res" 1567
"../../../Engine/Content/Internationalization/icudt64l/lang/pt_MO.res" 1568
"../../../Engine/Content/Internationalization/icudt64l/region/pt_MO.res" 1569
"../../../Engine/Content/Internationalization/icudt64l/lang/pt_MZ.res" 1570
"../../../Engine/Content/Internationalization/icudt64l/region/pt_MZ.res" 1571
"../../../Engine/Content/Internationalization/icudt64l/lang/pt_ST.res" 1572
"../../../Engine/Content/Internationalization/icudt64l/region/pt_ST.res" 1573
"../../../Engine/Content/Internationalization/icudt64l/lang/pt_TL.res" 1574
"../../../Engine/Content/Internationalization/icudt64l/region/pt_TL.res" 1575
"../../../Engine/Content/Internationalization/icudt64l/lang/qu.res" 1576
"../../../Engine/Content/Internationalization/icudt64l/region/qu.res" 1577
"../../../Engine/Content/Internationalization/icudt64l/lang/rm.res" 1578
"../../../Engine/Content/Internationalization/icudt64l/region/rm.res" 1579
"../../../Engine/Content/Internationalization/icudt64l/lang/rn.res" 1580
"../../../Engine/Content/Internationalization/icudt64l/region/rn.res" 1581
"../../../Engine/Content/Internationalization/icudt64l/lang/ro.res" 1582
"../../../Engine/Content/Internationalization/icudt64l/lang/ro_MD.res" 1583
"../../../Engine/Content/Internationalization/icudt64l/region/ro_MD.res" 1584
"../../../Engine/Content/Internationalization/icudt64l/region/ro.res" 1585
"../../../Engine/Content/Internationalization/icudt64l/lang/rof.res" 1586
"../../../Engine/Content/Internationalization/icudt64l/region/rof.res" 1587
"../../../Engine/Content/Internationalization/icudt64l/lang/ru.res" 1588
"../../../Engine/Content/Internationalization/icudt64l/region/ru.res" 1589
"../../../Engine/Content/Internationalization/icudt64l/region/ru_UA.res" 1590
"../../../Engine/Content/Internationalization/icudt64l/lang/rw.res" 1591
"../../../Engine/Content/Internationalization/icudt64l/region/rw.res" 1592
"../../../Engine/Content/Internationalization/icudt64l/lang/rwk.res" 1593
"../../../Engine/Content/Internationalization/icudt64l/region/rwk.res" 1594
"../../../Engine/Content/Internationalization/icudt64l/lang/sah.res" 1595
"../../../Engine/Content/Internationalization/icudt64l/region/sah.res" 1596
"../../../Engine/Content/Internationalization/icudt64l/lang/saq.res" 1597
"../../../Engine/Content/Internationalization/icudt64l/region/saq.res" 1598
"../../../Engine/Content/Internationalization/icudt64l/lang/sbp.res" 1599
"../../../Engine/Content/Internationalization/icudt64l/region/sbp.res" 1600
"../../../Engine/Content/Internationalization/icudt64l/lang/sd.res" 1601
"../../../Engine/Content/Internationalization/icudt64l/region/sd.res" 1602
"../../../Engine/Content/Internationalization/icudt64l/lang/se.res" 1603
"../../../Engine/Content/Internationalization/icudt64l/lang/se_FI.res" 1604
"../../../Engine/Content/Internationalization/icudt64l/region/se_FI.res" 1605
"../../../Engine/Content/Internationalization/icudt64l/region/se.res" 1606
"../../../Engine/Content/Internationalization/icudt64l/lang/seh.res" 1607
"../../../Engine/Content/Internationalization/icudt64l/region/seh.res" 1608
"../../../Engine/Content/Internationalization/icudt64l/lang/ses.res" 1609
"../../../Engine/Content/Internationalization/icudt64l/region/ses.res" 1610
"../../../Engine/Content/Internationalization/icudt64l/lang/sg.res" 1611
"../../../Engine/Content/Internationalization/icudt64l/region/sg.res" 1612
"../../../Engine/Content/Internationalization/icudt64l/lang/shi.res" 1613
"../../../Engine/Content/Internationalization/icudt64l/lang/shi_Latn.res" 1614
"../../../Engine/Content/Internationalization/icudt64l/lang/shi_MA.res" 1615
"../../../Engine/Content/Internationalization/icudt64l/lang/shi_Tfng_MA.res" 1616
"../../../Engine/Content/Internationalization/icudt64l/lang/shi_Tfng.res" 1617
"../../../Engine/Content/Internationalization/icudt64l/region/shi_MA.res" 1618
"../../../Engine/Content/Internationalization/icudt64l/region/shi_Tfng_MA.res" 1619
"../../../Engine/Content/Internationalization/icudt64l/region/shi_Tfng.res" 1620
"../../../Engine/Content/Internationalization/icudt64l/region/shi.res" 1621
"../../../Engine/Content/Internationalization/icudt64l/region/shi_Latn.res" 1622
"../../../Engine/Content/Internationalization/icudt64l/lang/si.res" 1623
"../../../Engine/Content/Internationalization/icudt64l/region/si.res" 1624
"../../../Engine/Content/Internationalization/icudt64l/lang/sk.res" 1625
"../../../Engine/Content/Internationalization/icudt64l/region/sk.res" 1626
"../../../Engine/Content/Internationalization/icudt64l/lang/sl.res" 1627
"../../../Engine/Content/Internationalization/icudt64l/region/sl.res" 1628
"../../../Engine/Content/Internationalization/icudt64l/lang/smn.res" 1629
"../../../Engine/Content/Internationalization/icudt64l/region/smn.res" 1630
"../../../Engine/Content/Internationalization/icudt64l/lang/sn.res" 1631
"../../../Engine/Content/Internationalization/icudt64l/region/sn.res" 1632
"../../../Engine/Content/Internationalization/icudt64l/lang/so.res" 1633
"../../../Engine/Content/Internationalization/icudt64l/region/so.res" 1634
"../../../Engine/Content/Internationalization/icudt64l/lang/sq.res" 1635
"../../../Engine/Content/Internationalization/icudt64l/region/sq.res" 1636
"../../../Engine/Content/Internationalization/icudt64l/lang/sr.res" 1637
"../../../Engine/Content/Internationalization/icudt64l/lang/sr_Cyrl.res" 1638
"../../../Engine/Content/Internationalization/icudt64l/lang/sr_BA.res" 1639
"../../../Engine/Content/Internationalization/icudt64l/lang/sr_Cyrl_BA.res" 1640
"../../../Engine/Content/Internationalization/icudt64l/region/sr_BA.res" 1641
"../../../Engine/Content/Internationalization/icudt64l/region/sr_Cyrl_BA.res" 1642
"../../../Engine/Content/Internationalization/icudt64l/region/sr_Cyrl.res" 1643
"../../../Engine/Content/Internationalization/icudt64l/region/sr.res" 1644
"../../../Engine/Content/Internationalization/icudt64l/lang/sr_ME.res" 1645
"../../../Engine/Content/Internationalization/icudt64l/lang/sr_Latn_ME.res" 1646
"../../../Engine/Content/Internationalization/icudt64l/lang/sr_Latn.res" 1647
"../../../Engine/Content/Internationalization/icudt64l/region/sr_ME.res" 1648
"../../../Engine/Content/Internationalization/icudt64l/region/sr_Latn_ME.res" 1649
"../../../Engine/Content/Internationalization/icudt64l/region/sr_Latn.res" 1650
"../../../Engine/Content/Internationalization/icudt64l/lang/sr_Cyrl_ME.res" 1651
"../../../Engine/Content/Internationalization/icudt64l/region/sr_Cyrl_ME.res" 1652
"../../../Engine/Content/Internationalization/icudt64l/lang/sr_RS.res" 1653
"../../../Engine/Content/Internationalization/icudt64l/lang/sr_Cyrl_RS.res" 1654
"../../../Engine/Content/Internationalization/icudt64l/region/sr_RS.res" 1655
"../../../Engine/Content/Internationalization/icudt64l/region/sr_Cyrl_RS.res" 1656
"../../../Engine/Content/Internationalization/icudt64l/lang/sr_XK.res" 1657
"../../../Engine/Content/Internationalization/icudt64l/lang/sr_Cyrl_XK.res" 1658
"../../../Engine/Content/Internationalization/icudt64l/region/sr_XK.res" 1659
"../../../Engine/Content/Internationalization/icudt64l/region/sr_Cyrl_XK.res" 1660
"../../../Engine/Content/Internationalization/icudt64l/lang/sr_Latn_BA.res" 1661
"../../../Engine/Content/Internationalization/icudt64l/region/sr_Latn_BA.res" 1662
"../../../Engine/Content/Internationalization/icudt64l/lang/sr_Latn_RS.res" 1663
"../../../Engine/Content/Internationalization/icudt64l/region/sr_Latn_RS.res" 1664
"../../../Engine/Content/Internationalization/icudt64l/lang/sr_Latn_XK.res" 1665
"../../../Engine/Content/Internationalization/icudt64l/region/sr_Latn_XK.res" 1666
"../../../Engine/Content/Internationalization/icudt64l/lang/sv.res" 1667
"../../../Engine/Content/Internationalization/icudt64l/region/sv.res" 1668
"../../../Engine/Content/Internationalization/icudt64l/lang/sv_FI.res" 1669
"../../../Engine/Content/Internationalization/icudt64l/lang/sw.res" 1670
"../../../Engine/Content/Internationalization/icudt64l/lang/sw_CD.res" 1671
"../../../Engine/Content/Internationalization/icudt64l/region/sw_CD.res" 1672
"../../../Engine/Content/Internationalization/icudt64l/region/sw.res" 1673
"../../../Engine/Content/Internationalization/icudt64l/lang/sw_KE.res" 1674
"../../../Engine/Content/Internationalization/icudt64l/region/sw_KE.res" 1675
"../../../Engine/Content/Internationalization/icudt64l/lang/ta.res" 1676
"../../../Engine/Content/Internationalization/icudt64l/region/ta.res" 1677
"../../../Engine/Content/Internationalization/icudt64l/lang/te.res" 1678
"../../../Engine/Content/Internationalization/icudt64l/region/te.res" 1679
"../../../Engine/Content/Internationalization/icudt64l/lang/teo.res" 1680
"../../../Engine/Content/Internationalization/icudt64l/region/teo.res" 1681
"../../../Engine/Content/Internationalization/icudt64l/lang/tg.res" 1682
"../../../Engine/Content/Internationalization/icudt64l/region/tg.res" 1683
"../../../Engine/Content/Internationalization/icudt64l/lang/th.res" 1684
"../../../Engine/Content/Internationalization/icudt64l/lang/th_TH.res" 1685
"../../../Engine/Content/Internationalization/icudt64l/region/th_TH.res" 1686
"../../../Engine/Content/Internationalization/icudt64l/region/th.res" 1687
"../../../Engine/Content/Internationalization/icudt64l/lang/ti.res" 1688
"../../../Engine/Content/Internationalization/icudt64l/region/ti.res" 1689
"../../../Engine/Content/Internationalization/icudt64l/lang/tk.res" 1690
"../../../Engine/Content/Internationalization/icudt64l/region/tk.res" 1691
"../../../Engine/Content/Internationalization/icudt64l/lang/to.res" 1692
"../../../Engine/Content/Internationalization/icudt64l/region/to.res" 1693
"../../../Engine/Content/Internationalization/icudt64l/lang/tr.res" 1694
"../../../Engine/Content/Internationalization/icudt64l/region/tr.res" 1695
"../../../Engine/Content/Internationalization/icudt64l/lang/tt.res" 1696
"../../../Engine/Content/Internationalization/icudt64l/region/tt.res" 1697
"../../../Engine/Content/Internationalization/icudt64l/lang/twq.res" 1698
"../../../Engine/Content/Internationalization/icudt64l/region/twq.res" 1699
"../../../Engine/Content/Internationalization/icudt64l/lang/tzm.res" 1700
"../../../Engine/Content/Internationalization/icudt64l/region/tzm.res" 1701
"../../../Engine/Content/Internationalization/icudt64l/lang/ug.res" 1702
"../../../Engine/Content/Internationalization/icudt64l/region/ug.res" 1703
"../../../Engine/Content/Internationalization/icudt64l/lang/uk.res" 1704
"../../../Engine/Content/Internationalization/icudt64l/region/uk.res" 1705
"../../../Engine/Content/Internationalization/icudt64l/lang/ur.res" 1706
"../../../Engine/Content/Internationalization/icudt64l/lang/ur_IN.res" 1707
"../../../Engine/Content/Internationalization/icudt64l/region/ur_IN.res" 1708
"../../../Engine/Content/Internationalization/icudt64l/region/ur.res" 1709
"../../../Engine/Content/Internationalization/icudt64l/lang/uz.res" 1710
"../../../Engine/Content/Internationalization/icudt64l/lang/uz_Arab.res" 1711
"../../../Engine/Content/Internationalization/icudt64l/lang/uz_AF.res" 1712
"../../../Engine/Content/Internationalization/icudt64l/lang/uz_Arab_AF.res" 1713
"../../../Engine/Content/Internationalization/icudt64l/region/uz_AF.res" 1714
"../../../Engine/Content/Internationalization/icudt64l/region/uz_Arab_AF.res" 1715
"../../../Engine/Content/Internationalization/icudt64l/region/uz_Arab.res" 1716
"../../../Engine/Content/Internationalization/icudt64l/lang/uz_Cyrl.res" 1717
"../../../Engine/Content/Internationalization/icudt64l/lang/uz_UZ.res" 1718
"../../../Engine/Content/Internationalization/icudt64l/lang/uz_Latn_UZ.res" 1719
"../../../Engine/Content/Internationalization/icudt64l/lang/uz_Latn.res" 1720
"../../../Engine/Content/Internationalization/icudt64l/region/uz_UZ.res" 1721
"../../../Engine/Content/Internationalization/icudt64l/region/uz_Latn_UZ.res" 1722
"../../../Engine/Content/Internationalization/icudt64l/region/uz_Latn.res" 1723
"../../../Engine/Content/Internationalization/icudt64l/region/uz.res" 1724
"../../../Engine/Content/Internationalization/icudt64l/region/uz_Cyrl.res" 1725
"../../../Engine/Content/Internationalization/icudt64l/lang/vai.res" 1726
"../../../Engine/Content/Internationalization/icudt64l/lang/vai_Latn.res" 1727
"../../../Engine/Content/Internationalization/icudt64l/lang/vai_LR.res" 1728
"../../../Engine/Content/Internationalization/icudt64l/lang/vai_Vaii_LR.res" 1729
"../../../Engine/Content/Internationalization/icudt64l/lang/vai_Vaii.res" 1730
"../../../Engine/Content/Internationalization/icudt64l/region/vai_LR.res" 1731
"../../../Engine/Content/Internationalization/icudt64l/region/vai_Vaii_LR.res" 1732
"../../../Engine/Content/Internationalization/icudt64l/region/vai_Vaii.res" 1733
"../../../Engine/Content/Internationalization/icudt64l/region/vai.res" 1734
"../../../Engine/Content/Internationalization/icudt64l/region/vai_Latn.res" 1735
"../../../Engine/Content/Internationalization/icudt64l/lang/vi.res" 1736
"../../../Engine/Content/Internationalization/icudt64l/region/vi.res" 1737
"../../../Engine/Content/Internationalization/icudt64l/lang/vun.res" 1738
"../../../Engine/Content/Internationalization/icudt64l/region/vun.res" 1739
"../../../Engine/Content/Internationalization/icudt64l/lang/wae.res" 1740
"../../../Engine/Content/Internationalization/icudt64l/region/wae.res" 1741
"../../../Engine/Content/Internationalization/icudt64l/lang/wo.res" 1742
"../../../Engine/Content/Internationalization/icudt64l/region/wo.res" 1743
"../../../Engine/Content/Internationalization/icudt64l/lang/xh.res" 1744
"../../../Engine/Content/Internationalization/icudt64l/region/xh.res" 1745
"../../../Engine/Content/Internationalization/icudt64l/lang/xog.res" 1746
"../../../Engine/Content/Internationalization/icudt64l/region/xog.res" 1747
"../../../Engine/Content/Internationalization/icudt64l/lang/yav.res" 1748
"../../../Engine/Content/Internationalization/icudt64l/region/yav.res" 1749
"../../../Engine/Content/Internationalization/icudt64l/lang/yi.res" 1750
"../../../Engine/Content/Internationalization/icudt64l/region/yi.res" 1751
"../../../Engine/Content/Internationalization/icudt64l/lang/yo.res" 1752
"../../../Engine/Content/Internationalization/icudt64l/lang/yo_BJ.res" 1753
"../../../Engine/Content/Internationalization/icudt64l/region/yo_BJ.res" 1754
"../../../Engine/Content/Internationalization/icudt64l/region/yo.res" 1755
"../../../Engine/Content/Internationalization/icudt64l/lang/yue.res" 1756
"../../../Engine/Content/Internationalization/icudt64l/lang/yue_Hans.res" 1757
"../../../Engine/Content/Internationalization/icudt64l/lang/yue_CN.res" 1758
"../../../Engine/Content/Internationalization/icudt64l/lang/yue_Hans_CN.res" 1759
"../../../Engine/Content/Internationalization/icudt64l/region/yue_CN.res" 1760
"../../../Engine/Content/Internationalization/icudt64l/region/yue_Hans_CN.res" 1761
"../../../Engine/Content/Internationalization/icudt64l/region/yue_Hans.res" 1762
"../../../Engine/Content/Internationalization/icudt64l/lang/yue_Hant.res" 1763
"../../../Engine/Content/Internationalization/icudt64l/lang/yue_HK.res" 1764
"../../../Engine/Content/Internationalization/icudt64l/lang/yue_Hant_HK.res" 1765
"../../../Engine/Content/Internationalization/icudt64l/region/yue_HK.res" 1766
"../../../Engine/Content/Internationalization/icudt64l/region/yue_Hant_HK.res" 1767
"../../../Engine/Content/Internationalization/icudt64l/region/yue_Hant.res" 1768
"../../../Engine/Content/Internationalization/icudt64l/region/yue.res" 1769
"../../../Engine/Content/Internationalization/icudt64l/lang/zgh.res" 1770
"../../../Engine/Content/Internationalization/icudt64l/region/zgh.res" 1771
"../../../Engine/Content/Internationalization/icudt64l/lang/zh.res" 1772
"../../../Engine/Content/Internationalization/icudt64l/lang/zh_Hans.res" 1773
"../../../Engine/Content/Internationalization/icudt64l/lang/zh_CN.res" 1774
"../../../Engine/Content/Internationalization/icudt64l/lang/zh_Hans_CN.res" 1775
"../../../Engine/Content/Internationalization/icudt64l/region/zh_CN.res" 1776
"../../../Engine/Content/Internationalization/icudt64l/region/zh_Hans_CN.res" 1777
"../../../Engine/Content/Internationalization/icudt64l/region/zh_Hans.res" 1778
"../../../Engine/Content/Internationalization/icudt64l/region/zh.res" 1779
"../../../Engine/Content/Internationalization/icudt64l/lang/zh_HK.res" 1780
"../../../Engine/Content/Internationalization/icudt64l/lang/zh_Hant_HK.res" 1781
"../../../Engine/Content/Internationalization/icudt64l/lang/zh_Hant.res" 1782
"../../../Engine/Content/Internationalization/icudt64l/region/zh_HK.res" 1783
"../../../Engine/Content/Internationalization/icudt64l/region/zh_Hant_HK.res" 1784
"../../../Engine/Content/Internationalization/icudt64l/region/zh_Hant.res" 1785
"../../../Engine/Content/Internationalization/icudt64l/lang/zh_MO.res" 1786
"../../../Engine/Content/Internationalization/icudt64l/lang/zh_Hant_MO.res" 1787
"../../../Engine/Content/Internationalization/icudt64l/region/zh_MO.res" 1788
"../../../Engine/Content/Internationalization/icudt64l/region/zh_Hant_MO.res" 1789
"../../../Engine/Content/Internationalization/icudt64l/lang/zh_SG.res" 1790
"../../../Engine/Content/Internationalization/icudt64l/lang/zh_Hans_SG.res" 1791
"../../../Engine/Content/Internationalization/icudt64l/region/zh_SG.res" 1792
"../../../Engine/Content/Internationalization/icudt64l/region/zh_Hans_SG.res" 1793
"../../../Engine/Content/Internationalization/icudt64l/lang/zh_TW.res" 1794
"../../../Engine/Content/Internationalization/icudt64l/lang/zh_Hant_TW.res" 1795
"../../../Engine/Content/Internationalization/icudt64l/region/zh_TW.res" 1796
"../../../Engine/Content/Internationalization/icudt64l/region/zh_Hant_TW.res" 1797
"../../../Engine/Content/Internationalization/icudt64l/lang/zu.res" 1798
"../../../Engine/Content/Internationalization/icudt64l/region/zu.res" 1799
"../../../Engine/Content/Internationalization/icudt64l/lang/no.res" 1800
"../../../Engine/Content/Internationalization/icudt64l/lang/tl.res" 1801
"../../../Engine/Config/Android/DataDrivenPlatformInfo.ini" 1802
"../../../Engine/Config/IOS/DataDrivenPlatformInfo.ini" 1803
"../../../Engine/Config/Linux/DataDrivenPlatformInfo.ini" 1804
"../../../Engine/Config/LinuxArm64/DataDrivenPlatformInfo.ini" 1805
"../../../Engine/Config/Mac/DataDrivenPlatformInfo.ini" 1806
"../../../Engine/Config/TVOS/DataDrivenPlatformInfo.ini" 1807
"../../../Engine/Config/Unix/DataDrivenPlatformInfo.ini" 1808
"../../../Engine/Config/VulkanPC/DataDrivenPlatformInfo.ini" 1809
"../../../Engine/Config/Windows/DataDrivenPlatformInfo.ini" 1810
"../../../Engine/Platforms/VisionOS/Config/DataDrivenPlatformInfo.ini" 1811
"../../../Engine/DerivedDataCache/Compressed.ddp" 1812
"C:/Users/DarkW/AppData/Local/UnrealEngine/5.4/Saved/Zen/zen.version" 1813
"C:/Users/DarkW/AppData/Local/UnrealEngine/Common/Zen/Install/zen.version" 1814
"C:/Users/DarkW/AppData/Local/UnrealEngine/Common/Zen/Install/zenserver.runcontext" 1815
"C:/Users/DarkW/AppData/Local/UnrealEngine/Common/DerivedDataCache/TestData/0/TestData_4kb.dat" 1816
"C:/Users/DarkW/AppData/Local/UnrealEngine/Common/DerivedDataCache/TestData/1/TestData_4kb.dat" 1817
"C:/Users/DarkW/AppData/Local/UnrealEngine/Common/DerivedDataCache/TestData/0/TestData_8kb.dat" 1818
"C:/Users/DarkW/AppData/Local/UnrealEngine/Common/DerivedDataCache/TestData/1/TestData_8kb.dat" 1819
"C:/Users/DarkW/AppData/Local/UnrealEngine/Common/DerivedDataCache/TestData/0/TestData_16kb.dat" 1820
"C:/Users/DarkW/AppData/Local/UnrealEngine/Common/DerivedDataCache/TestData/1/TestData_16kb.dat" 1821
"C:/Users/DarkW/AppData/Local/UnrealEngine/Common/DerivedDataCache/TestData/0/TestData_64kb.dat" 1822
"C:/Users/DarkW/AppData/Local/UnrealEngine/Common/DerivedDataCache/TestData/1/TestData_64kb.dat" 1823
"C:/Users/DarkW/AppData/Local/UnrealEngine/Common/DerivedDataCache/TestData/0/TestData_128kb.dat" 1824
"C:/Users/DarkW/AppData/Local/UnrealEngine/Common/DerivedDataCache/TestData/1/TestData_128kb.dat" 1825
"C:/Users/DarkW/AppData/Local/UnrealEngine/Common/DerivedDataCache/TestData/0/TestData_256kb.dat" 1826
"C:/Users/DarkW/AppData/Local/UnrealEngine/Common/DerivedDataCache/TestData/1/TestData_256kb.dat" 1827
"../../../../../../UnrealProyects/MotoresComerciales/Motorescomerciales1/MotoresComerciales/Intermediate/ShaderAutogen/PCD3D_SM5/AutogenShaderHeaders.ush" 1828
"../../../Engine/Shaders/Private/HairStrands/HairStrandsVertexFactory.ush" 1829
"../../../Engine/Shaders/Private/VertexFactoryCommon.ush" 1830
"../../../Engine/Shaders/Private/Common.ush" 1831
"../../../Engine/Shaders/Public/Platform.ush" 1832
"../../../Engine/Shaders/Public/FP16Math.ush" 1833
"../../../Engine/Shaders/Public/Platform/D3D/D3DCommon.ush" 1834
"../../../Engine/Shaders/Shared/HLSLReservedSpaces.h" 1835
"../../../Engine/Shaders/Public/BindlessResources.ush" 1836
"../../../Engine/Shaders/Public/OverloadMacros.ush" 1837
"../../../Engine/Shaders/Public/ShaderVersion.ush" 1838
"../../../Engine/Shaders/Private/PackUnpack.ush" 1839
"../../../Engine/Shaders/Private/GeneratedUniformBufferTypes.ush" 1840
"../../../Engine/Shaders/Private/Nanite/NanitePackedNaniteView.ush" 1841
"../../../Engine/Shaders/Private/HairStrands/HairStrandsVisibilityCommonStruct.ush" 1842
"../../../Engine/Shaders/Private/HairStrands/HairStrandsVoxelPageCommonStruct.ush" 1843
"../../../Engine/Shaders/Private/HairStrands/HairStrandsDeepShadowCommonStruct.ush" 1844
"../../../Engine/Shaders/Shared/LightSceneData.h" 1845
"../../../Engine/Shaders/Shared/HLSLTypeAliases.h" 1846
"../../../Engine/Shaders/Private/LargeWorldCoordinates.ush" 1847
"../../../Engine/Shaders/Private/DoubleFloat.ush" 1848
"../../../Engine/Shaders/Private/DoubleFloatOperations.ush" 1849
"../../../Engine/Shaders/Private/DoubleFloatVectorDefinition.ush" 1850
"../../../Engine/Shaders/Private/LWCOperations.ush" 1851
"../../../Engine/Shaders/Private/CommonViewUniformBuffer.ush" 1852
"../../../Engine/Shaders/Private/InstancedStereo.ush" 1853
"../../../Engine/Shaders/Private/Definitions.usf" 1854
"../../../Engine/Shaders/Private/AssertionMacros.ush" 1855
"../../../Engine/Shaders/Private/FastMath.ush" 1856
"../../../Engine/Shaders/Private/FastMathThirdParty.ush" 1857
"../../../Engine/Shaders/Private/Random.ush" 1858
"../../../Engine/Shaders/Private/SceneData.ush" 1859
"../../../Engine/Shaders/Private/OctahedralCommon.ush" 1860
"../../../Engine/Shaders/Private/WaveOpUtil.ush" 1861
"../../../Engine/Shaders/Shared/SceneDefinitions.h" 1862
"../../../Engine/Shaders/Private/SceneDataMobileLoader.ush" 1863
"../../../Engine/Shaders/Private/LocalVertexFactoryCommon.ush" 1864
"../../../Engine/Shaders/Private/HairStrands/HairStrandsVisibilityCommon.ush" 1865
"../../../Engine/Shaders/Shared/HairStrandsDefinitions.h" 1866
"../../../Engine/Shaders/Private/HairStrands/HairStrandsVertexFactoryCommon.ush" 1867
"../../../Engine/Shaders/Private/HairStrands/HairStrandsPack.ush" 1868
"../../../Engine/Shaders/Private/HairStrands/HairStrandsAttributeCommon.ush" 1869
"../../../Engine/Shaders/Private/HairStrands/HairStrandsAttributeTemplate.ush" 1870
"../../../Engine/Shaders/Private/VertexFactoryDefaultInterface.ush" 1871
"../../../Engine/Shaders/Private/HairStrands/HairCardsVertexFactory.ush" 1872
"../../../Engine/Shaders/Private/HairStrands/HairCardsAttributeCommon.ush" 1873
"../../../Engine/Shaders/Private/RayTracing/RayTracingCommon.ush" 1874
"../../../Engine/Shaders/Private/ShadingCommon.ush" 1875
"../../../Engine/Shaders/Shared/RayTracingDefinitions.h" 1876
"../../../Engine/Shaders/Shared/RayTracingPayloadType.h" 1877
"../../../Engine/Shaders/Shared/HLSLStaticAssert.h" 1878
"../../../Engine/Shaders/Private/RayTracing/RayTracingRayCone.ush" 1879
"../../../Engine/Shaders/Private/Substrate/Substrate.ush" 1880
"../../../Engine/Shaders/Private/ShadingEnergyConservation.ush" 1881
"../../../Engine/Shaders/Private/ShadingEnergyConservationTemplate.ush" 1882
"../../../Engine/Shaders/Private/BRDF.ush" 1883
"../../../Engine/Shaders/Private/ColorSpace.ush" 1884
"../../../Engine/Shaders/Private/DeferredShadingCommon.ush" 1885
"../../../Engine/Shaders/Private/LightAccumulator.ush" 1886
"../../../Engine/Shaders/Private/SceneTexturesCommon.ush" 1887
"../../../Engine/Shaders/Private/MonteCarlo.ush" 1888
"../../../Engine/Shaders/Private/GBufferHelpers.ush" 1889
"../../../Engine/Shaders/Private/SceneTextureParameters.ush" 1890
"C:/UnrealProyects/MotoresComerciales/Motorescomerciales1/MotoresComerciales/Intermediate/ShaderAutogen/PCD3D_SM5/AutogenShaderHeaders.ush" 1891
"../../../Engine/Shaders/Private/ParticipatingMediaCommon.ush" 1892
"../../../Engine/Shaders/Private/ThinFilmBSDF.ush" 1893
"../../../Engine/Shaders/Private/MortonCode.ush" 1894
"../../../Engine/Shaders/Private/SubsurfaceProfileCommon.ush" 1895
"../../../Engine/Shaders/Private/BurleyNormalizedSSSCommon.ush" 1896
"../../../Engine/Shaders/Private/GammaCorrectionCommon.ush" 1897
"../../../Engine/Shaders/Shared/SubstrateDefinitions.h" 1898
"../../../Engine/Shaders/Private/Substrate/SubstrateStatisticalOperators.ush" 1899
"../../../Engine/Shaders/Private/Substrate/SubstrateSubsurface.ush" 1900
"../../../Engine/Shaders/Private/TransmissionCommon.ush" 1901
"../../../Engine/Shaders/Private/RayTracing/RayTracingCommonMetal.ush" 1902
"../../../Engine/Shaders/Private/PositionReconstructionCommon.ush" 1903
"../../../Engine/Shaders/Private/RayTracing/TraceRayInline.ush" 1904
"../../../Engine/Shaders/Private/RayTracing/TraceRayInlineCommon.ush" 1905
"../../../Engine/Shaders/Private/RayTracing/TraceRayInlineVulkan.ush" 1906
"../../../Engine/Shaders/Private/RayTracing/TraceRayInlineMetal.ush" 1907
"../../../Engine/Shaders/Private/RayTracing/RayTracingHitGroupCommon.ush" 1908
"../../../Engine/Shaders/Shared/RayTracingBuiltInResources.h" 1909
"../../../Engine/Shaders/Private/Nanite/NaniteDataDecode.ush" 1910
"../../../Engine/Shaders/Private/BitPacking.ush" 1911
"../../../Engine/Shaders/Private/BitStreamReaderImplementation.ush" 1912
"../../../Engine/Shaders/Shared/NaniteDefinitions.h" 1913
"../../../Engine/Shaders/Private/Nanite/NaniteAttributeDecode.ush" 1914
"../../../Engine/Shaders/Private/Barycentrics.ush" 1915
"../../../Engine/Shaders/Private/DualNumber.ush" 1916
"../../../Engine/Plugins/FX/Niagara/Shaders/Private/NiagaraSpriteVertexFactory.ush" 1917
"../../../Engine/Shaders/Private/ParticleVertexFactoryCommon.ush" 1918
"../../../Engine/Plugins/FX/Niagara/Shaders/Private/NiagaraVFCommon.usf" 1919
"../../../Engine/Plugins/FX/Niagara/Shaders/Private/NiagaraVFParticleAccess.usf" 1920
"../../../Engine/Plugins/FX/Niagara/Shaders/Private/NiagaraParticleAccess.ush" 1921
"../../../Engine/Plugins/FX/Niagara/Shaders/Private/NiagaraRibbonVertexFactory.ush" 1922
"../../../Engine/Plugins/FX/Niagara/Shaders/Private/NiagaraMeshVertexFactory.ush" 1923
"../../../Engine/Plugins/FX/Niagara/Shaders/Private/NiagaraCommon.ush" 1924
"../../../Engine/Plugins/FX/Niagara/Shaders/Private/NiagaraMeshParticleUtils.ush" 1925
"../../../Engine/Shaders/Private/VectorFieldVisualizationVertexFactory.ush" 1926
"../../../Engine/Shaders/Private/Nanite/NaniteVertexFactory.ush" 1927
"../../../Engine/Shaders/Private/LightmapData.ush" 1928
"../../../Engine/Shaders/Private/SplineMeshCommon.ush" 1929
"../../../Engine/Shaders/Shared/SplineMeshShaderParams.h" 1930
"../../../Engine/Shaders/Private/Quaternion.ush" 1931
"../../../Engine/Shaders/Private/ShaderPrint.ush" 1932
"../../../Engine/Shaders/Private/ShaderPrintCommon.ush" 1933
"../../../Engine/Shaders/Private/MiniFontCommon.ush" 1934
"../../../Engine/Shaders/Private/Nanite/NaniteVertexDeformation.ush" 1935
"../../../Engine/Shaders/Private/ParticleSpriteVertexFactory.ush" 1936
"../../../Engine/Shaders/Private/ParticleGPUSpriteVertexFactory.ush" 1937
"../../../Engine/Shaders/Private/ParticleSimulationCommon.ush" 1938
"../../../Engine/Shaders/Private/ParticleBeamTrailVertexFactory.ush" 1939
"../../../Engine/Shaders/Private/MeshParticleVertexFactory.ush" 1940
"../../../Engine/Shaders/Private/LocalVertexFactory.ush" 1941
"../../../Engine/Shaders/Private/GpuSkinCommon.ush" 1942
"../../../Engine/Shaders/Private/GpuSkinVertexFactory.ush" 1943
"../../../Engine/Shaders/Private/GeometryCollectionVertexFactory.ush" 1944
"../../../Engine/Shaders/Private/GeometryCacheVertexFactory.ush" 1945
"../../../Engine/Shaders/Private/LandscapeVertexFactory.ush" 1946
"../../../Engine/Shaders/Private/PostProcessMaterialShaders.usf" 1947
"../../../Engine/Shaders/Private/ScreenPass.ush" 1948
"../../../Engine/Shaders/Private/NeuralPostProcessCommon.usf" 1949
"../../../Engine/Shaders/Private/MaterialTemplate.ush" 1950
"../../../Engine/Shaders/Private/WorldSpaceMath.ush" 1951
"../../../Engine/Shaders/Private/EyeAdaptationCommon.ush" 1952
"../../../Engine/Shaders/Private/SobolRandom.ush" 1953
"../../../Engine/Shaders/Private/DepthOfFieldCommon.ush" 1954
"../../../Engine/Shaders/Private/CircleDOFCommon.ush" 1955
"../../../Engine/Shaders/Private/DistanceField/GlobalDistanceFieldShared.ush" 1956
"../../../Engine/Shaders/Private/PhysicsFieldSampler.ush" 1957
"../../../Engine/Shaders/Private/PhysicsFieldShared.ush" 1958
"../../../Engine/Shaders/Private/HairShadingCommon.ush" 1959
"../../../Engine/Shaders/Private/SparseVolumeTexture/SparseVolumeTextureCommon.ush" 1960
"../../../Engine/Shaders/Shared/EnvironmentComponentsFlags.h" 1961
"../../../Engine/Shaders/Private/SpeedTreeCommon.ush" 1962
"../../../Engine/Shaders/Private/VirtualTextureCommon.ush" 1963
"../../../Engine/Shaders/Private/MaterialTexture.ush" 1964
"../../../Engine/Shaders/Private/MinMaterialTexCoords.ush" 1965
"../../../Engine/Shaders/Private/SkyAtmosphereCommon.ush" 1966
"../../../Engine/Shaders/Private/SingleLayerWaterCommon.ush" 1967
"../../../Engine/Shaders/Private/TextureSampling.ush" 1968
"../../../Engine/Shaders/Private/PaniniProjection.ush" 1969
"../../../Engine/Shaders/Private/DBufferNormalReprojection.ush" 1970
"../../../Engine/Shaders/Private/Substrate/SubstrateTree.ush" 1971
"../../../Engine/Shaders/Private/Substrate/SubstrateEvaluation.ush" 1972
"../../../Engine/Shaders/Private/Substrate/Glint/GlintThirdParty.ush" 1973
"../../../Engine/Shaders/Private/BlueNoise.ush" 1974
"../../../Engine/Shaders/Private/SHCommon.ush" 1975
"../../../Engine/Shaders/Private/ShadingModels.ush" 1976
"../../../Engine/Shaders/Private/CapsuleLight.ush" 1977
"../../../Engine/Shaders/Private/RectLight.ush" 1978
"../../../Engine/Shaders/Private/LightData.ush" 1979
"../../../Engine/Shaders/Shared/LightDefinitions.h" 1980
"../../../Engine/Shaders/Private/AreaLightCommon.ush" 1981
"../../../Engine/Shaders/Private/HairBsdf.ush" 1982
"../../../Engine/Shaders/Private/MobileGGX.ush" 1983
"../../../Engine/Shaders/Private/ShadingModelsSampling.ush" 1984
"../../../Engine/Shaders/Private/HairStrands/HairBsdfSample.ush" 1985
"../../../Engine/Shaders/Private/HairStrands/HairStrandsCommon.ush" 1986
"../../../Engine/Shaders/Private/HairStrands/HairStrandsDeepTransmittanceCommon.ush" 1987
"../../../Engine/Shaders/Private/HairStrands/HairStrandsDeepTransmittanceDualScattering.ush" 1988
"../../../Engine/Shaders/Private/HairStrands/HairStrandsEnvironmentLightingCommon.ush" 1989
"../../../Engine/Shaders/Private/Substrate/SubstrateLegacyConversion.ush" 1990
"../../../Engine/Shaders/Private/DBufferDecalShared.ush" 1991
"../../../Engine/Plugins/Runtime/AR/AppleAR/AppleARKit/Shaders/Private/ColorSpaceConversion.usf" 1992
"../../../Engine/Plugins/Media/WmfMedia/Shaders/Private/MediaHardwareVideoDecoding.usf" 1993
"../../../Engine/Shaders/Private/ColorUtils.ush" 1994
"../../../Engine/Plugins/Media/ImgMedia/Shaders/Private/ExrSwizzler.usf" 1995
"../../../Engine/Plugins/Enterprise/GLTFExporter/Shaders/Private/SimpleTexture2DPS.usf" 1996
"../../../Engine/Shaders/Private/SimpleElementNormalMapPixelShader.usf" 1997
"../../../Engine/Plugins/Runtime/HairStrands/Shaders/Private/NiagaraCopyVelocityGrid.usf" 1998
"../../../Engine/Plugins/Runtime/HairStrands/Shaders/Private/NiagaraClearVelocityGrid.usf" 1999
"../../../Engine/Plugins/Runtime/HairStrands/Shaders/Private/NiagaraClearPressureGrid.usf" 2000
"../../../Engine/Plugins/Runtime/HairStrands/Shaders/Private/NiagaraInterpolateGroomGuides.usf" 2001
"../../../Engine/Plugins/Runtime/HairStrands/Shaders/Private/NiagaraGroomInterpolationUtils.ush" 2002
"../../../Engine/Plugins/FX/Niagara/Shaders/Private/NiagaraQuaternionUtils.ush" 2003
"../../../Engine/Shaders/Private/HairStrands/HairStrandsMesh.usf" 2004
"../../../Engine/Shaders/Private/HairStrands/HairStrandsBindingCommon.ush" 2005
"../../../Engine/Shaders/Private/HairStrands/HairStrandsFollicleMask.usf" 2006
"../../../Engine/Shaders/Private/HairStrands/HairStrandsSkinUpdate.usf" 2007
"../../../Engine/Shaders/Private/HairStrands/HairStrandsClusterCulling.usf" 2008
"../../../Engine/Shaders/Private/ColorMap.ush" 2009
"../../../Engine/Shaders/Private/HairStrands/HairStrandsAABBCommon.ush" 2010
"../../../Engine/Shaders/Private/HairStrands/HairStrandsClusterCommon.ush" 2011
"../../../Engine/Shaders/Private/ThreadGroupPrefixSum.ush" 2012
"../../../Engine/Shaders/Private/HairStrands/HairStrandsRaytracingGeometry.usf" 2013
"../../../Engine/Shaders/Private/HairStrands/HairStrandsTangent.usf" 2014
"../../../Engine/Shaders/Private/HairStrands/HairCardsDeformation.usf" 2015
"../../../Engine/Shaders/Private/HairStrands/HairStrandsInterpolation.usf" 2016
"../../../Engine/Shaders/Private/HairStrands/HairStrandsGuideDeform.usf" 2017
"../../../Engine/Shaders/Private/HairStrands/HairStrandsTexturesGeneration.usf" 2018
"../../../Engine/Shaders/Private/HairStrands/HairCardsTextureCommon.ush" 2019
"../../../Engine/Shaders/Private/HairStrands/HairStrandsTranscode.usf" 2020
"../../../Engine/Shaders/Private/HairStrands/HairStrandsDebug.usf" 2021
"../../../Engine/Shaders/Private/PostProcessCommon.ush" 2022
"../../../Engine/Shaders/Private/Matrices.ush" 2023
"../../../Engine/Shaders/Private/HairStrands/HairStrandsDeepShadowCommon.ush" 2024
"../../../Engine/Shaders/Private/HairStrands/HairStrandsDebugCommonStruct.ush" 2025
"../../../Engine/Plugins/Runtime/ComputeFramework/Shaders/Private/ComputeKernel.usf" 2026
"../../../Engine/Plugins/Runtime/ComputeFramework/Shaders/Private/ComputeKernelCommon.ush" 2027
"../../../Engine/Plugins/FX/Niagara/Shaders/Private/Stateless/NiagaraStatelessSimulationExample1.usf" 2028
"../../../Engine/Plugins/FX/Niagara/Shaders/Private/Stateless/NiagaraStatelessSimulationTemplate.ush" 2029
"../../../Engine/Plugins/FX/Niagara/Shaders/Private/Stateless/NiagaraStatelessCommon.ush" 2030
"../../../Engine/Plugins/FX/Niagara/Shaders/Private/Stateless/NiagaraStatelessDistribution.ush" 2031
"../../../Engine/Plugins/FX/Niagara/Shaders/Private/Stateless/Modules/NiagaraStatelessModule_CalculateAccurateVelocity.ush" 2032
"../../../Engine/Plugins/FX/Niagara/Shaders/Private/Stateless/Modules/NiagaraStatelessModule_CameraOffset.ush" 2033
"../../../Engine/Plugins/FX/Niagara/Shaders/Private/Stateless/Modules/NiagaraStatelessModule_DynamicMaterialParameters.ush" 2034
"../../../Engine/Plugins/FX/Niagara/Shaders/Private/Stateless/Modules/NiagaraStatelessModule_InitializeParticle.ush" 2035
"../../../Engine/Plugins/FX/Niagara/Shaders/Private/Stateless/Modules/NiagaraStatelessModule_InitialMeshOrientation.ush" 2036
"../../../Engine/Plugins/FX/Niagara/Shaders/Private/Stateless/Modules/NiagaraStatelessModule_MeshIndex.ush" 2037
"../../../Engine/Plugins/FX/Niagara/Shaders/Private/Stateless/Modules/NiagaraStatelessModule_MeshRotationRate.ush" 2038
"../../../Engine/Plugins/FX/Niagara/Shaders/Private/Stateless/Modules/NiagaraStatelessModule_RotateAroundPoint.ush" 2039
"../../../Engine/Plugins/FX/Niagara/Shaders/Private/Stateless/Modules/NiagaraStatelessModule_ShapeLocation.ush" 2040
"../../../Engine/Plugins/FX/Niagara/Shaders/Private/Stateless/Modules/NiagaraStatelessModule_ScaleColor.ush" 2041
"../../../Engine/Plugins/FX/Niagara/Shaders/Private/Stateless/Modules/NiagaraStatelessModule_ScaleSpriteSize.ush" 2042
"../../../Engine/Plugins/FX/Niagara/Shaders/Private/Stateless/Modules/NiagaraStatelessModule_ScaleSpriteSizeBySpeed.ush" 2043
"../../../Engine/Plugins/FX/Niagara/Shaders/Private/Stateless/Modules/NiagaraStatelessModule_ScaleMeshSize.ush" 2044
"../../../Engine/Plugins/FX/Niagara/Shaders/Private/Stateless/Modules/NiagaraStatelessModule_ScaleMeshSizebySpeed.ush" 2045
"../../../Engine/Plugins/FX/Niagara/Shaders/Private/Stateless/Modules/NiagaraStatelessModule_SolveVelocitiesAndForces.ush" 2046
"../../../Engine/Plugins/FX/Niagara/Shaders/Private/Stateless/Modules/NiagaraStatelessModule_SpriteFacingAndAlignment.ush" 2047
"../../../Engine/Plugins/FX/Niagara/Shaders/Private/Stateless/Modules/NiagaraStatelessModule_SpriteRotationRate.ush" 2048
"../../../Engine/Plugins/FX/Niagara/Shaders/Private/Stateless/Modules/NiagaraStatelessModule_SubUVAnimation.ush" 2049
"../../../Engine/Plugins/FX/Niagara/Shaders/Private/Stateless/NiagaraStatelessSimulationDefault.usf" 2050
"../../../Engine/Plugins/FX/Niagara/Shaders/Private/NiagaraSVTToDenseBuffer.usf" 2051
"../../../Engine/Plugins/FX/Niagara/Shaders/Private/NiagaraFillIntBuffer.usf" 2052
"../../../Engine/Plugins/FX/Niagara/Shaders/Private/NiagaraComputeFreeIDs.usf" 2053
"../../../Engine/Plugins/FX/Niagara/Shaders/Private/NiagaraInitFreeIDBuffer.usf" 2054
"../../../Engine/Plugins/FX/Niagara/Shaders/Private/NiagaraEmitterInstanceShader.usf" 2055
"../../../Engine/Plugins/FX/Niagara/Shaders/Private/NiagaraShaderVersion.ush" 2056
"../../../Engine/Plugins/FX/Niagara/Shaders/Private/NiagaraPhysicsCommon.ush" 2057
"../../../Engine/Plugins/FX/Niagara/Shaders/Private/Ribbons/NiagaraRibbonGenerateIndices.usf" 2058
"../../../Engine/Plugins/FX/Niagara/Shaders/Private/Ribbons/NiagaraRibbonCommon.ush" 2059
"../../../Engine/Plugins/FX/Niagara/Shaders/Private/Ribbons/NiagaraRibbonInitializeIndices.usf" 2060
"../../../Engine/Plugins/FX/Niagara/Shaders/Private/Ribbons/NiagaraRibbonRibbonUVParamCalculation.usf" 2061
"../../../Engine/Plugins/FX/Niagara/Shaders/Private/Ribbons/NiagaraRibbonVertexReductionFinalization.usf" 2062
"../../../Engine/Plugins/FX/Niagara/Shaders/Private/Ribbons/NiagaraRibbonVertexReductionPropagation.usf" 2063
"../../../Engine/Plugins/FX/Niagara/Shaders/Private/Ribbons/NiagaraRibbonVertexReductionInitialization.usf" 2064
"../../../Engine/Plugins/FX/Niagara/Shaders/Private/Ribbons/NiagaraRibbonSortParticles.usf" 2065
"../../../Engine/Plugins/FX/Niagara/Shaders/Private/NiagaraUpdateMeshGPUSceneInstances.usf" 2066
"../../../Engine/Shaders/Private/ComputeShaderUtils.ush" 2067
"../../../Engine/Shaders/Private/GPUScene/GPUSceneWriter.ush" 2068
"../../../Engine/Plugins/FX/Niagara/Shaders/Private/NiagaraGenerateMips.usf" 2069
"../../../Engine/Plugins/FX/Niagara/Shaders/Private/NiagaraDebugDraw.usf" 2070
"../../../Engine/Plugins/FX/Niagara/Shaders/Private/NiagaraDebugDraw.ush" 2071
"../../../Engine/Plugins/FX/Niagara/Shaders/Private/NiagaraVisualizeTexture.usf" 2072
"../../../Engine/Plugins/FX/Niagara/Shaders/Private/NiagaraClearCounts.usf" 2073
"../../../Engine/Plugins/FX/Niagara/Shaders/Private/NiagaraBatchedElements.usf" 2074
"../../../Engine/Plugins/FX/Niagara/Shaders/Private/NiagaraRayTracingShaders.usf" 2075
"../../../Engine/Plugins/FX/Niagara/Shaders/Private/NiagaraAsyncGpuTraceCommon.ush" 2076
"../../../Engine/Shaders/Private/HashTable.ush" 2077
"../../../Engine/Shaders/Private/Hash.ush" 2078
"../../../Engine/Shaders/Private/RayTracing/VFXTraceRay.ush" 2079
"../../../Engine/Plugins/FX/Niagara/Shaders/Private/NiagaraRayMarchingShaders.usf" 2080
"../../../Engine/Plugins/FX/Niagara/Shaders/Private/NiagaraRayTraceCollisionGroupShaders.usf" 2081
"../../../Engine/Plugins/FX/Niagara/Shaders/Private/NiagaraAsyncGpuTraceUtils.usf" 2082
"../../../Engine/Plugins/FX/Niagara/Shaders/Private/NiagaraSortKeyGen.usf" 2083
"../../../Engine/Plugins/FX/Niagara/Shaders/Private/NiagaraGPURayTracingTransforms.usf" 2084
"../../../Engine/Plugins/FX/Niagara/Shaders/Private/NiagaraDrawIndirectArgsGen.usf" 2085
"../../../Engine/Plugins/FX/Niagara/Shaders/Private/NiagaraDispatchIndirectArgsGen.usf" 2086
"../../../Engine/Shaders/Private/TranslucentLightingShaders.usf" 2087
"../../../Engine/Shaders/Private/ShadowProjectionCommon.ush" 2088
"../../../Engine/Shaders/Private/CubemapCommon.ush" 2089
"../../../Engine/Shaders/Private/VectorFieldCompositeShaders.usf" 2090
"../../../Engine/Shaders/Private/UpdateTextureShaders.usf" 2091
"../../../Engine/Shaders/Private/StereoLayerShader.usf" 2092
"../../../Engine/Shaders/Private/SparseVolumeTexture/UpdateSparseVolumeTexture.usf" 2093
"../../../Engine/Shaders/Private/MorphTargets.usf" 2094
"../../../Engine/Shaders/Private/SimpleElementColorChannelMaskPixelShader.usf" 2095
"../../../Engine/Shaders/Private/SimpleElementHitProxyPixelShader.usf" 2096
"../../../Engine/Shaders/Private/SimpleElementPixelShader.usf" 2097
"../../../Engine/Shaders/Private/IESLightProfilesCommon.ush" 2098
"../../../Engine/Shaders/Private/SimpleElementVertexShader.usf" 2099
"../../../Engine/Shaders/Private/ScreenPixelShaderOES.usf" 2100
"../../../Engine/Shaders/Private/ScreenVertexShader.usf" 2101
"../../../Engine/Shaders/Private/ScreenPixelShader.usf" 2102
"../../../Engine/Shaders/Private/SSProfilePreIntegratedMobile.usf" 2103
"../../../Engine/Shaders/Private/SpecularProfile.usf" 2104
"../../../Engine/Shaders/Private/Nanite/NaniteStreaming.usf" 2105
"../../../Engine/Shaders/Private/Nanite/NaniteStreaming.ush" 2106
"../../../Engine/Shaders/Private/Nanite/NaniteTranscode.usf" 2107
"../../../Engine/Shaders/Private/VolumetricLightmapStreaming.usf" 2108
"../../../Engine/Shaders/Private/PhysicsFieldReset.usf" 2109
"../../../Engine/Shaders/Private/PhysicsFieldBuilder.usf" 2110
"../../../Engine/Shaders/Private/PhysicsFieldEval.ush" 2111
"../../../Engine/Shaders/Private/ParticleSortKeyGen.usf" 2112
"../../../Engine/Shaders/Private/ParticleBoundsShader.usf" 2113
"../../../Engine/Shaders/Private/ParticleSimVisualizeShader.usf" 2114
"../../../Engine/Shaders/Private/ParticleInjectionShader.usf" 2115
"../../../Engine/Shaders/Private/ParticleSimulationShader.usf" 2116
"../../../Engine/Shaders/Private/ParticleCurveInjectionShader.usf" 2117
"../../../Engine/Shaders/Private/CopyUIntBuffer.usf" 2118
"../../../Engine/Shaders/Private/RadixSortShaders.usf" 2119
"../../../Engine/Shaders/Private/RecomputeTangentsPerVertexPass.usf" 2120
"../../../Engine/Shaders/Private/RecomputeTangentsCommon.ush" 2121
"../../../Engine/Shaders/Private/RecomputeTangentsPerTrianglePass.usf" 2122
"../../../Engine/Shaders/Private/GpuSkinCacheComputeShader.usf" 2123
"../../../Engine/Shaders/Private/HeightFieldAtlasManagement.usf" 2124
"../../../Engine/Shaders/Private/LandscapePhysicalMaterial.usf" 2125
"../../../Engine/Shaders/Private/LandscapeGrassWeight.usf" 2126
"../../../Engine/Shaders/Private/Landscape/LandscapeLayersWeightmapsPS.usf" 2127
"../../../Engine/Shaders/Private/Landscape/LandscapeLayersHeightmapsPS.usf" 2128
"../../../Engine/Shaders/Private/Landscape/LandscapeCommon.ush" 2129
"../../../Engine/Shaders/Private/LandscapeLayersCS.usf" 2130
"../../../Engine/Shaders/Private/LandscapeLayersPS.usf" 2131
"../../../Engine/Shaders/Private/LandscapeLayersVS.usf" 2132
"../../../Engine/Shaders/Private/Landscape/LandscapeCulling.usf" 2133
"../../../Engine/Shaders/Private/Nanite/NaniteHZBCull.ush" 2134
"../../../Engine/Shaders/Private/Landscape/LandscapeMergeTexturesPS.usf" 2135
"../../../Engine/Shaders/Private/WideCustomResolveShaders.usf" 2136
"../../../Engine/Shaders/Private/WideCustomResolve_Wide.ush" 2137
"../../../Engine/Shaders/Private/WideCustomResolve_Wider.ush" 2138
"../../../Engine/Shaders/Private/WideCustomResolve_Widest.ush" 2139
"../../../Engine/Shaders/Private/WaterInfoTextureBlur.usf" 2140
"../../../Engine/Shaders/Private/WaterInfoTextureMerge.usf" 2141
"../../../Engine/Shaders/Private/PageTableUpdate.usf" 2142
"../../../Engine/Shaders/Private/VirtualTextureCompress.usf" 2143
"../../../Engine/Shaders/Private/BlockCompressionCommon.ush" 2144
"../../../Engine/Shaders/Private/BCCompressionCommon.ush" 2145
"../../../Engine/Shaders/Private/ETCCompressionCommon.ush" 2146
"../../../Engine/Shaders/Private/VirtualTextureMaterial.usf" 2147
"../../../Engine/Shaders/Private/PixelShaderOutputCommon.ush" 2148
"../../../Engine/Shaders/Private/ShaderOutputCommon.ush" 2149
"../../../Engine/Shaders/Private/VolumetricRenderTarget.usf" 2150
"../../../Engine/Shaders/Private/VolumetricFogVoxelization.usf" 2151
"../../../Engine/Shaders/Private/VolumetricCloudMaterialPixelCommon.ush" 2152
"../../../Engine/Shaders/Private/VolumetricFogLightFunction.usf" 2153
"../../../Engine/Shaders/Private/LightFunctionCommon.ush" 2154
"../../../Engine/Shaders/Private/VolumetricFog.usf" 2155
"../../../Engine/Shaders/Private/DeferredLightingCommon.ush" 2156
"../../../Engine/Shaders/Private/DynamicLightingCommon.ush" 2157
"../../../Engine/Shaders/Private/CapsuleLightIntegrate.ush" 2158
"../../../Engine/Shaders/Private/CapsuleLightSampling.ush" 2159
"../../../Engine/Shaders/Private/RectLightIntegrate.ush" 2160
"../../../Engine/Shaders/Private/ScreenSpaceShadowRayCast.ush" 2161
"../../../Engine/Shaders/Private/LightFunctionAtlas/LightFunctionAtlasCommon.usf" 2162
"../../../Engine/Shaders/Private/HeterogeneousVolumes/HeterogeneousVolumesAdaptiveVolumetricShadowMapSampling.ush" 2163
"../../../Engine/Shaders/Private/HeterogeneousVolumes/HeterogeneousVolumesAdaptiveVolumetricShadowMapUtils.ush" 2164
"../../../Engine/Shaders/Private/HeterogeneousVolumes/HeterogeneousVolumesRayMarchingUtils.ush" 2165
"../../../Engine/Shaders/Private/HeterogeneousVolumes/HeterogeneousVolumesRayMarchingTypes.ush" 2166
"../../../Engine/Shaders/Private/PathTracing/Utilities/PathTracingRandomSequence.ush" 2167
"../../../Engine/Shaders/Private/HeterogeneousVolumes/HeterogeneousVolumesTracingUtils.ush" 2168
"../../../Engine/Shaders/Private/VelocityCommon.ush" 2169
"../../../Engine/Shaders/Private/HeterogeneousVolumes/HeterogeneousVolumesTransmittanceVolumeUtils.ush" 2170
"../../../Engine/Shaders/Private/ForwardShadowingCommon.ush" 2171
"../../../Engine/Shaders/Private/ShadowFilteringCommon.ush" 2172
"../../../Engine/Shaders/Private/PixelQuadMessagePassing.ush" 2173
"../../../Engine/Shaders/Private/VolumeLightingCommon.ush" 2174
"../../../Engine/Shaders/Private/VolumeLightingCommonSampling.ush" 2175
"../../../Engine/Shaders/Private/Lumen/LumenTranslucencyVolumeShared.ush" 2176
"../../../Engine/Shaders/Private/Lumen/LumenRadianceCacheInterpolation.ush" 2177
"../../../Engine/Shaders/Private/HeightFogCommon.ush" 2178
"../../../Engine/Shaders/Private/LightGridCommon.ush" 2179
"../../../Engine/Shaders/Private/DistanceFieldAOShared.ush" 2180
"../../../Engine/Shaders/Private/VolumetricLightmapShared.ush" 2181
"../../../Engine/Shaders/Private/ReflectionEnvironmentShared.ush" 2182
"../../../Engine/Shaders/Private/LightDataUniforms.ush" 2183
"../../../Engine/Shaders/Private/VirtualShadowMaps/VirtualShadowMapProjectionCommon.ush" 2184
"../../../Engine/Shaders/Private/VirtualShadowMaps/VirtualShadowMapPageAccessCommon.ush" 2185
"../../../Engine/Shaders/Shared/VirtualShadowMapDefinitions.h" 2186
"../../../Engine/Shaders/Private/VirtualShadowMaps/VirtualShadowMapProjectionStructs.ush" 2187
"../../../Engine/Shaders/Private/LocalFogVolumes/LocalFogVolumeCommon.ush" 2188
"../../../Engine/Shaders/Private/VolumetricCloudCommon.ush" 2189
"../../../Engine/Shaders/Private/VolumetricCloud.usf" 2190
"../../../Engine/Shaders/Private/VisualizeVolumetricLightmap.usf" 2191
"../../../Engine/Shaders/Private/VirtualShadowMaps/VirtualShadowMapProjectionComposite.usf" 2192
"../../../Engine/Shaders/Private/LightShaderParameters.ush" 2193
"../../../Engine/Shaders/Private/VirtualShadowMaps/VirtualShadowMapMaskBitsCommon.ush" 2194
"../../../Engine/Shaders/Private/VirtualShadowMaps/VirtualShadowMapLightGrid.ush" 2195
"../../../Engine/Shaders/Private/VirtualShadowMaps/VirtualShadowMapProjection.usf" 2196
"../../../Engine/Shaders/Private/Visualization.ush" 2197
"../../../Engine/Shaders/Private/VirtualShadowMaps/VirtualShadowMapProjectionFilter.ush" 2198
"../../../Engine/Shaders/Private/VirtualShadowMaps/VirtualShadowMapProjectionDirectional.ush" 2199
"../../../Engine/Shaders/Private/VirtualShadowMaps/VirtualShadowMapSMRTCommon.ush" 2200
"../../../Engine/Shaders/Private/VirtualShadowMaps/VirtualShadowMapSMRTTemplate.ush" 2201
"../../../Engine/Shaders/Private/VirtualShadowMaps/VirtualShadowMapProjectionSpot.ush" 2202
"../../../Engine/Shaders/Private/VirtualShadowMaps/VirtualShadowMapTransmissionCommon.ush" 2203
"../../../Engine/Shaders/Private/HairStrands/HairStrandsVoxelPageCommon.ush" 2204
"../../../Engine/Shaders/Private/HairStrands/HairStrandsVoxelPageTraversal.ush" 2205
"../../../Engine/Shaders/Private/VirtualShadowMaps/VirtualShadowMapCacheLoadBalancer.usf" 2206
"../../../Engine/Shaders/Private/VirtualShadowMaps/VirtualShadowMapPageCacheCommon.ush" 2207
"../../../Engine/Shaders/Private/VirtualShadowMaps/VirtualShadowMapCacheInvalidation.ush" 2208
"../../../Engine/Shaders/Private/VirtualShadowMaps/VirtualShadowMapPageOverlap.ush" 2209
"../../../Engine/Shaders/Private/ScreenSpaceDenoise/SSDDefinitions.ush" 2210
"../../../Engine/Shaders/Private/InstanceCulling/InstanceCullingLoadBalancer.ush" 2211
"../../../Engine/Shaders/Private/VirtualShadowMaps/VirtualShadowMapCopyStats.usf" 2212
"../../../Engine/Shaders/Private/VirtualShadowMaps/VirtualShadowMapStats.ush" 2213
"../../../Engine/Shaders/Private/VirtualShadowMaps/VirtualShadowMapPhysicalPageManagement.usf" 2214
"../../../Engine/Shaders/Private/ReductionCommon.ush" 2215
"../../../Engine/Shaders/Private/GPUMessaging.ush" 2216
"../../../Engine/Shaders/Private/VirtualShadowMaps/VirtualShadowMapBuildPerPageDrawCommands.usf" 2217
"../../../Engine/Shaders/Private/Nanite/NaniteCullingCommon.ush" 2218
"../../../Engine/Shaders/Private/Nanite/NaniteCulling.ush" 2219
"../../../Engine/Shaders/Private/Nanite/NaniteHierarchyTraversalCommon.ush" 2220
"../../../Engine/Shaders/Private/InstanceCulling/InstanceCullingCommon.ush" 2221
"../../../Engine/Shaders/Private/VirtualShadowMaps/VirtualShadowMapPrintStats.usf" 2222
"../../../Engine/Shaders/Private/VirtualShadowMaps/VirtualShadowMapDebug.usf" 2223
"../../../Engine/Shaders/Private/VirtualShadowMaps/VirtualShadowMapPageManagement.usf" 2224
"../../../Engine/Shaders/Private/VirtualShadowMaps/VirtualShadowMapPageMarking.usf" 2225
"../../../Engine/Shaders/Shared/SingleLayerWaterDefinitions.h" 2226
"../../../Engine/Shaders/Private/HairStrands/HairStrandsTileCommon.ush" 2227
"../../../Engine/Shaders/Private/VariableRateShading/VRSShadingRatePreview.usf" 2228
"../../../Engine/Shaders/Private/VariableRateShading/VRSShadingRateCommon.ush" 2229
"../../../Engine/Shaders/Private/VariableRateShading/VRSShadingRateCombine.usf" 2230
"../../../Engine/Shaders/Private/VariableRateShading/VRSShadingRateFoveated.usf" 2231
"../../../Engine/Shaders/Private/VariableRateShading/VRSShadingRateReproject.usf" 2232
"../../../Engine/Shaders/Private/VariableRateShading/VRSShadingRateCalculate.usf" 2233
"../../../Engine/Shaders/Private/TranslucencyUpsampling.usf" 2234
"../../../Engine/Shaders/Private/ComposeSeparateTranslucency.usf" 2235
"../../../Engine/Shaders/Private/SeparateTranslucency.ush" 2236
"../../../Engine/Shaders/Private/TranslucentLightInjectionShaders.usf" 2237
"../../../Engine/Shaders/Private/TranslucentShadowDepthShaders.usf" 2238
"../../../Engine/Shaders/Private/ShadowDepthCommon.ush" 2239
"../../../Engine/Shaders/Private/RayTracing/RayTracingTest.usf" 2240
"../../../Engine/Shaders/Private/PostProcessSubsurfaceTile.usf" 2241
"../../../Engine/Shaders/Private/Substrate/SubstrateVisualize.usf" 2242
"../../../Engine/Shaders/Private/Substrate/SubstrateTile.ush" 2243
"../../../Engine/Shaders/Private/SkyLightingDiffuseShared.ush" 2244
"../../../Engine/Shaders/Private/SkyLightingShared.ush" 2245
"../../../Engine/Shaders/Private/ClearCoatCommon.ush" 2246
"../../../Engine/Shaders/Private/ReflectionEnvironmentComposite.ush" 2247
"../../../Engine/Shaders/Private/Substrate/SubstrateLightingCommon.ush" 2248
"../../../Engine/Shaders/Private/Substrate/SubstrateRoughRefraction.usf" 2249
"../../../Engine/Shaders/Private/PathTracing/Material/PathTracingFresnel.ush" 2250
"../../../Engine/Shaders/Private/PathTracing/Material/PathTracingGlossy.ush" 2251
"../../../Engine/Shaders/Private/Substrate/SubstrateTile.usf" 2252
"../../../Engine/Shaders/Private/Substrate/SubstrateMaterialClassification.usf" 2253
"../../../Engine/Shaders/Private/Substrate/SubstrateDBuffer.usf" 2254
"../../../Engine/Shaders/Private/SplineMeshSceneTexture.usf" 2255
"../../../Engine/Shaders/Private/SparseVolumeTexture/VisualizeSparseVolumeTexture.usf" 2256
"../../../Engine/Shaders/Private/SkyAtmosphere.usf" 2257
"../../../Engine/Shaders/Private/CopyDepthTexture.usf" 2258
"../../../Engine/Shaders/Private/SingleLayerWaterComposite.usf" 2259
"../../../Engine/Shaders/Private/ScreenSpaceShadows.usf" 2260
"../../../Engine/Shaders/Private/bend_sss_gpu.ush" 2261
"../../../Engine/Shaders/Private/ShadowFactorsUpsampleCommon.ush" 2262
"../../../Engine/Shaders/Private/ShadowProjectionVertexShader.usf" 2263
"../../../Engine/Shaders/Private/ShadowProjectionPixelShader.usf" 2264
"../../../Engine/Shaders/Private/ShadowPercentageCloserFiltering.ush" 2265
"../../../Engine/Shaders/Private/TransmissionThickness.ush" 2266
"../../../Engine/Shaders/Private/CopyShadowMaps.usf" 2267
"../../../Engine/Shaders/Private/ShadowDepthPixelShader.usf" 2268
"../../../Engine/Shaders/Private/ShadowDepthVertexShader.usf" 2269
"../../../Engine/Shaders/Private/ShadingEnergyConservationTable.usf" 2270
"../../../Engine/Shaders/Shared/PathTracingDefinitions.h" 2271
"../../../Engine/Shaders/Private/ShadingFurnaceTest.usf" 2272
"../../../Engine/Shaders/Private/Substrate/SubstrateDeferredLighting.ush" 2273
"../../../Engine/Shaders/Private/ShaderPrintDraw.usf" 2274
"../../../Engine/Shaders/Private/ShaderPrintDrawPrimitive.usf" 2275
"../../../Engine/Shaders/Private/DefaultSSRTiles.usf" 2276
"../../../Engine/Shaders/Private/ScreenSpaceReflectionTileCommons.ush" 2277
"../../../Engine/Shaders/Private/SSRT/SSRTDiffuseIndirect.usf" 2278
"../../../Engine/Shaders/Private/SSRT/SSRTRayCast.ush" 2279
"../../../Engine/Shaders/Private/SSRT/SSRTTileClassificationBuffer.ush" 2280
"../../../Engine/Shaders/Private/SSRT/SSRTReflections.usf" 2281
"../../../Engine/Shaders/Private/ScreenSpaceDenoise/SSDPublic.ush" 2282
"../../../Engine/Shaders/Private/SSRT/SSRTTileClassification.usf" 2283
"../../../Engine/Shaders/Private/SSRT/SSRTPrevFrameReduction.usf" 2284
"../../../Engine/Shaders/Private/ScreenSpaceDenoise/SSDComposeHarmonics.usf" 2285
"../../../Engine/Shaders/Private/ScreenSpaceDenoise/SSDPublicHarmonics.ush" 2286
"../../../Engine/Shaders/Private/ScreenSpaceDenoise/SSDSignalFramework.ush" 2287
"../../../Engine/Shaders/Private/ScreenSpaceDenoise/SSDCommon.ush" 2288
"../../../Engine/Shaders/Private/SphericalGaussian.ush" 2289
"../../../Engine/Shaders/Public/WaveBroadcastIntrinsics.ush" 2290
"../../../Engine/Shaders/Private/ScreenSpaceDenoise/SSDMetadata.ush" 2291
"../../../Engine/Shaders/Private/ScreenSpaceDenoise/SSDSignalCore.ush" 2292
"../../../Engine/Shaders/Private/ScreenSpaceDenoise/DenoisingCommon.ush" 2293
"../../../Engine/Shaders/Private/ScreenSpaceDenoise/SSDSignalArray.ush" 2294
"../../../Engine/Shaders/Private/ScreenSpaceDenoise/SSDSignalBufferEncoding.ush" 2295
"../../../Engine/Shaders/Private/ScreenSpaceDenoise/SSDPublicBufferEncoding.ush" 2296
"../../../Engine/Shaders/Private/Lumen/LumenBufferEncoding.ush" 2297
"../../../Engine/Shaders/Private/ScreenSpaceDenoise/SSDTemporalAccumulation.usf" 2298
"../../../Engine/Shaders/Private/ScreenSpaceDenoise/SSDSpatialKernel.ush" 2299
"../../../Engine/Shaders/Private/ScreenSpaceDenoise/SSDSignalAccumulatorArray.ush" 2300
"../../../Engine/Shaders/Private/ScreenSpaceDenoise/SSDSignalAccumulator.ush" 2301
"../../../Engine/Shaders/Private/ScreenSpaceDenoise/SSDSignalCompression.ush" 2302
"../../../Engine/Shaders/Private/ScreenSpaceDenoise/SSDSpatialAccumulation.usf" 2303
"../../../Engine/Shaders/Private/ScreenSpaceDenoise/SSDInjest.usf" 2304
"../../../Engine/Shaders/Private/ScreenSpaceDenoise/SSDCompressMetadata.usf" 2305
"../../../Engine/Shaders/Private/DownsampleDepthPixelShader.usf" 2306
"../../../Engine/Shaders/Private/ScreenPass.usf" 2307
"../../../Engine/Shaders/Private/HZB.usf" 2308
"../../../Engine/Shaders/Private/OcclusionFeedbackShaders.usf" 2309
"../../../Engine/Shaders/Private/HZBOcclusion.usf" 2310
"../../../Engine/Shaders/Private/OcclusionQueryPixelShader.usf" 2311
"../../../Engine/Shaders/Private/OcclusionQueryVertexShader.usf" 2312
"../../../Engine/Shaders/Private/HitProxyPixelShader.usf" 2313
"../../../Engine/Shaders/Private/HitProxyVertexShader.usf" 2314
"../../../Engine/Shaders/Private/SceneCulling/SceneCullingDebugRender.usf" 2315
"../../../Engine/Shaders/Private/SceneCulling/SceneCulling.ush" 2316
"../../../Engine/Shaders/Shared/SceneCullingDefinitions.h" 2317
"../../../Engine/Shaders/Private/SceneCulling/SceneCullingBuildExplicitBounds.usf" 2318
"../../../Engine/Shaders/Private/SceneCapturePixelShader.usf" 2319
"../../../Engine/Shaders/Private/RTWriteMaskDecode.usf" 2320
"../../../Engine/Shaders/Private/ReflectionEnvironmentShaders.usf" 2321
"../../../Engine/Shaders/Private/RectLightAtlas.usf" 2322
"../../../Engine/Shaders/Private/RayTracing/TraceRayInlineStatistics.usf" 2323
"../../../Engine/Shaders/Private/RayTracing/CompositeSkyLightPS.usf" 2324
"../../../Engine/Shaders/Private/RayTracing/GenerateSkyLightVisibilityRaysCS.usf" 2325
"../../../Engine/Shaders/Private/RayTracing/RayTracingSkyLightCommon.ush" 2326
"../../../Engine/Shaders/Private/RayTracing/SkyLightVisibilityRaysData.ush" 2327
"../../../Engine/Shaders/Private/Raytracing/RaytracingSkylightRGS.usf" 2328
"../../../Engine/Shaders/Private/HairStrands/HairStrandsRaytracing.ush" 2329
"../../../Engine/Shaders/Private/Raytracing/RayTracingSkyLightEvaluation.ush" 2330
"../../../Engine/Shaders/Private/Raytracing/RayTracingDeferredShadingCommon.ush" 2331
"../../../Engine/Shaders/Private/RayTracing/RayTracingOcclusionRGS.usf" 2332
"../../../Engine/Shaders/Private/RayTracing/RayTracingDirectionalLight.ush" 2333
"../../../Engine/Shaders/Private/RayTracing/RayTracingRectLight.ush" 2334
"../../../Engine/Shaders/Private/RayTracing/RayTracingSphereLight.ush" 2335
"../../../Engine/Shaders/Private/RayTracing/RayTracingCapsuleLight.ush" 2336
"../../../Engine/Shaders/Private/RayTracing/RayTracingPrimaryRays.usf" 2337
"../../../Engine/Shaders/Shared/RayTracingTypes.h" 2338
"../../../Engine/Shaders/Private/RayTracing/RayTracingLightingCommon.ush" 2339
"../../../Engine/Shaders/Private/RayTracing/RayTracingLightCullingCommon.ush" 2340
"../../../Engine/Shaders/Private/RayTracing/RayTracingMaterialDefaultHitShaders.usf" 2341
"../../../Engine/Shaders/Private/RayTracing/RayTracingMaterialHitShaders.usf" 2342
"../../../Engine/Shaders/Private/RayTracing/RayTracingShaderUtils.ush" 2343
"../../../Engine/Shaders/Private/RayTracing/RayTracingCalcInterpolants.ush" 2344
"../../../Engine/Shaders/Private/LightmapCommon.ush" 2345
"../../../Engine/Shaders/Private/Lumen/LumenHardwareRayTracingPayloadCommon.ush" 2346
"../../../Engine/Shaders/Shared/LumenDefinitions.h" 2347
"../../../Engine/Shaders/Private/Substrate/SubstrateExport.ush" 2348
"../../../Engine/Shaders/Private/RayTracing/RayTracingLightingMS.usf" 2349
"../../../Engine/Shaders/Private/RayTracing/RayTracingLightFunctionCommon.ush" 2350
"../../../Engine/Shaders/Private/RayTracing/RayTracingBuildLightGrid.usf" 2351
"../../../Engine/Shaders/Private/Raytracing/RayTracingInstanceBufferUtil.usf" 2352
"../../../Engine/Shaders/Private/RayTracing/RayTracingDynamicMesh.usf" 2353
"../../../Engine/Shaders/Private/RayTracing/RayTracingDefaultDecalHitShader.usf" 2354
"../../../Engine/Shaders/Private/RayTracing/RayTracingDecalMaterialShader.usf" 2355
"../../../Engine/Shaders/Private/PathTracing/PathTracingShaderUtils.ush" 2356
"../../../Engine/Shaders/Private/PathTracing/PathTracingCommon.ush" 2357
"../../../Engine/Shaders/Private/PathTracing/Material/PathTracingMaterialCommon.ush" 2358
"../../../Engine/Shaders/Private/RayTracing/RayTracingBuildDecalGrid.usf" 2359
"../../../Engine/Shaders/Private/RayTracing/RayTracingDebugHitStatsUtils.usf" 2360
"../../../Engine/Shaders/Private/RayTracing/RayTracingDebugInstanceOverlap.usf" 2361
"../../../Engine/Shaders/Private/RayTracing/RayTracingDebugPicking.usf" 2362
"../../../Engine/Shaders/Private/RayTracing/RayTracingDebugUtils.ush" 2363
"../../../Engine/Shaders/Shared/RayTracingDebugTypes.h" 2364
"../../../Engine/Shaders/Private/RayTracing/RayTracingDebugTraversal.usf" 2365
"../../../Engine/Shaders/Private/RayTracing/RayTracingDeferredMaterials.ush" 2366
"../../../Engine/Shaders/Shared/ThirdParty/AMD/ags_shader_intrinsics_dx12.h" 2367
"../../../Engine/Shaders/Shared/RayTracingDebugDefinitions.h" 2368
"../../../Engine/Shaders/Private/RayTracing/RayTracingDebugHitStatsCHS.usf" 2369
"../../../Engine/Shaders/Private/RayTracing/RayTracingDebugHitStats.usf" 2370
"../../../Engine/Shaders/Private/RayTracing/RayTracingDebugMS.usf" 2371
"../../../Engine/Shaders/Private/RayTracing/RayTracingDebugCHS.usf" 2372
"../../../Engine/Shaders/Private/RayTracing/RayTracingDebug.usf" 2373
"../../../Engine/Shaders/Private/RayTracing/RayTracingBuiltInShaders.usf" 2374
"../../../Engine/Shaders/Private/RayTracing/RayTracingBarycentrics.usf" 2375
"../../../Engine/Shaders/Private/RayTracing/RayTracingAmbientOcclusionRGS.usf" 2376
"../../../Engine/Shaders/Private/VisualizeShadingModels.usf" 2377
"../../../Engine/Shaders/Private/MotionBlur/VisualizeMotionVectors.usf" 2378
"../../../Engine/Shaders/Private/TemporalSuperResolution/TSRVisualize.usf" 2379
"../../../Engine/Shaders/Private/TemporalSuperResolution/TSRCommon.ush" 2380
"../../../Engine/Shaders/Public/DualPixelVectorization.ush" 2381
"../../../Engine/Shaders/Private/TemporalSuperResolution/TSRResolveHistory.usf" 2382
"../../../Engine/Shaders/Private/TemporalSuperResolution/TSRConvolutionNetwork.ush" 2383
"../../../Engine/Shaders/Public/LaneVectorization.ush" 2384
"../../../Engine/Shaders/Private/TemporalSuperResolution/TSRUpdateHistory.usf" 2385
"../../../Engine/Shaders/Private/TemporalSuperResolution/TSRSpatialAntiAliasing.usf" 2386
"../../../Engine/Shaders/Private/TemporalSuperResolution/TSRRejectShading.usf" 2387
"../../../Engine/Shaders/Private/TemporalSuperResolution/TSRShadingAnalysis.ush" 2388
"../../../Engine/Shaders/Private/TemporalSuperResolution/TSRConvolutionNetworkPass.ush" 2389
"../../../Engine/Shaders/Private/TemporalSuperResolution/TSRDecimateHistory.usf" 2390
"../../../Engine/Shaders/Private/TemporalSuperResolution/TSRDilateVelocity.usf" 2391
"../../../Engine/Shaders/Private/MotionBlur/MotionBlurVelocityFlatten.ush" 2392
"../../../Engine/Shaders/Private/MotionBlur/MotionBlurCommon.ush" 2393
"../../../Engine/Shaders/Private/TemporalSuperResolution/TSRClearPrevTextures.usf" 2394
"../../../Engine/Shaders/Private/TemporalSuperResolution/TSRMeasureFlickeringLuma.usf" 2395
"../../../Engine/Shaders/Private/TemporalAA.usf" 2396
"../../../Engine/Shaders/Private/FilterPixelShader.usf" 2397
"../../../Engine/Shaders/Private/FilterVertexShader.usf" 2398
"../../../Engine/Shaders/Private/PostProcessVisualizeBuffer.usf" 2399
"../../../Engine/Shaders/Private/PostProcessVisualizeLocalExposure.usf" 2400
"../../../Engine/Shaders/Private/PostProcessHistogramCommon.ush" 2401
"../../../Engine/Shaders/Private/TonemapCommon.ush" 2402
"../../../Engine/Shaders/Private/ACES.ush" 2403
"../../../Engine/Shaders/Private/PostProcessVisualizeLevelInstance.usf" 2404
"../../../Engine/Shaders/Private/PostProcessVisualizeHDR.usf" 2405
"../../../Engine/Shaders/Private/ShaderComplexityApplyPixelShader.usf" 2406
"../../../Engine/Shaders/Private/QuadOverdraw.ush" 2407
"../../../Engine/Shaders/Private/PostProcessUpscale.usf" 2408
"../../../Engine/Shaders/Private/PostProcessTonemap.usf" 2409
"../../../Engine/Shaders/Private/PostProcessing/FilmGrainPackConstants.usf" 2410
"../../../Engine/Shaders/Private/PostProcessing/FilmGrainReduce.usf" 2411
"../../../Engine/Shaders/Private/PostProcessTestImage.usf" 2412
"../../../Engine/Shaders/Private/PostProcessSubsurface.usf" 2413
"../../../Engine/Shaders/Private/SeparableSSS.ush" 2414
"../../../Engine/Shaders/Private/SubsurfaceBurleyNormalized.ush" 2415
"../../../Engine/Shaders/Private/PostProcessSelectionOutline.usf" 2416
"../../../Engine/Shaders/Private/PostProcessPixelProjectedReflectionMobile.usf" 2417
"../../../Engine/Shaders/Private/MotionBlur/MotionBlurVisualize.usf" 2418
"../../../Engine/Shaders/Private/MotionBlur/MotionBlurApply.usf" 2419
"../../../Engine/Shaders/Private/MotionBlur/MotionBlurFilterTileClassify.usf" 2420
"../../../Engine/Shaders/Private/MotionBlur/MotionBlurTileScatter.usf" 2421
"../../../Engine/Shaders/Private/MotionBlur/MotionBlurTileGather.usf" 2422
"../../../Engine/Shaders/Private/MotionBlur/MotionBlurVelocityFlatten.usf" 2423
"../../../Engine/Shaders/Private/PostProcessMobile.usf" 2424
"../../../Engine/Shaders/Private/PostProcessMitchellNetravali.usf" 2425
"../../../Engine/Shaders/Private/PostProcessLocalExposure.usf" 2426
"../../../Engine/Shaders/Private/PostProcessLensFlares.usf" 2427
"../../../Engine/Shaders/Private/PostProcessGBufferHints.usf" 2428
"../../../Engine/Shaders/Private/PostProcessHMD.usf" 2429
"../../../Engine/Shaders/Private/Histogram.usf" 2430
"../../../Engine/Shaders/Private/PostProcessHistogramReduce.usf" 2431
"../../../Engine/Shaders/Private/PostProcessHistogram.usf" 2432
"../../../Engine/Shaders/Private/Bloom/BloomFinalizeApplyConstants.usf" 2433
"../../../Engine/Shaders/Private/Bloom/BloomCommon.ush" 2434
"../../../Engine/Shaders/Private/Bloom/BloomResizeKernel.usf" 2435
"../../../Engine/Shaders/Private/Bloom/BloomDownsampleKernel.usf" 2436
"../../../Engine/Shaders/Private/Bloom/BloomClampKernel.usf" 2437
"../../../Engine/Shaders/Private/Bloom/BloomPackKernelConstants.usf" 2438
"../../../Engine/Shaders/Private/Bloom/BloomSumScatterDispersionEnergy.usf" 2439
"../../../Engine/Shaders/Private/Bloom/BloomReduceKernelSurvey.usf" 2440
"../../../Engine/Shaders/Private/Bloom/BloomSurveyKernelCenterEnergy.usf" 2441
"../../../Engine/Shaders/Private/Bloom/BloomSurveyMaxScatterDispersion.usf" 2442
"../../../Engine/Shaders/Private/Bloom/BloomFindKernelCenter.usf" 2443
"../../../Engine/Shaders/Private/PostProcessEyeAdaptation.usf" 2444
"../../../Engine/Shaders/Private/TranslucencyVolumeCommon.ush" 2445
"../../../Engine/Shaders/Private/PostProcessDownsample.usf" 2446
"../../../Engine/Shaders/Private/PostProcessDOF.usf" 2447
"../../../Engine/Shaders/Private/PostProcessDeviceEncodingOnly.usf" 2448
"../../../Engine/Shaders/Private/PostProcessCompositePrimitives.usf" 2449
"../../../Engine/Shaders/Private/PostProcessCombineLUTs.usf" 2450
"../../../Engine/Shaders/Private/PostProcessVisualizeDOF.usf" 2451
"../../../Engine/Shaders/Private/PostProcessBloom.usf" 2452
"../../../Engine/Shaders/Private/PostProcessAmbientOcclusionMobile.usf" 2453
"../../../Engine/Shaders/Private/PostProcessAmbientOcclusionCommon.ush" 2454
"../../../Engine/Shaders/Private/FXAAShader.usf" 2455
"../../../Engine/Shaders/Private/Fxaa3_11.ush" 2456
"../../../Engine/Shaders/Private/DiaphragmDOF/DOFRecombine.usf" 2457
"../../../Engine/Shaders/Private/DiaphragmDOF/DOFCommon.ush" 2458
"../../../Engine/Shaders/Private/DiaphragmDOF/DOFHybridScatterPixelShader.usf" 2459
"../../../Engine/Shaders/Private/DiaphragmDOF/DOFHybridScatterCommon.ush" 2460
"../../../Engine/Shaders/Private/DiaphragmDOF/DOFHybridScatterVertexShader.usf" 2461
"../../../Engine/Shaders/Private/DiaphragmDOF/DOFPostfiltering.usf" 2462
"../../../Engine/Shaders/Private/DiaphragmDOF/DOFGatherTileSuggest.ush" 2463
"../../../Engine/Shaders/Private/DiaphragmDOF/DOFCocTileCommon.ush" 2464
"../../../Engine/Shaders/Private/DiaphragmDOF/DOFGatherPass.usf" 2465
"../../../Engine/Shaders/Private/DiaphragmDOF/DOFGatherCommon.ush" 2466
"../../../Engine/Shaders/Private/DiaphragmDOF/DOFGatherAccumulator.ush" 2467
"../../../Engine/Shaders/Private/DiaphragmDOF/DOFGatherKernel.ush" 2468
"../../../Engine/Shaders/Private/DiaphragmDOF/DOFBokehLUT.usf" 2469
"../../../Engine/Shaders/Private/DiaphragmDOF/DOFHybridScatterCompilation.usf" 2470
"../../../Engine/Shaders/Private/DiaphragmDOF/DOFReduce.usf" 2471
"../../../Engine/Shaders/Private/DiaphragmDOF/DOFDownsample.ush" 2472
"../../../Engine/Shaders/Private/DiaphragmDOF/DOFHybridScatterCompilation.ush" 2473
"../../../Engine/Shaders/Private/DiaphragmDOF/DOFDownsample.usf" 2474
"../../../Engine/Shaders/Private/DiaphragmDOF/DOFCocTileDilate.usf" 2475
"../../../Engine/Shaders/Private/DiaphragmDOF/DOFCocTileFlatten.usf" 2476
"../../../Engine/Shaders/Private/DiaphragmDOF/DOFSetup.usf" 2477
"../../../Engine/Shaders/Private/Tools/DebugAlphaChannel.usf" 2478
"../../../Engine/Shaders/Private/PlanarReflectionShaders.usf" 2479
"../../../Engine/Shaders/Private/PlanarReflectionShared.ush" 2480
"../../../Engine/Shaders/Private/PhysicsFieldVisualizer.usf" 2481
"../../../Engine/Shaders/Private/PathTracing/PathTracingSpatialTemporalDenoising.usf" 2482
"../../../Engine/Shaders/Private/ColorDifference.ush" 2483
"../../../Engine/Shaders/Private/PathTracing/PathTracingCompositingPixelShader.usf" 2484
"../../../Engine/Shaders/Private/PathTracing/PathTracingAdaptiveUtils.ush" 2485
"../../../Engine/Shaders/Private/PathTracing/PathTracingDefaultHitShader.usf" 2486
"../../../Engine/Shaders/Private/PathTracing/PathTracingGPULightmassMaterialHitShader.usf" 2487
"../../../Engine/Shaders/Private/PathTracing/PathTracingMaterialHitShader.usf" 2488
"../../../Engine/Shaders/Private/PathTracing/PathTracingLightingMissShader.usf" 2489
"../../../Engine/Shaders/Private/PathTracing/PathTracingMissShader.usf" 2490
"../../../Engine/Shaders/Private/PathTracing/PathTracingAdaptiveStart.usf" 2491
"../../../Engine/Shaders/Private/PathTracing/PathTracingBuildAdaptiveError.usf" 2492
"../../../Engine/Shaders/Private/PathTracing/PathTracingBuildAtmosphereLUT.usf" 2493
"../../../Engine/Shaders/Private/PathTracing/Volume/PathTracingAtmosphereCommon.ush" 2494
"../../../Engine/Shaders/Private/PathTracing/PathTracingSwizzleScanlines.usf" 2495
"../../../Engine/Shaders/Private/PathTracing/PathTracingInitExtinctionCoefficient.usf" 2496
"../../../Engine/Shaders/Private/PathTracing/PathTracing.usf" 2497
"../../../Engine/Shaders/Private/PathTracing/PathTracingCore.ush" 2498
"../../../Engine/Shaders/Private/HeterogeneousVolumes/HeterogeneousVolumesVoxelGridTypes.ush" 2499
"../../../Engine/Shaders/Private/RayTracing/RayTracingDecalGrid.ush" 2500
"../../../Engine/Shaders/Private/PathTracing/Utilities/PathTracingRIS.ush" 2501
"../../../Engine/Shaders/Private/PathTracing/Light/PathTracingLightSampling.ush" 2502
"../../../Engine/Shaders/Private/PathTracing/Light/PathTracingLightCommon.ush" 2503
"../../../Engine/Shaders/Private/PathTracing/Light/PathTracingDirectionalLight.ush" 2504
"../../../Engine/Shaders/Private/PathTracing/Light/PathTracingPointLight.ush" 2505
"../../../Engine/Shaders/Private/PathTracing/Light/PathTracingCapsuleLight.ush" 2506
"../../../Engine/Shaders/Private/PathTracing/Light/PathTracingRectLight.ush" 2507
"../../../Engine/Shaders/Private/PathTracing/Light/PathTracingSkyLight.ush" 2508
"../../../Engine/Shaders/Private/PathTracing/Light/PathTracingLightGrid.ush" 2509
"../../../Engine/Shaders/Private/PathTracing/Material/PathTracingMaterialSampling.ush" 2510
"../../../Engine/Shaders/Private/PathTracing/Material/PathTracingLambert.ush" 2511
"../../../Engine/Shaders/Private/PathTracing/Material/PathTracingSubstrate.ush" 2512
"../../../Engine/Shaders/Private/PathTracing/Material/PathTracingSubstrateCommon.ush" 2513
"../../../Engine/Shaders/Private/PathTracing/Material/PathTracingSubstrateSolidGlass.ush" 2514
"../../../Engine/Shaders/Private/PathTracing/Material/PathTracingSubstrateThinGlass.ush" 2515
"../../../Engine/Shaders/Private/PathTracing/Material/PathTracingSolidGlass.ush" 2516
"../../../Engine/Shaders/Private/PathTracing/Material/PathTracingEnergyConservation.ush" 2517
"../../../Engine/Shaders/Private/PathTracing/Material/PathTracingThinGlass.ush" 2518
"../../../Engine/Shaders/Private/PathTracing/Material/PathTracingDefaultLit.ush" 2519
"../../../Engine/Shaders/Private/PathTracing/Material/PathTracingClearCoat.ush" 2520
"../../../Engine/Shaders/Private/PathTracing/Material/PathTracingTwoSidedFoliage.ush" 2521
"../../../Engine/Shaders/Private/PathTracing/Material/PathTracingCloth.ush" 2522
"../../../Engine/Shaders/Private/PathTracing/Material/PathTracingSubsurfaceProfile.ush" 2523
"../../../Engine/Shaders/Private/PathTracing/Material/PathTracingEye.ush" 2524
"../../../Engine/Shaders/Private/PathTracing/Material/PathTracingHair.ush" 2525
"../../../Engine/Shaders/Private/PathTracing/Material/PathTracingMedium.ush" 2526
"../../../Engine/Shaders/Private/PathTracing/Volume/PathTracingVolume.ush" 2527
"../../../Engine/Shaders/Private/PathTracing/Volume/PathTracingVolumeCommon.ush" 2528
"../../../Engine/Shaders/Private/PathTracing/Volume/PathTracingAtmosphere.ush" 2529
"../../../Engine/Shaders/Private/PathTracing/Volume/PathTracingFog.ush" 2530
"../../../Engine/Shaders/Private/PathTracing/Volume/PathTracingHeterogeneousVolumes.ush" 2531
"../../../Engine/Shaders/Private/HeterogeneousVolumes/HeterogeneousVolumesVoxelGridTraversal.ush" 2532
"../../../Engine/Shaders/Private/HeterogeneousVolumes/HeterogeneousVolumesVoxelGridUtils.ush" 2533
"../../../Engine/Shaders/Private/HeterogeneousVolumes/HeterogeneousVolumesFrustumVoxelGridUtils.ush" 2534
"../../../Engine/Shaders/Private/PathTracing/Volume/PathTracingVolumeSampling.ush" 2535
"../../../Engine/Shaders/Private/PathTracing/PathTracingBuildLightGrid.usf" 2536
"../../../Engine/Shaders/Private/PathTracing/PathTracingSkylightMISCompensation.usf" 2537
"../../../Engine/Shaders/Private/PathTracing/PathTracingSkylightPrepare.usf" 2538
"../../../Engine/Shaders/Private/OIT/OITSorting.usf" 2539
"../../../Engine/Shaders/Private/OITCombine.usf" 2540
"../../../Engine/Shaders/Private/OITCommon.ush" 2541
"../../../Engine/Shaders/Private/Nanite/Voxel/RasterizeBricks.usf" 2542
"../../../Engine/Shaders/Private/Nanite/Voxel/Brick.ush" 2543
"../../../Engine/Shaders/Private/Nanite/Voxel/Voxel.ush" 2544
"../../../Engine/Shaders/Private/Nanite/Voxel/ScatterBricks.usf" 2545
"../../../Engine/Shaders/Private/Nanite/Voxel/TileBricks.usf" 2546
"../../../Engine/Shaders/Private/Nanite/Voxel/AutoVoxel.usf" 2547
"../../../Engine/Shaders/Private/Nanite/NaniteDebugViews.usf" 2548
"../../../Engine/Shaders/Private/Nanite/NaniteDepthDecode.usf" 2549
"../../../Engine/Shaders/Private/HTileEncoding.ush" 2550
"../../../Engine/Shaders/Private/Nanite/NaniteVisualize.usf" 2551
"../../../Engine/Shaders/Private/Nanite/NaniteStreamOut.usf" 2552
"../../../Engine/Shaders/Private/Nanite/NaniteHierarchyTraversal.ush" 2553
"../../../Engine/Shaders/Private/Nanite/NaniteShadeBinning.usf" 2554
"../../../Engine/Shaders/Private/Nanite/NaniteShadeCommon.ush" 2555
"../../../Engine/Shaders/Private/Nanite/NaniteFastClear.usf" 2556
"../../../Engine/Shaders/Private/Nanite/NaniteMaterialCulling.usf" 2557
"../../../Engine/Shaders/Private/Nanite/NaniteExportGBuffer.usf" 2558
"../../../Engine/Shaders/Private/Nanite/NaniteClusterCulling.usf" 2559
"../../../Engine/Shaders/Private/Nanite/NanitePrintStats.usf" 2560
"../../../Engine/Shaders/Private/Nanite/NaniteRasterizer.usf" 2561
"../../../Engine/Shaders/Private/Nanite/NaniteRasterizationCommon.ush" 2562
"../../../Engine/Shaders/Private/Nanite/NaniteRasterizer.ush" 2563
"../../../Engine/Shaders/Private/Nanite/NaniteWritePixel.ush" 2564
"../../../Engine/Shaders/Private/Nanite/NaniteTessellation.ush" 2565
"../../../Engine/Shaders/Private/WorkDistribution.ush" 2566
"../../../Engine/Shaders/Private/Nanite/NaniteDice.ush" 2567
"../../../Engine/Shaders/Private/Nanite/NaniteSplit.usf" 2568
"../../../Engine/Shaders/Private/Nanite/NaniteRasterBinning.usf" 2569
"../../../Engine/Shaders/Private/Nanite/NaniteInstanceCulling.usf" 2570
"../../../Engine/Shaders/Private/Nanite/NaniteImposter.ush" 2571
"../../../Engine/Shaders/Private/Nanite/NaniteInstanceHierarchyCulling.usf" 2572
"../../../Engine/Shaders/Private/Nanite/NanitePrimitiveFilter.usf" 2573
"../../../Engine/Shaders/Private/Nanite/NaniteRasterClear.usf" 2574
"../../../Engine/Shaders/Private/Nanite/NaniteDepthExport.usf" 2575
"../../../Engine/Shaders/Private/Nanite/NaniteEmitShadow.usf" 2576
"../../../Engine/Shaders/Private/MobileDeferredUtils.usf" 2577
"../../../Engine/Shaders/Private/MobileLocalLightsBuffer.usf" 2578
"../../../Engine/Shaders/Private/MobileLightingCommon.ush" 2579
"../../../Engine/Shaders/Private/MobileFog.usf" 2580
"../../../Engine/Shaders/Private/DistortApplyScreenPS.usf" 2581
"../../../Engine/Shaders/Private/MobileDeferredShading.usf" 2582
"../../../Engine/Shaders/Private/MobileBasePassPixelShader.usf" 2583
"../../../Engine/Shaders/Private/MobileBasePassCommon.ush" 2584
"../../../Engine/Shaders/Private/BasePassCommon.ush" 2585
"../../../Engine/Shaders/Private/ShadingModelsMaterial.ush" 2586
"../../../Engine/Shaders/Private/ThinTranslucentCommon.ush" 2587
"../../../Engine/Shaders/Private/SingleLayerWaterShading.ush" 2588
"../../../Engine/Shaders/Private/DistortionCommon.ush" 2589
"../../../Engine/Shaders/Private/Substrate/SubstrateMobileForwardLighting.ush" 2590
"../../../Engine/Shaders/Private/MobileBasePassVertexShader.usf" 2591
"../../../Engine/Shaders/Private/ManyLights/ManyLightsRayTracing.usf" 2592
"../../../Engine/Shaders/Private/DistanceField/GlobalDistanceFieldUtils.ush" 2593
"../../../Engine/Shaders/Private/Lumen/LumenScreenTracing.ush" 2594
"../../../Engine/Shaders/Private/Lumen/LumenMaterial.ush" 2595
"../../../Engine/Shaders/Private/Lumen/LumenPosition.ush" 2596
"../../../Engine/Shaders/Private/ManyLights/ManyLights.ush" 2597
"../../../Engine/Shaders/Private/ManyLights/ManyLightsRayTracing.ush" 2598
"../../../Engine/Shaders/Private/ManyLights/ManyLightsHardwareRayTracing.usf" 2599
"../../../Engine/Shaders/Private/Lumen/LumenHardwareRayTracingCommon.ush" 2600
"../../../Engine/Shaders/Private/RayTracing/RayTracingReflectionEnvironment.ush" 2601
"../../../Engine/Shaders/Private/Lumen/LumenHardwareRayTracingPlatformCommon.ush" 2602
"../../../Engine/Shaders/Private/Lumen/LumenReflectionsCombine.ush" 2603
"../../../Engine/Shaders/Private/Lumen/LumenTracingCommon.ush" 2604
"../../../Engine/Shaders/Private/Lumen/SurfaceCache/LumenSurfaceCacheSampling.ush" 2605
"../../../Engine/Shaders/Private/Lumen/SurfaceCache/LumenSurfaceCache.ush" 2606
"../../../Engine/Shaders/Private/Lumen/LumenCardCommon.ush" 2607
"../../../Engine/Shaders/Private/ManyLights/ManyLightsDenoiserSpatial.usf" 2608
"../../../Engine/Shaders/Private/ManyLights/ManyLightsDenoiserTemporal.usf" 2609
"../../../Engine/Shaders/Private/ManyLights/ManyLightsShading.usf" 2610
"../../../Engine/Shaders/Private/ManyLights/ManyLightsResolve.usf" 2611
"../../../Engine/Shaders/Private/ManyLights/ManyLights.usf" 2612
"../../../Engine/Shaders/Private/ManyLights/ManyLightsSampling.usf" 2613
"../../../Engine/Shaders/Private/Lumen/LumenVisualizeRadianceCache.usf" 2614
"../../../Engine/Shaders/Private/Lumen/LumenRadianceCacheCommon.ush" 2615
"../../../Engine/Shaders/Private/Lumen/LumenVisualizeHardwareRayTracing.usf" 2616
"../../../Engine/Shaders/Private/Lumen/LumenVisualize.ush" 2617
"../../../Engine/Shaders/Private/Lumen/LumenHairTracing.ush" 2618
"../../../Engine/Shaders/Private/Lumen/LumenVisualize.usf" 2619
"../../../Engine/Shaders/Private/Lumen/LumenSoftwareRayTracing.ush" 2620
"../../../Engine/Shaders/Private/DistanceField/GlobalDistanceFieldObjectGrid.ush" 2621
"../../../Engine/Shaders/Private/DistanceFieldLightingShared.ush" 2622
"../../../Engine/Shaders/Private/Lumen/LumenVisualizeTraces.ush" 2623
"../../../Engine/Shaders/Private/Lumen/LumenTranslucencyVolumeLighting.usf" 2624
"../../../Engine/Shaders/Private/Lumen/LumenRadianceCacheMarkCommon.ush" 2625
"../../../Engine/Shaders/Private/Lumen/LumenTranslucencyVolumeLightingShared.ush" 2626
"../../../Engine/Shaders/Private/Lumen/LumenScreenProbeCommon.ush" 2627
"../../../Engine/Shaders/Private/Lumen/LumenTranslucencyVolumeHardwareRayTracing.usf" 2628
"../../../Engine/Shaders/Private/Lumen/LumenTranslucencyRadianceCacheMarkShaders.usf" 2629
"../../../Engine/Shaders/Private/Lumen/SurfaceCache/LumenSurfaceCacheFeedback.usf" 2630
"../../../Engine/Shaders/Private/Lumen/SurfaceCache/LumenSurfaceCache.usf" 2631
"../../../Engine/Shaders/Private/Lumen/LumenShortRangeAOHardwareRayTracing.usf" 2632
"../../../Engine/Shaders/Private/Lumen/LumenScreenSpaceBentNormal.usf" 2633
"../../../Engine/Shaders/Private/Lumen/LumenScreenProbeTracing.usf" 2634
"../../../Engine/Shaders/Private/Lumen/LumenScreenProbeTracingCommon.ush" 2635
"../../../Engine/Shaders/Private/Lumen/LumenScreenProbeImportanceSampling.usf" 2636
"../../../Engine/Shaders/Private/Lumen/LumenScreenProbeImportanceSamplingShared.ush" 2637
"../../../Engine/Shaders/Private/Lumen/LumenScreenProbeHardwareRayTracing.usf" 2638
"../../../Engine/Shaders/Private/Lumen/LumenDenoising.usf" 2639
"../../../Engine/Shaders/Private/Lumen/LumenScreenProbeGather.usf" 2640
"../../../Engine/Shaders/Private/Lumen/LumenScreenSpaceBentNormal.ush" 2641
"../../../Engine/Shaders/Private/Lumen/LumenScreenProbeLightSampling.usf" 2642
"../../../Engine/Shaders/Private/Lumen/LumenScreenProbeFiltering.usf" 2643
"../../../Engine/Shaders/Private/Lumen/LumenSceneLighting.usf" 2644
"../../../Engine/Shaders/Private/Lumen/LumenCardTile.ush" 2645
"../../../Engine/Shaders/Private/Lumen/LumenSceneLighting.ush" 2646
"../../../Engine/Shaders/Private/Lumen/Radiosity/LumenRadiosity.ush" 2647
"../../../Engine/Shaders/Private/Lumen/LumenSceneLightingDebug.usf" 2648
"../../../Engine/Shaders/Private/Lumen/LumenScene.usf" 2649
"../../../Engine/Shaders/Private/Lumen/LumenSceneDirectLightingHardwareRayTracing.usf" 2650
"../../../Engine/Shaders/Private/Lumen/LumenReflectionCommon.ush" 2651
"../../../Engine/Shaders/Private/Lumen/LumenSceneDirectLighting.ush" 2652
"../../../Engine/Shaders/Private/Lumen/LumenSceneDirectLightingSoftwareRayTracing.usf" 2653
"../../../Engine/Shaders/Private/DistanceFieldShadowingShared.ush" 2654
"../../../Engine/Shaders/Private/Lumen/LumenSceneDirectLightingPerLightShadowCommon.ush" 2655
"../../../Engine/Shaders/Private/Lumen/LumenSceneDirectLightingShadowMask.usf" 2656
"../../../Engine/Shaders/Private/Lumen/LumenSceneDirectLighting.usf" 2657
"../../../Engine/Shaders/Private/Lumen/LumenSceneDirectLightingCulling.usf" 2658
"../../../Engine/Shaders/Private/Lumen/LumenCardComputeShader.usf" 2659
"../../../Engine/Shaders/Private/Lumen/LumenCardPixelShader.usf" 2660
"../../../Engine/Shaders/Private/Lumen/LumenCardVertexShader.usf" 2661
"../../../Engine/Shaders/Private/Lumen/LumenReSTIRGather.usf" 2662
"../../../Engine/Shaders/Private/Lumen/LumenReflectionTracing.usf" 2663
"../../../Engine/Shaders/Private/Lumen/LumenReflections.usf" 2664
"../../../Engine/Shaders/Private/Lumen/LumenReflectionHardwareRayTracing.usf" 2665
"../../../Engine/Shaders/Private/Lumen/Radiosity/LumenVisualizeRadiosityProbes.usf" 2666
"../../../Engine/Shaders/Private/Lumen/Radiosity/LumenRadiosity.usf" 2667
"../../../Engine/Shaders/Private/RayTracing/RayGenUtils.ush" 2668
"../../../Engine/Shaders/Private/Lumen/Radiosity/LumenRadiosityHardwareRayTracing.usf" 2669
"../../../Engine/Shaders/Private/Lumen/Radiosity/LumenRadiosityCulling.usf" 2670
"../../../Engine/Shaders/Private/Lumen/LumenRadianceCacheHardwareRayTracing.usf" 2671
"../../../Engine/Shaders/Private/Lumen/LumenRadianceCacheTracingCommon.ush" 2672
"../../../Engine/Shaders/Private/Lumen/LumenRadianceCache.usf" 2673
"../../../Engine/Shaders/Private/Lumen/LumenRadianceCacheUpdate.ush" 2674
"../../../Engine/Shaders/Private/Lumen/LumenRadianceCacheDebug.usf" 2675
"../../../Engine/Shaders/Private/Lumen/LumenRadianceCacheUpdate.usf" 2676
"../../../Engine/Shaders/Private/Lumen/LumenMeshSDFCulling.usf" 2677
"../../../Engine/Shaders/Private/HybridIndirectLighting.ush" 2678
"../../../Engine/Shaders/Private/MeshDistanceFieldCommon.ush" 2679
"../../../Engine/Shaders/Private/Lumen/LumenIrradianceFieldGather.usf" 2680
"../../../Engine/Shaders/Private/Lumen/LumenHardwareRayTracingMaterials.usf" 2681
"../../../Engine/Shaders/Private/Lumen/LumenFrontLayerTranslucency.usf" 2682
"../../../Engine/Shaders/Private/LocalFogVolumes/LocalFogVolumeSplat.usf" 2683
"../../../Engine/Shaders/Private/LocalFogVolumes/LocalFogVolumeTiledCulling.usf" 2684
"../../../Engine/Shaders/Private/LightShaftShader.usf" 2685
"../../../Engine/Shaders/Private/StationaryLightOverlapShaders.usf" 2686
"../../../Engine/Shaders/Private/DeferredLightPixelShaders.usf" 2687
"../../../Engine/Shaders/Private/HairStrands/HairStrandsVisibilityUtils.ush" 2688
"../../../Engine/Shaders/Private/DeferredLightVertexShaders.usf" 2689
"../../../Engine/Shaders/Private/LightMapDensityShader.usf" 2690
"../../../Engine/Shaders/Private/LightGridInjection.usf" 2691
"../../../Engine/Shaders/Private/LightFunctionPixelShader.usf" 2692
"../../../Engine/Shaders/Private/LightFunctionVertexShader.usf" 2693
"../../../Engine/Shaders/Private/LightFunctionAtlas/LightFunctionAtlasRender.usf" 2694
"../../../Engine/Shaders/Private/InstanceCulling/InstanceCullingOcclusionQuery.usf" 2695
"../../../Engine/Shaders/Private/InstanceCulling/BuildInstanceDrawCommands.usf" 2696
"../../../Engine/Shaders/Private/InstanceCulling/InstanceCompactionCommon.ush" 2697
"../../../Engine/Shaders/Private/SceneDataMobileWriter.ush" 2698
"../../../Engine/Shaders/Private/InstanceCulling/CompactVisibleInstances.usf" 2699
"../../../Engine/Shaders/Private/ReflectionEnvironmentPixelShader.usf" 2700
"../../../Engine/Shaders/Private/AmbientCubemapComposite.usf" 2701
"../../../Engine/Shaders/Private/DiffuseIndirectComposite.usf" 2702
"../../../Engine/Shaders/Private/IESAtlas.usf" 2703
"../../../Engine/Shaders/Private/HeterogeneousVolumes/HeterogeneousVolumesVoxelGridShadows.usf" 2704
"../../../Engine/Shaders/Private/HeterogeneousVolumes/HeterogeneousVolumesVoxelGridRenderingUtils.ush" 2705
"../../../Engine/Shaders/Private/HeterogeneousVolumes/HeterogeneousVolumesLightingUtils.ush" 2706
"../../../Engine/Shaders/Private/HeterogeneousVolumes/HeterogeneousVolumesVoxelGridRendering.usf" 2707
"../../../Engine/Shaders/Private/HeterogeneousVolumes/HeterogeneousVolumesVoxelGridPipeline.usf" 2708
"../../../Engine/Shaders/Private/HeterogeneousVolumes/HeterogeneousVolumesMaterialBakingPipeline.usf" 2709
"../../../Engine/Shaders/Private/HeterogeneousVolumes/HeterogeneousVolumesLiveShadingUtils.ush" 2710
"../../../Engine/Shaders/Private/HeterogeneousVolumes/HeterogeneousVolumesFrustumVoxelGrid.usf" 2711
"../../../Engine/Shaders/Private/HeterogeneousVolumes/HeterogeneousVolumesSparseVoxelPipeline.usf" 2712
"../../../Engine/Shaders/Private/HeterogeneousVolumes/HeterogeneousVolumesSparseVoxelUtils.ush" 2713
"../../../Engine/Shaders/Private/HeterogeneousVolumes/HeterogeneousVolumesSparseVoxelUniformBufferUtils.ush" 2714
"../../../Engine/Shaders/Private/HeterogeneousVolumes/HeterogeneousVolumesPreshadingPipeline.usf" 2715
"../../../Engine/Shaders/Private/HeterogeneousVolumes/HeterogeneousVolumesLiveShadingShadows.usf" 2716
"../../../Engine/Shaders/Private/HeterogeneousVolumes/HeterogeneousVolumesLiveShadingPipeline.usf" 2717
"../../../Engine/Shaders/Private/HeterogeneousVolumes/HeterogeneousVolumesHardwareRayTracing.usf" 2718
"../../../Engine/Shaders/Private/HeterogeneousVolumes/HeterogeneousVolumesComposite.usf" 2719
"../../../Engine/Shaders/Private/HdrCustomResolveShaders.usf" 2720
"../../../Engine/Shaders/Private/HairStrands/HairStrandsVoxelRasterCompute.usf" 2721
"../../../Engine/Shaders/Private/HairStrands/HairStrandsHitProxy.usf" 2722
"../../../Engine/Shaders/Private/HairStrands/HairStrandsVisibilityRasterComputeNaive.usf" 2723
"../../../Engine/Shaders/Private/HairStrands/HairStrandsVisibilityRasterHW.usf" 2724
"../../../Engine/Shaders/Private/HairStrands/HairStrandsVisibilityRasterCompute.usf" 2725
"../../../Engine/Shaders/Private/HairStrands/HairStrandsVisibilityRasterClassification.usf" 2726
"../../../Engine/Shaders/Private/HairStrands/HairStrandsCoverage.usf" 2727
"../../../Engine/Shaders/Private/HairStrands/HairStrandsVisibilityDepthPS.usf" 2728
"../../../Engine/Shaders/Private/HairStrands/HairStrandsVisibilityTransmittanceDepthPS.usf" 2729
"../../../Engine/Shaders/Private/HairStrands/HairStrandsVisibilityFillOpaqueDepthPS.usf" 2730
"../../../Engine/Shaders/Private/HairStrands/HairStrandsVisibilityCompactionComputeRaster.usf" 2731
"../../../Engine/Shaders/Private/HairStrands/HairStrandsVisibilityCompaction.usf" 2732
"../../../Engine/Shaders/Private/HairStrands/HairStrandsVisibilityCopyIndirectArg.usf" 2733
"../../../Engine/Shaders/Private/HairStrands/HairStrandsVisibilityClearPS.usf" 2734
"../../../Engine/Shaders/Private/HairStrands/HairStrandsVisibilityPS.usf" 2735
"../../../Engine/Shaders/Private/HairStrands/HairStrandsVisibilityVS.usf" 2736
"../../../Engine/Shaders/Private/HairStrands/HairStrandsVelocity.usf" 2737
"../../../Engine/Shaders/Private/HairStrands/HairStrandsVisibilityComputeSampleCoverage.usf" 2738
"../../../Engine/Shaders/Private/HairStrands/HairStrandsMaterialPS.usf" 2739
"../../../Engine/Shaders/Private/HairStrands/HairStrandsMaterialCommon.ush" 2740
"../../../Engine/Shaders/Private/HairStrands/HairStrandsMaterialVS.usf" 2741
"../../../Engine/Shaders/Private/HairStrands/HairStrandsLightSample.usf" 2742
"../../../Engine/Shaders/Private/HairStrands/HairStrandsDeepShadowMask.usf" 2743
"../../../Engine/Shaders/Private/HairStrands/HairStrandsDeepTransmittanceMask.usf" 2744
"../../../Engine/Shaders/Private/HairStrands/HairStrandsVisibilityTile.usf" 2745
"../../../Engine/Shaders/Private/HairStrands/HairStrandsDeepShadowPS.usf" 2746
"../../../Engine/Shaders/Private/HairStrands/HairStrandsDeepShadowVS.usf" 2747
"../../../Engine/Shaders/Private/HairStrands/HairStrandsAABB.usf" 2748
"../../../Engine/Shaders/Private/HairStrands/HairStrandsLUT.usf" 2749
"../../../Engine/Shaders/Private/HairStrands/HairStrandsForwardRaster.usf" 2750
"../../../Engine/Shaders/Private/HairStrands/HairStrandsForwardCulling.usf" 2751
"../../../Engine/Shaders/Private/HairStrands/HairStrandsEnvironmentLighting.usf" 2752
"../../../Engine/Shaders/Private/HairStrands/HairStrandsEnvironmentAO.usf" 2753
"../../../Engine/Shaders/Private/HairStrands/HairStrandsDeepShadowAllocation.usf" 2754
"../../../Engine/Shaders/Private/HairStrands/HairStrandsVoxelDebug.usf" 2755
"../../../Engine/Shaders/Private/HairStrands/HairStrandsComposition.usf" 2756
"../../../Engine/Shaders/Private/HairStrands/HairStrandsGBufferCommon.ush" 2757
"../../../Engine/Shaders/Private/GPUScene/GPUSceneDataManagement.usf" 2758
"../../../Engine/Shaders/Private/GPUSceneDebugRender.usf" 2759
"../../../Engine/Shaders/Private/GPUFastFourierTransform.usf" 2760
"../../../Engine/Shaders/Private/GPUFastFourierTransform2DCore.ush" 2761
"../../../Engine/Shaders/Private/GPUFastFourierTransformCore.ush" 2762
"../../../Engine/Shaders/Private/GPUBenchmark.usf" 2763
"../../../Engine/Shaders/Private/DistanceField/GlobalDistanceFieldDebug.usf" 2764
"../../../Engine/Shaders/Private/DistanceField/GlobalDistanceFieldUpdate.ush" 2765
"../../../Engine/Shaders/Private/DistanceField/GlobalDistanceFieldMip.usf" 2766
"../../../Engine/Shaders/Private/DistanceField/GlobalDistanceField.usf" 2767
"../../../Engine/Shaders/Private/DistanceField/GlobalDistanceFieldCompositeObjects.usf" 2768
"../../../Engine/Shaders/Private/DistanceField/GlobalDistanceFieldHeightfields.usf" 2769
"../../../Engine/Shaders/Private/HeightfieldLightingShared.ush" 2770
"../../../Engine/Shaders/Private/GenerateConservativeDepth.usf" 2771
"../../../Engine/Shaders/Private/HeightFogPixelShader.usf" 2772
"../../../Engine/Shaders/Private/HeightFogVertexShader.usf" 2773
"../../../Engine/Shaders/Private/DistortFiltering.usf" 2774
"../../../Engine/Shaders/Private/DistortAccumulatePS.usf" 2775
"../../../Engine/Shaders/Private/DistortAccumulateVS.usf" 2776
"../../../Engine/Shaders/Private/DistanceFieldVisualization.usf" 2777
"../../../Engine/Shaders/Private/DistanceFieldStreaming.usf" 2778
"../../../Engine/Shaders/Private/DistanceFieldShadowing.usf" 2779
"../../../Engine/Shaders/Private/DistanceFieldScreenGridLighting.usf" 2780
"../../../Engine/Shaders/Private/DistanceFieldObjectCulling.usf" 2781
"../../../Engine/Shaders/Private/DistanceFieldLightingPost.usf" 2782
"../../../Engine/Shaders/Private/DitheredTransitionStencil.usf" 2783
"../../../Engine/Shaders/Private/CopyDepthTextureCS.usf" 2784
"../../../Engine/Shaders/Private/DeferredDecal.usf" 2785
"../../../Engine/Shaders/Private/DecalCommon.ush" 2786
"../../../Engine/Shaders/Private/DebugViewModeVertexShader.usf" 2787
"../../../Engine/Shaders/Private/DebugViewModeCommon.ush" 2788
"../../../Engine/Shaders/Private/DebugViewModePixelShader.usf" 2789
"../../../Engine/Shaders/Private/DebugProbes.usf" 2790
"../../../Engine/Shaders/Private/MeshDecals.usf" 2791
"../../../Engine/Shaders/Private/PostProcessAmbientOcclusion.usf" 2792
"../../../Engine/Shaders/Private/ClusteredDeferredShadingPixelShader.usf" 2793
"../../../Engine/Shaders/Private/ClusteredDeferredShadingVertexShader.usf" 2794
"../../../Engine/Shaders/Private/CapsuleShadowShaders.usf" 2795
"../../../Engine/Shaders/Private/BasePassPixelShader.usf" 2796
"../../../Engine/Shaders/Private/ForwardLightingCommon.ush" 2797
"../../../Engine/Shaders/Private/Substrate/SubstrateForwardLighting.ush" 2798
"../../../Engine/Shaders/Private/ComputeShaderOutputCommon.ush" 2799
"../../../Engine/Shaders/Private/BasePassVertexShader.usf" 2800
"../../../Engine/Shaders/Private/BasePassVertexCommon.ush" 2801
"../../../Engine/Shaders/Private/SimpleElementVolumeTexturePreviewPixelShader.usf" 2802
"../../../Engine/Shaders/Private/SimpleElementTexture2DPreviewPixelShader.usf" 2803
"../../../Engine/Shaders/Private/meshpaintdilatepixelshader.usf" 2804
"../../../Engine/Shaders/Private/meshpaintdilatevertexshader.usf" 2805
"../../../Engine/Shaders/Private/MeshPaintPixelShader.usf" 2806
"../../../Engine/Shaders/Private/MeshPaintVertexShader.usf" 2807
"../../../Engine/Shaders/Private/SlateElementPixelShader.usf" 2808
"../../../Engine/Shaders/Private/SlateShaderCommon.ush" 2809
"../../../Engine/Shaders/Private/CompositeUIPixelShader.usf" 2810
"../../../Engine/Shaders/Private/ColorDeficiency.ush" 2811
"../../../Engine/Shaders/Private/SlateMaskingShader.usf" 2812
"../../../Engine/Shaders/Private/SlatePostProcessColorDeficiencyPixelShader.usf" 2813
"../../../Engine/Shaders/Private/SlatePostProcessPixelShader.usf" 2814
"../../../Engine/Shaders/Private/SlateVertexShader.usf" 2815
"../../../Engine/Shaders/Private/Tools/VisualizeTexture.usf" 2816
"../../../Engine/Shaders/Private/ByteBuffer.usf" 2817
"../../../Engine/Shaders/Private/ShaderBundleDispatch.usf" 2818
"../../../Engine/Shaders/Private/ResolveVertexShader.usf" 2819
"../../../Engine/Shaders/Private/ResolvePixelShader.usf" 2820
"../../../Engine/Shaders/Private/Tools/SetupIndirectArgs.usf" 2821
"../../../Engine/Shaders/Private/ClearReplacementShaders.usf" 2822
"../../../Engine/Shaders/Private/Tools/DrawTexture.usf" 2823
"../../../Engine/Shaders/Private/RayTracing/RayTracingValidation.usf" 2824
"../../../Engine/Shaders/Private/RenderGraphUtilities.usf" 2825
"../../../Engine/Shaders/Private/OneColorShader.usf" 2826
"../../../Engine/Shaders/Private/OculusShaders.usf" 2827
"../../../Engine/Shaders/Private/MediaShaders.usf" 2828
"../../../Engine/Shaders/Private/GPUMessaging.usf" 2829
"../../../Engine/Shaders/Private/Tools/GPUDebugCrashUtils.usf" 2830
"../../../Engine/Shaders/Private/NullPixelShader.usf" 2831
"../../../Engine/Shaders/Private/ComputeGenerateMips.usf" 2832
"../../../Engine/Shaders/Private/Tools/DumpTexture.usf" 2833
"../../../Engine/Shaders/Private/CopyTextureShaders.usf" 2834
"../../../Engine/Shaders/Private/Tools/FullscreenVertexShader.usf" 2835
"../../../Engine/Shaders/Private/RayTracing/RayTracingDispatchDesc.usf" 2836
"../../../Engine/Shaders/Private/Bink.usf" 2837
"../../../Engine/Shaders/Private/VelocityShader.usf" 2838
"../../../Engine/Shaders/Private/DepthOnlyPixelShader.usf" 2839
"../../../Engine/Shaders/Private/PositionOnlyDepthVertexShader.usf" 2840
"../../../Engine/Shaders/Private/DepthOnlyVertexShader.usf" 2841
"../../../Engine/Shaders/Private/AnisotropyPassShader.usf" 2842
"C:/UnrealProyects/MotoresComerciales/Motorescomerciales1/MotoresComerciales/Content/UI/UILico.uasset" 2843
"C:/UnrealProyects/MotoresComerciales/Motorescomerciales1/MotoresComerciales/Content/BackgroundBP/BP_DomeColor.uasset" 2844
"C:/UnrealProyects/MotoresComerciales/Motorescomerciales1/MotoresComerciales/Content/KartModel/Mat_Kart_Iggy.uasset" 2845
"C:/UnrealProyects/MotoresComerciales/Motorescomerciales1/MotoresComerciales/Content/CameraBP/BP_CameraVisual.uasset" 2846
"C:/UnrealProyects/MotoresComerciales/Motorescomerciales1/MotoresComerciales/Content/ThirdPerson/Maps/VisualizerMap.umap" 2847
"C:/UnrealProyects/MotoresComerciales/Motorescomerciales1/MotoresComerciales/Content/Textures/HDRI/M_Skysphere.uasset" 2848
"C:/UnrealProyects/MotoresComerciales/Motorescomerciales1/MotoresComerciales/Content/Materials/KartMAterial2/KartMaterial2.uasset" 2849
"../../../Engine/Content/EditorResources/S_Actor.uasset" 2850
"../../../../../../UnrealProyects/MotoresComerciales/Motorescomerciales1/MotoresComerciales/Intermediate/ShaderAutogen/PCD3D_SM6/AutogenShaderHeaders.ush" 2851
"../../../Engine/Content/EditorResources/S_BoxReflectionCapture.uasset" 2852
"../../../Engine/Content/EngineResources/DefaultTexture.uasset" 2853
"../../../Engine/Content/EngineResources/DefaultTextureCube.uasset" 2854
"../../../Engine/Content/EngineResources/DefaultVolumeTexture.uasset" 2855
"../../../Engine/Content/EngineResources/DefaultVolumeTexture2D.uasset" 2856
"../../../Engine/Content/EngineFonts/RobotoDistanceField.uasset" 2857
"../../../Engine/Content/EngineMaterials/DefaultTextMaterialOpaque.uasset" 2858
"../../../Engine/Content/Functions/Engine_MaterialFunctions01/Shading/PowerToRoughness.uasset" 2859
"../../../Engine/Content/Functions/Engine_MaterialFunctions01/Shading/ConvertFromDiffSpec.uasset" 2860
"../../../Engine/Content/EngineMaterials/WorldGridMaterial.uasset" 2861
"../../../Engine/Content/Functions/Engine_MaterialFunctions01/Opacity/CameraDepthFade.uasset" 2862
"../../../Engine/Content/EngineMaterials/T_Default_Material_Grid_M.uasset" 2863
"../../../Engine/Content/EngineMaterials/T_Default_Material_Grid_N.uasset" 2864
"../../../Engine/Content/EngineMaterials/DefaultDeferredDecalMaterial.uasset" 2865
"../../../Engine/Content/EngineMaterials/DefaultDiffuse.uasset" 2866
"../../../Engine/Content/EngineMaterials/DefaultLightFunctionMaterial.uasset" 2867
"../../../Engine/Content/EngineMaterials/DefaultPostProcessMaterial.uasset" 2868
"../../../Engine/Content/Functions/Engine_MaterialFunctions02/Utility/BreakOutFloat2Components.uasset" 2869
"../../../Engine/Content/EditorResources/S_Trigger.uasset" 2870
"../../../Engine/Content/EditorResources/S_TriggerBox.uasset" 2871
"../../../Engine/Content/EditorResources/S_TriggerCapsule.uasset" 2872
"../../../Engine/Content/EditorResources/S_TriggerSphere.uasset" 2873
"../../../Engine/Content/EngineDamageTypes/DmgTypeBP_Environmental.uasset" 2874
"../../../Engine/Content/EngineSky/VolumetricClouds/m_SimpleVolumetricCloud_Inst.uasset" 2875
"../../../Engine/Content/EngineSky/VolumetricClouds/m_SimpleVolumetricCloud.uasset" 2876
"../../../Engine/Content/Functions/Engine_MaterialFunctions02/Utility/MakeFloat2.uasset" 2877
"../../../Engine/Content/EngineSky/VolumetricClouds/CloudGradientTexture.uasset" 2878
"../../../Engine/Content/EngineSky/VolumetricClouds/CloudWeatherTexture.uasset" 2879
"../../../Engine/Content/EngineSky/VolumetricClouds/T_VolumeNoiseErosion32.uasset" 2880
"../../../Engine/Content/EngineSky/VolumetricClouds/T_NoiseErosion.uasset" 2881
"../../../Engine/Content/EngineSky/VolumetricClouds/T_VolumeNoiseShape64.uasset" 2882
"../../../Engine/Content/EngineSky/VolumetricClouds/T_NoiseShape64.uasset" 2883
"../../../Engine/Content/EngineMeshes/Sphere.uasset" 2884
"../../../Engine/Content/EngineResources/WhiteSquareTexture.uasset" 2885
"../../../Engine/Content/EngineResources/GradientTexture0.uasset" 2886
"../../../Engine/Content/EngineResources/Black.uasset" 2887
"../../../Engine/Content/EngineMaterials/Widget3DPassThrough_Translucent.uasset" 2888
"../../../Engine/Content/EngineMaterials/Widget3DPassThrough.uasset" 2889
"../../../Engine/Content/EngineMaterials/Widget3DPassThrough_Translucent_OneSided.uasset" 2890
"../../../Engine/Content/EngineMaterials/Widget3DPassThrough_Opaque.uasset" 2891
"../../../Engine/Content/EngineMaterials/Widget3DPassThrough_Opaque_OneSided.uasset" 2892
"../../../Engine/Content/EngineMaterials/Widget3DPassThrough_Masked.uasset" 2893
"../../../Engine/Content/EngineMaterials/Widget3DPassThrough_Masked_OneSided.uasset" 2894
"../../../Engine/Content/VREditor/ViewportInteractionAssetContainerData.uasset" 2895
"../../../Engine/Content/VREditor/SnapGrid/SnapGridMaterial.uasset" 2896
"../../../Engine/Content/Functions/Engine_MaterialFunctions02/Math/Transform3x3Matrix.uasset" 2897
"../../../Engine/Content/Functions/Engine_MaterialFunctions02/Utility/BreakOutFloat3Components.uasset" 2898
"../../../Engine/Content/Functions/Engine_MaterialFunctions02/SplitComponents.uasset" 2899
"../../../Engine/Content/Functions/Engine_MaterialFunctions02/Utility/MakeFloat3.uasset" 2900
"../../../Engine/Content/VREditor/TransformGizmo/TransformGizmoMaterial_Inst.uasset" 2901
"../../../Engine/Content/VREditor/TransformGizmo/TransformGizmoMaterial.uasset" 2902
"../../../Engine/Content/VREditor/LaserPointer/VR_LaserPower_01.uasset" 2903
"../../../Engine/Content/VREditor/TransformGizmo/TranslucentTransformGizmoMaterial_Inst.uasset" 2904
"../../../Engine/Content/VREditor/TransformGizmo/TranslucentTransformGizmoMaterial.uasset" 2905
"../../../Engine/Content/VREditor/SnapGrid/SnapGridPlaneMesh.uasset" 2906
"../../../Engine/Content/VREditor/Sounds/UI/Drop_Item_From_ContentBrowser.uasset" 2907
"../../../Engine/Content/VREditor/Sounds/UI/Gizmo_Handle_Clicked.uasset" 2908
"../../../Engine/Content/VREditor/Sounds/UI/Object_PickUp.uasset" 2909
"../../../Engine/Content/VREditor/Sounds/UI/Object_Snaps_To_Another_Actor.uasset" 2910
"../../../Engine/Content/VREditor/Sounds/UI/Object_Snaps_To_Grid.uasset" 2911
"../../../Engine/Content/VREditor/Sounds/UI/Scaling_Down.uasset" 2912
"../../../Engine/Content/VREditor/Sounds/UI/Scaling_Up.uasset" 2913
"../../../Engine/Content/VREditor/Sounds/UI/Selection_Changes.uasset" 2914
"../../../Engine/Content/VREditor/TransformGizmo/PlaneTranslationHandle.uasset" 2915
"../../../Engine/Content/VREditor/TransformGizmo/RotationHandleFull.uasset" 2916
"../../../Engine/Content/VREditor/TransformGizmo/RotationHandleIndicator.uasset" 2917
"../../../Engine/Content/VREditor/TransformGizmo/RotationHandleQuarter.uasset" 2918
"../../../Engine/Content/VREditor/TransformGizmo/StartRotationHandleIndicator.uasset" 2919
"../../../Engine/Content/VREditor/TransformGizmo/TransformGizmoFreeRotation.uasset" 2920
"../../../Engine/Content/VREditor/TransformGizmo/TranslateArrowHandle.uasset" 2921
"../../../Engine/Content/VREditor/TransformGizmo/UniformScaleHandle.uasset" 2922
"../../../Engine/Content/VREditor/TransformGizmo/BoundingBoxCorner.uasset" 2923
"../../../Engine/Content/VREditor/TransformGizmo/BoundingBoxEdge.uasset" 2924
"../../../Engine/Content/VREditor/TransformGizmo/SM_Sequencer_Node.uasset" 2925
"../../../Engine/Content/VREditor/TransformGizmo/Main.uasset" 2926
"../../../Engine/Content/VREditor/TransformGizmo/Xray.uasset" 2927
"../../../Engine/Content/EditorResources/S_Solver.uasset" 2928
"../../../Engine/Content/EngineDebugMaterials/VolumeToRender.uasset" 2929
"../../../Engine/Content/EngineDebugMaterials/M_VolumeRenderSphereTracePP.uasset" 2930
"../../../Engine/Content/Functions/Engine_MaterialFunctions02/Utility/CameraDirectionVector.uasset" 2931
"../../../Engine/Content/EditorMeshes/Camera/SM_CraneRig_Base.uasset" 2932
"../../../Engine/Content/EditorMaterials/Camera/MI_CineMat_Rig.uasset" 2933
"../../../Engine/Content/EditorMaterials/Camera/CineMat.uasset" 2934
"../../../Engine/Content/EditorMeshes/Camera/SM_CraneRig_Arm.uasset" 2935
"../../../Engine/Content/EditorMeshes/Camera/SM_CraneRig_Mount.uasset" 2936
"../../../Engine/Content/EditorMeshes/Camera/SM_CraneRig_Body.uasset" 2937
"../../../Engine/Content/EditorMeshes/Camera/SM_RailRig_Track.uasset" 2938
"../../../Engine/Content/EditorMeshes/Camera/SM_RailRig_Mount.uasset" 2939
"../../../Engine/Content/ArtTools/RenderToTexture/Meshes/S_1_Unit_Plane.uasset" 2940
"../../../Engine/Content/EngineDebugMaterials/M_SimpleUnlitTranslucent.uasset" 2941
"../../../Engine/Content/EngineFonts/Roboto.uasset" 2942
"../../../Engine/Content/EngineFonts/Faces/DroidSansFallback.uasset" 2943
"../../../Engine/Content/EngineFonts/Faces/RobotoBold.uasset" 2944
"../../../Engine/Content/EngineFonts/Faces/RobotoBoldItalic.uasset" 2945
"../../../Engine/Content/EngineFonts/Faces/RobotoItalic.uasset" 2946
"../../../Engine/Content/EngineFonts/Faces/RobotoLight.uasset" 2947
"../../../Engine/Content/EngineFonts/Faces/RobotoRegular.uasset" 2948
"../../../Engine/Content/EditorMaterials/ParticleSystems/PSysThumbnail_NoImage.uasset" 2949
"../../../Engine/Content/EditorMaterials/ParticleSystems/PSysThumbnail_OOD.uasset" 2950
"../../../Engine/Content/EditorLandscapeResources/SplineEditorMesh.uasset" 2951
"../../../Engine/Content/EditorLandscapeResources/SplineEditorMeshMat.uasset" 2952
"../../../Engine/Content/EditorLandscapeResources/DataLayer.uasset" 2953
"../../Plugins/Runtime/HairStrands/Content/Materials/HairDebugMaterial.uasset" 2954
"../../../Engine/Content/EngineMaterials/HairColorMap.uasset" 2955
"../../../Engine/Content/EngineMaterials/HairDebugColor.uasset" 2956
"../../Plugins/Runtime/HairStrands/Content/Materials/HairGroupColors.uasset" 2957
"../../Plugins/Runtime/HairStrands/Content/Materials/HairDefaultMaterial.uasset" 2958
"../../Plugins/Runtime/HairStrands/Content/Materials/HairCardsDefaultMaterial.uasset" 2959
"../../Plugins/Runtime/HairStrands/Content/Materials/HairMeshesDefaultMaterial.uasset" 2960
"../../Plugins/Runtime/AR/ARUtilities/Content/Materials/M_ScreenSpacePassthroughCamera.uasset" 2961
"../../Plugins/Runtime/AR/ARUtilities/Content/Materials/DummyExternalTexture.uasset" 2962
"../../Plugins/Runtime/AR/ARUtilities/Content/Materials/MI_ScreenSpacePassthroughCameraExternalTexture.uasset" 2963
"../../Plugins/Runtime/AR/ARUtilities/Content/Materials/M_PassthroughCamera.uasset" 2964
"../../Plugins/Runtime/AR/AppleAR/AppleARKit/Content/MI_DepthOcclusionOverlay.uasset" 2965
"../../Plugins/Runtime/AR/AppleAR/AppleARKit/Content/M_OcclusionOverlay.uasset" 2966
"../../Plugins/Runtime/AR/AppleAR/AppleARKit/Content/MI_MatteOcclusionOverlay.uasset" 2967
"../../Plugins/Runtime/AR/AppleAR/AppleARKit/Content/M_SceneDepthOcclusion.uasset" 2968
"../../Plugins/Runtime/AR/ARUtilities/Content/Materials/M_DepthColoration.uasset" 2969
"../../Plugins/Runtime/AR/ARUtilities/Content/Materials/MF_DistanceColorLerp.uasset" 2970
"../../Plugins/Animation/ACLPlugin/Content/ACLAnimBoneCompressionSettings.uasset" 2971
"../../../Engine/Content/Animation/DefaultRecorderBoneCompression.uasset" 2972
"../../Plugins/Animation/ACLPlugin/Content/ACLAnimCurveCompressionSettings.uasset" 2973
"../../../Engine/Content/Animation/DefaultVariableFrameStrippingSettings.uasset" 2974
"../../Plugins/Animation/ControlRig/Content/Controls/ControlRigXRayMaterial.uasset" 2975
"../../Plugins/Animation/ControlRig/Content/Controls/DefaultGizmoLibraryNormalized.uasset" 2976
"../../Plugins/Animation/ControlRig/Content/M_Manip.uasset" 2977
"../../../Engine/Content/Functions/Engine_MaterialFunctions02/WorldPositionOffset/CameraOffset.uasset" 2978
"../../Plugins/Interchange/Runtime/Content/gltf/MaterialBodies/MF_Default_Body.uasset" 2979
"../../Plugins/Interchange/Runtime/Content/gltf/MaterialFunctions/MF_BaseColor.uasset" 2980
"../../Plugins/Interchange/Runtime/Content/gltf/Textures/T_White_srgb.uasset" 2981
"../../Plugins/Interchange/Runtime/Content/gltf/MaterialFunctions/MF_Emissive.uasset" 2982
"../../Plugins/Interchange/Runtime/Content/gltf/MaterialFunctions/MF_IOR.uasset" 2983
"../../Plugins/Interchange/Runtime/Content/gltf/MaterialFunctions/MF_Iridescence.uasset" 2984
"../../Plugins/Interchange/Runtime/Content/Functions/MF_Iridescence.uasset" 2985
"../../../Engine/Content/Functions/Engine_MaterialFunctions03/Math/RemapValueRange.uasset" 2986
"../../Plugins/Interchange/Runtime/Content/Utilities/New_LUT.uasset" 2987
"../../Plugins/Interchange/Runtime/Content/gltf/MaterialFunctions/MF_MetallicRoughness.uasset" 2988
"../../Plugins/Interchange/Runtime/Content/gltf/Textures/T_White_Linear.uasset" 2989
"../../Plugins/Interchange/Runtime/Content/gltf/MaterialFunctions/MF_Normals.uasset" 2990
"../../Plugins/Interchange/Runtime/Content/gltf/MaterialFunctions/MF_RotateNormals_TS.uasset" 2991
"../../Plugins/Interchange/Runtime/Content/gltf/Textures/T_Generic_N.uasset" 2992
"../../Plugins/Interchange/Runtime/Content/gltf/MaterialFunctions/MF_Occlusion.uasset" 2993
"../../Plugins/Interchange/Runtime/Content/gltf/MaterialFunctions/MF_Specular.uasset" 2994
"../../Plugins/Interchange/Runtime/Content/gltf/MaterialFunctions/MF_TransformUVs.uasset" 2995
"../../Plugins/Interchange/Runtime/Content/gltf/MaterialFunctions/MF_RotateV2.uasset" 2996
"../../Plugins/Interchange/Runtime/Content/gltf/MaterialBodies/MF_Unlit_Body.uasset" 2997
"../../Plugins/Interchange/Runtime/Content/gltf/MaterialBodies/MF_ClearCoat_Body.uasset" 2998
"../../Plugins/Interchange/Runtime/Content/gltf/MaterialFunctions/MF_Clearcoat.uasset" 2999
"../../../Engine/Content/Functions/Engine_MaterialFunctions01/Texturing/FlattenNormal.uasset" 3000
"../../Plugins/Interchange/Runtime/Content/gltf/MaterialBodies/MF_Sheen_Body.uasset" 3001
"../../Plugins/Interchange/Runtime/Content/gltf/MaterialFunctions/MF_Sheen.uasset" 3002
"../../Plugins/Interchange/Runtime/Content/gltf/MaterialBodies/MF_Transmission_Body.uasset" 3003
"../../Plugins/Interchange/Runtime/Content/gltf/MaterialFunctions/MF_Fresnel_DS.uasset" 3004
"../../Plugins/Interchange/Runtime/Content/gltf/MaterialFunctions/MF_Temporal_Blur.uasset" 3005
"../../../Engine/Content/Functions/Engine_MaterialFunctions02/Texturing/ScreenAlignedPixelToPixelUVs.uasset" 3006
"../../../Engine/Content/EngineMaterials/Good64x64TilingNoiseHighFreq.uasset" 3007
"../../Plugins/Interchange/Runtime/Content/gltf/MaterialFunctions/MF_Transmission.uasset" 3008
"../../Plugins/Interchange/Runtime/Content/gltf/MaterialBodies/MF_SpecularGlossiness_Body.uasset" 3009
"../../Plugins/Interchange/Runtime/Content/gltf/MaterialFunctions/MF_DiffuseSpecGloss.uasset" 3010
"../../Plugins/Interchange/Runtime/Content/gltf/MaterialFunctions/MF_SpecGlossToMetalRoughness.uasset" 3011
"../../Plugins/Interchange/Runtime/Content/gltf/MaterialFunctions/MF_PerceivedBrightness.uasset" 3012
"../../../Engine/Content/Functions/Engine_MaterialFunctions02/Math/AddComponents.uasset" 3013
"../../Plugins/2D/Paper2D/Content/MaskedUnlitSpriteMaterial.uasset" 3014
"../../Plugins/2D/Paper2D/Content/DefaultSpriteMaterial.uasset" 3015
"../../Plugins/2D/Paper2D/Content/PlaceholderTextures/DummySpriteTexture.uasset" 3016
"../../Plugins/2D/Paper2D/Content/OpaqueUnlitSpriteMaterial.uasset" 3017
"../../Plugins/2D/Paper2D/Content/DefaultPaperTerrainMaterial.uasset" 3018
"../../Plugins/2D/Paper2D/Content/DummySprite.uasset" 3019
"../../Plugins/Media/MediaPlate/Content/SM_MediaPlateScreen.uasset" 3020
"../../Plugins/Editor/SpeedTreeImporter/Content/SpeedTree9/SpeedTreeMaster.uasset" 3021
"../../../Engine/Content/Functions/Engine_MaterialFunctions02/ObjectLocalBounds.uasset" 3022
"../../../Engine/Content/Functions/Engine_MaterialFunctions02/SafeNormalize.uasset" 3023
"../../../Engine/Content/Functions/Engine_MaterialFunctions02/Utility/VectorLength.uasset" 3024
"../../../Engine/Content/Functions/Engine_MaterialFunctions02/UVs/BoundingBoxBased_0-1_UVW.uasset" 3025
"../../../Engine/Content/Functions/Engine_MaterialFunctions02/WorldPositionOffset/ObjectScale.uasset" 3026
"../../Plugins/Editor/SpeedTreeImporter/Content/SpeedTree9/SpeedTreeBranchMotion.uasset" 3027
"../../Plugins/Editor/SpeedTreeImporter/Content/SpeedTree9/SpeedTreeWindMotion.uasset" 3028
"../../Plugins/Editor/SpeedTreeImporter/Content/SpeedTree9/game_wind_noise.uasset" 3029
"../../Plugins/Editor/SpeedTreeImporter/Content/SpeedTree9/UnpackDirection.uasset" 3030
"../../Plugins/Editor/SpeedTreeImporter/Content/SpeedTree9/UnpackInteger3.uasset" 3031
"../../Plugins/Editor/SpeedTreeImporter/Content/SpeedTree9/SpeedTreeCameraFacing.uasset" 3032
"../../Plugins/Editor/SpeedTreeImporter/Content/SpeedTree9/SpeedTreeWind.uasset" 3033
"../../Plugins/Editor/SpeedTreeImporter/Content/SpeedTree9/Empty.uasset" 3034
"../../Plugins/Editor/SpeedTreeImporter/Content/SpeedTree9/EmptyNormal.uasset" 3035
"../../Plugins/Editor/SpeedTreeImporter/Content/SpeedTree9/SpeedTreeBillboardMaster.uasset" 3036
"../../Plugins/Editor/SpeedTreeImporter/Content/SpeedTree9/SpeedTreeBillboard.uasset" 3037
"../../../Engine/Content/BasicShapes/BasicShapeMaterial.uasset" 3038
"../../../Engine/Content/EditorMaterials/Dataflow/DataflowVertexMaterial.uasset" 3039
"C:/Users/DarkW/AppData/Local/UnrealEngine/Editor/UInteractiveToolsPresetCollectionAsset_DefaultCollection.json" 3040
"../../../Engine/Content/EngineMaterials/NaniteHiddenSectionMaterial.uasset" 3041
"../../../Engine/Content/EngineMaterials/RemoveSurfaceMaterial.uasset" 3042
"../../../Engine/Content/EngineDebugMaterials/DebugMeshMaterial.uasset" 3043
"../../../Engine/Content/EngineMaterials/EmissiveMeshMaterial.uasset" 3044
"../../../Engine/Content/EngineMaterials/DefaultWhiteGrid_Low.uasset" 3045
"../../../Engine/Content/EngineMaterials/M_InvalidLightmapSettings.uasset" 3046
"../../../Engine/Content/EngineMaterials/InvalidLightmapSettings.uasset" 3047
"../../../Engine/Content/EngineMaterials/GizmoMaterial.uasset" 3048
"../../../Engine/Content/EngineMaterials/PhAT_JointLimitMaterial.uasset" 3049
"../../../Engine/Content/EngineMaterials/FlattenMaterial.uasset" 3050
"../../../Engine/Content/EngineMaterials/BaseFlattenDiffuseMap.uasset" 3051
"../../../Engine/Content/EngineMaterials/BaseFlattenEmissiveMap.uasset" 3052
"../../../Engine/Content/EngineMaterials/BaseFlattenGrayscaleMap.uasset" 3053
"../../../Engine/Content/EngineMaterials/BaseFlattenLinearColor.uasset" 3054
"../../../Engine/Content/EngineMaterials/BaseFlattenNormalMap.uasset" 3055
"../../../Engine/Content/Functions/Engine_MaterialFunctions02/PivotPainter2/Black_1x1_EXR_Texture.uasset" 3056
"../../../Engine/Content/EngineMaterials/FlattenMaterial_VT.uasset" 3057
"../../../Engine/Content/EngineMaterials/BaseFlattenDiffuseMap_VT.uasset" 3058
"../../../Engine/Content/EngineMaterials/BaseFlattenEmissiveMap_VT.uasset" 3059
"../../../Engine/Content/EngineMaterials/BaseFlattenGrayscaleMap_VT.uasset" 3060
"../../../Engine/Content/EngineMaterials/BaseFlattenLinearColor_VT.uasset" 3061
"../../../Engine/Content/EngineMaterials/BaseFlattenNormalMap_VT.uasset" 3062
"../../../Engine/Content/EngineMaterials/Black_1x1_EXR_Texture_VT.uasset" 3063
"../../../Engine/Content/EngineMaterials/FlattenMaterial_WS_Normal_VT.uasset" 3064
"../../../Engine/Content/EngineMaterials/DefaultBokeh.uasset" 3065
"../../../Engine/Content/EngineMaterials/MiniFont.uasset" 3066
"../../../Engine/Content/EngineMaterials/WeightMapPlaceholderTexture.uasset" 3067
"../../../Engine/Content/EngineMaterials/WeightMapArrayPlaceholderTexture.uasset" 3068
"../../../Engine/Content/EngineMaterials/DefaultWhiteGrid.uasset" 3069
"../../../Engine/Content/EngineMaterials/PreintegratedSkinBRDF.uasset" 3070
"../../../Engine/Content/EngineMaterials/DefaultPhysicalMaterial.uasset" 3071
"../../../Engine/Content/EngineMaterials/DefaultDestructiblePhysicalMaterial.uasset" 3072
"../../Plugins/Runtime/MeshModelingToolset/Content/Materials/M_DynamicMeshComponentVtxColor.uasset" 3073
"../../Plugins/FX/Niagara/Content/ParameterDefinitions/SpriteRenderer.uasset" 3074
"../../Plugins/FX/Niagara/Content/ParameterDefinitions/RibbonRenderer.uasset" 3075
"../../Plugins/FX/Niagara/Content/ParameterDefinitions/MeshRenderer.uasset" 3076
"../../Plugins/FX/Niagara/Content/ParameterDefinitions/LightRenderer.uasset" 3077
"../../Plugins/FX/Niagara/Content/ParameterDefinitions/DecalRenderer.uasset" 3078
"../../Plugins/FX/Niagara/Content/ParameterDefinitions/CoreParameters.uasset" 3079
"../../../Engine/Content/EditorResources/SequenceRecorder/Countdown.uasset" 3080
"../../../Engine/Content/EditorResources/SequenceRecorder/RecordingIndicator.uasset" 3081
"../../../Engine/Content/EditorMaterials/PhAT_UnselectedMaterial.uasset" 3082
"../../../Engine/Content/EditorMaterials/PhAT_NoCollisionMaterial.uasset" 3083
"../../../Engine/Content/BasicShapes/Cube.uasset" 3084
"../../../Engine/Content/BasicShapes/Sphere.uasset" 3085
"../../../Engine/Content/EditorMeshes/ColorCalibrator/M_GreyBall.uasset" 3086
"../../../Engine/Content/BasicShapes/Cylinder.uasset" 3087
"../../../Engine/Content/EngineMaterials/DefaultMaterial.uasset" 3088
"../../../Engine/Content/BasicShapes/Cone.uasset" 3089
"../../../Engine/Content/BasicShapes/Plane.uasset" 3090
"../../../Engine/Content/EditorLandscapeResources/DefaultAlphaTexture.uasset" 3091
"../../../Engine/Content/EditorResources/S_Terrain.uasset" 3092
"C:/UnrealProyects/MotoresComerciales/Motorescomerciales1/MotoresComerciales/Intermediate/ShaderAutogen/PCD3D_SM6/AutogenShaderHeaders.ush" 3093
"../../../Engine/Plugins/Interchange/Runtime/Content/Functions/MX_SheenBSDF.uasset" 3094
"../../../Engine/Plugins/Interchange/Runtime/Content/Functions/MX_AnisotropicVDF.uasset" 3095
"../../../Engine/Plugins/Animation/ControlRig/Content/Controls/ControlRigGizmoMaterial.uasset" 3096
"../../../Engine/Plugins/Interchange/Runtime/Content/Functions/MX_ThinFilmBSDF.uasset" 3097
"../../../Engine/Plugins/Interchange/Runtime/Content/Functions/MX_GeneralizedSchlickBSDF.uasset" 3098
"../../../Engine/Plugins/Interchange/Runtime/Content/Functions/MX_ConicalEDF.uasset" 3099
"../../../Engine/Plugins/Interchange/Runtime/Content/Functions/MX_UniformEDF.uasset" 3100
"../../../Engine/Plugins/Interchange/Runtime/Content/Functions/MX_AbsorptionVDF.uasset" 3101
"../../../Engine/Plugins/Interchange/Runtime/Content/Functions/MX_MeasuredEDF.uasset" 3102
"../../../Engine/Plugins/Interchange/Runtime/Content/Functions/MX_SubsurfaceBSDF.uasset" 3103
"../../../Engine/Plugins/Interchange/Runtime/Content/Functions/MX_OrenNayarBSDF.uasset" 3104
"../../../Engine/Plugins/Interchange/Runtime/Content/Functions/MX_BurleyDiffuseBSDF.uasset" 3105
"../../../Engine/Plugins/Interchange/Runtime/Content/Functions/MX_DielectricBSDF.uasset" 3106
"../../../Engine/Plugins/Interchange/Runtime/Content/Pipelines/DefaultTexturePipeline.uasset" 3107
"../../../Engine/Plugins/Interchange/Runtime/Content/Functions/MX_TranslucentBSDF.uasset" 3108
"../../../Engine/Plugins/Animation/DeformerGraph/Content/Deformers/DG_LinearBlendSkin_Morph_Cloth_RecomputeNormals.uasset" 3109
"../../../Engine/Plugins/Interchange/Runtime/Content/Functions/MX_SurfaceUnlit.uasset" 3110
"../../../Engine/Plugins/Interchange/Runtime/Content/Pipelines/DefaultMaterialPipeline.uasset" 3111
"../../../Engine/Plugins/Interchange/Runtime/Content/Pipelines/DefaultAssetsPipeline.uasset" 3112
"../../../Engine/Content/EngineSounds/Master.uasset" 3113
"../../../Engine/Plugins/Interchange/Runtime/Content/Functions/MX_ConductorBSDF.uasset" 3114
"../../../Engine/Content/EngineMaterials/STBlueNoise_vec2_128x128x64.uasset" 3115
"../../../Engine/Content/EngineMaterials/STBlueNoise_scalar_128x128x64.uasset" 3116
"../../../Engine/Content/EngineDebugMaterials/DebugEditorMaterial.uasset" 3117
"../../../Engine/Plugins/Animation/DeformerGraph/Content/Deformers/DG_LinearBlendSkin_Morph_Cloth.uasset" 3118
"../../../Engine/Plugins/Interchange/Runtime/Content/Functions/MX_UsdPreviewSurface.uasset" 3119
"../../../Engine/Plugins/Interchange/Runtime/Content/Pipelines/DefaultSceneAssetsPipeline.uasset" 3120
"../../../Engine/Plugins/Interchange/Runtime/Content/Pipelines/DefaultSceneLevelPipeline.uasset" 3121
"../../../Engine/Plugins/Interchange/Runtime/Content/Pipelines/DefaultMaterialXPipeline.uasset" 3122
"../../../Engine/Plugins/Interchange/Runtime/Content/Pipelines/DefaultGLTFPipeline.uasset" 3123
"../../../Engine/Plugins/Interchange/Runtime/Content/Pipelines/DefaultGLTFSceneAssetsPipeline.uasset" 3124
"../../../Engine/Plugins/Interchange/Runtime/Content/Pipelines/DefaultGLTFAssetsPipeline.uasset" 3125
"../../../Engine/Content/EngineMaterials/DefaultBloomKernel.uasset" 3126
"../../../Engine/Content/EditorResources/BSPVertex.uasset" 3127
"C:/UnrealProyects/MotoresComerciales/Motorescomerciales1/MotoresComerciales/Content/ThirdPerson/Input/Actions/IA_Move.uasset" 3128
"C:/UnrealProyects/MotoresComerciales/Motorescomerciales1/MotoresComerciales/Content/ThirdPerson/Input/Actions/IA_Look.uasset" 3129
"C:/UnrealProyects/MotoresComerciales/Motorescomerciales1/MotoresComerciales/Content/ThirdPerson/Input/Actions/IA_Jump.uasset" 3130
"../../../Engine/Content/EngineResources/FilmGrains/Marcie_Grain_v3_128_M2_000.uasset" 3131
"C:/UnrealProyects/MotoresComerciales/Motorescomerciales1/MotoresComerciales/Content/Textures/UncutGrass/Uncut_Grass_oilpt20_1K_Roughness.uasset" 3132
"C:/UnrealProyects/MotoresComerciales/Motorescomerciales1/MotoresComerciales/Content/Textures/UncutGrass/Uncut_Grass_oilpt20_1K_Normal.uasset" 3133
"C:/UnrealProyects/MotoresComerciales/Motorescomerciales1/MotoresComerciales/Content/ThirdPerson/Maps/ThirdPersonMap_BuiltData.uasset" 3134
"C:/UnrealProyects/MotoresComerciales/Motorescomerciales1/MotoresComerciales/Content/Textures/UncutGrass/Uncut_Grass_oilpt20_1K_Specular.uasset" 3135
"C:/UnrealProyects/MotoresComerciales/Motorescomerciales1/MotoresComerciales/Content/Textures/UncutGrass/Uncut_Grass_oilpt20_1K_BaseColor.uasset" 3136
"C:/UnrealProyects/MotoresComerciales/Motorescomerciales1/MotoresComerciales/Content/Textures/UncutGrass/Uncut_Grass_oilpt20_1K_Gloss.uasset" 3137
"C:/UnrealProyects/MotoresComerciales/Motorescomerciales1/MotoresComerciales/Content/Textures/UncutGrass/Uncut_Grass_oilpt20_1K_Bump.uasset" 3138
"C:/UnrealProyects/MotoresComerciales/Motorescomerciales1/MotoresComerciales/Content/Textures/UncutGrass/Uncut_Grass_oilpt20_1K_Cavity.uasset" 3139
"C:/UnrealProyects/MotoresComerciales/Motorescomerciales1/MotoresComerciales/Content/Textures/UncutGrass/Uncut_Grass_oilpt20_1K_Displacement.uasset" 3140
"C:/UnrealProyects/MotoresComerciales/Motorescomerciales1/MotoresComerciales/Content/Textures/UncutGrass/Uncut_Grass_oilpt20_1K_AO.uasset" 3141
"C:/UnrealProyects/MotoresComerciales/Motorescomerciales1/MotoresComerciales/Content/Textures/KartTextures/Kart_roughness.uasset" 3142
"C:/UnrealProyects/MotoresComerciales/Motorescomerciales1/MotoresComerciales/Content/Textures/KartTextures/Kart_normal.uasset" 3143
"C:/UnrealProyects/MotoresComerciales/Motorescomerciales1/MotoresComerciales/Content/Textures/KartTextures/Kart_metallic.uasset" 3144
"C:/UnrealProyects/MotoresComerciales/Motorescomerciales1/MotoresComerciales/Content/Textures/KartTextures/Kart_albedo.uasset" 3145
"C:/UnrealProyects/MotoresComerciales/Motorescomerciales1/MotoresComerciales/Content/Textures/HDRI/Black-Background-HDRI.uasset" 3146
"C:/UnrealProyects/MotoresComerciales/Motorescomerciales1/MotoresComerciales/Content/Textures/Ground/Ground_Roots_vliucgi_1K_Roughness.uasset" 3147
"C:/UnrealProyects/MotoresComerciales/Motorescomerciales1/MotoresComerciales/Content/Textures/Ground/Ground_Roots_vliucgi_1K_Specular.uasset" 3148
"C:/UnrealProyects/MotoresComerciales/Motorescomerciales1/MotoresComerciales/Content/Textures/Ground/Ground_Roots_vliucgi_1K_Normal.uasset" 3149
"C:/UnrealProyects/MotoresComerciales/Motorescomerciales1/MotoresComerciales/Content/Textures/Ground/Ground_Roots_vliucgi_1K_Cavity.uasset" 3150
"C:/UnrealProyects/MotoresComerciales/Motorescomerciales1/MotoresComerciales/Content/Textures/Ground/Ground_Roots_vliucgi_1K_Displacement.uasset" 3151
"C:/UnrealProyects/MotoresComerciales/Motorescomerciales1/MotoresComerciales/Content/Textures/Ground/Ground_Roots_vliucgi_1K_Gloss.uasset" 3152
"C:/UnrealProyects/MotoresComerciales/Motorescomerciales1/MotoresComerciales/Content/Textures/Ground/Ground_Roots_vliucgi_1K_Bump.uasset" 3153
"C:/UnrealProyects/MotoresComerciales/Motorescomerciales1/MotoresComerciales/Content/Textures/Ground/Ground_Roots_vliucgi_1K_BaseColor.uasset" 3154
"C:/UnrealProyects/MotoresComerciales/Motorescomerciales1/MotoresComerciales/Content/Textures/Ground/Ground_Roots_vliucgi_1K_AO.uasset" 3155
"C:/UnrealProyects/MotoresComerciales/Motorescomerciales1/MotoresComerciales/Content/Textures/Grass/Mossy_Grass_vcpoajjs_1K_Specular.uasset" 3156
"C:/UnrealProyects/MotoresComerciales/Motorescomerciales1/MotoresComerciales/Content/Textures/Grass/Mossy_Grass_vcpoajjs_1K_Roughness.uasset" 3157
"../../../Engine/Plugins/Animation/DeformerGraph/Shaders/Private/DataInterfaceSkinnedMeshExec.ush" 3158
"../../../Engine/Plugins/Animation/DeformerGraph/Shaders/Private/DataInterfaceCloth.ush" 3159
"../../../Engine/Plugins/Animation/DeformerGraph/Shaders/Private/DataInterfaceSkinnedMesh.ush" 3160
"../../../Engine/Plugins/Animation/DeformerGraph/Shaders/Private/DataInterfaceSkeleton.ush" 3161
"../../../Engine/Plugins/Animation/DeformerGraph/Shaders/Private/DataInterfaceMorphTarget.ush" 3162
"../../../Engine/Plugins/Animation/DeformerGraph/Shaders/Private/DataInterfaceRawBuffer.ush" 3163
"../../../Engine/Plugins/Runtime/ComputeFramework/Shaders/Private/BufferAlias.ush" 3164
"../../../Engine/Plugins/Animation/DeformerGraph/Shaders/Private/DataInterfaceHalfEdge.ush" 3165
"../../../Engine/Plugins/Animation/DeformerGraph/Shaders/Private/DataInterfaceSkinnedMeshWrite.ush" 3166
"C:/UnrealProyects/MotoresComerciales/Motorescomerciales1/MotoresComerciales/Content/Textures/Grass/Mossy_Grass_vcpoajjs_1K_Gloss.uasset" 3167
"C:/UnrealProyects/MotoresComerciales/Motorescomerciales1/MotoresComerciales/Content/Textures/Grass/Mossy_Grass_vcpoajjs_1K_Cavity.uasset" 3168
"C:/UnrealProyects/MotoresComerciales/Motorescomerciales1/MotoresComerciales/Content/Textures/Grass/Mossy_Grass_vcpoajjs_1K_Normal.uasset" 3169
"C:/UnrealProyects/MotoresComerciales/Motorescomerciales1/MotoresComerciales/Content/Textures/Grass/Mossy_Grass_vcpoajjs_1K_BaseColor.uasset" 3170
"C:/UnrealProyects/MotoresComerciales/Motorescomerciales1/MotoresComerciales/Content/Textures/GarageTexture/GarageTexture2.uasset" 3171
"C:/UnrealProyects/MotoresComerciales/Motorescomerciales1/MotoresComerciales/Content/Textures/Grass/Mossy_Grass_vcpoajjs_1K_Bump.uasset" 3172
"C:/UnrealProyects/MotoresComerciales/Motorescomerciales1/MotoresComerciales/Content/Textures/FloorTexture/BlackandWhiteFloor__2_.uasset" 3173
"C:/UnrealProyects/MotoresComerciales/Motorescomerciales1/MotoresComerciales/Content/Textures/Grass/Mossy_Grass_vcpoajjs_1K_AO.uasset" 3174
"C:/UnrealProyects/MotoresComerciales/Motorescomerciales1/MotoresComerciales/Content/Textures/GarageTexture/GarageTexture.uasset" 3175
"C:/UnrealProyects/MotoresComerciales/Motorescomerciales1/MotoresComerciales/Content/Textures/FloorTexture/CheckerFloor.uasset" 3176
"C:/UnrealProyects/MotoresComerciales/Motorescomerciales1/MotoresComerciales/Content/StylizedKitchen/Textures/T_Flower_Pattern_N.uasset" 3177
"C:/UnrealProyects/MotoresComerciales/Motorescomerciales1/MotoresComerciales/Content/StylizedKitchen/Textures/T_Flower_Pattern_MRE.uasset" 3178
"C:/UnrealProyects/MotoresComerciales/Motorescomerciales1/MotoresComerciales/Content/StylizedKitchen/Textures/T_Flower_Pattern_D.uasset" 3179
"C:/UnrealProyects/MotoresComerciales/Motorescomerciales1/MotoresComerciales/Content/StylizedKitchen/Textures/T_FlowersPlant_ORM.uasset" 3180
"C:/UnrealProyects/MotoresComerciales/Motorescomerciales1/MotoresComerciales/Content/StylizedKitchen/Textures/T_FlowerPot_N.uasset" 3181
"C:/UnrealProyects/MotoresComerciales/Motorescomerciales1/MotoresComerciales/Content/StylizedKitchen/Textures/T_FlowerPot_ORM.uasset" 3182
"C:/UnrealProyects/MotoresComerciales/Motorescomerciales1/MotoresComerciales/Content/StylizedKitchen/Textures/T_FlowersPlant_BC.uasset" 3183
"C:/UnrealProyects/MotoresComerciales/Motorescomerciales1/MotoresComerciales/Content/StylizedKitchen/Textures/T_FlowersPlants_A.uasset" 3184
"C:/UnrealProyects/MotoresComerciales/Motorescomerciales1/MotoresComerciales/Content/StylizedKitchen/Textures/T_Fill_ORM.uasset" 3185
"C:/UnrealProyects/MotoresComerciales/Motorescomerciales1/MotoresComerciales/Content/StylizedKitchen/Textures/T_Fill_N.uasset" 3186
"C:/UnrealProyects/MotoresComerciales/Motorescomerciales1/MotoresComerciales/Content/StylizedKitchen/Textures/T_FlowerPot_BC.uasset" 3187
"C:/UnrealProyects/MotoresComerciales/Motorescomerciales1/MotoresComerciales/Content/StylizedKitchen/Textures/T_Fill_B.uasset" 3188
"C:/UnrealProyects/MotoresComerciales/Motorescomerciales1/MotoresComerciales/Content/StylizedKitchen/Textures/T_Default_MRE.uasset" 3189
"C:/UnrealProyects/MotoresComerciales/Motorescomerciales1/MotoresComerciales/Content/PN_interactiveSpruceForest/UE4_Mannequin/Mannequin/Character/Textures/UE4_Mannequin__normals.uasset" 3190
"C:/UnrealProyects/MotoresComerciales/Motorescomerciales1/MotoresComerciales/Content/PN_interactiveSpruceForest/UE4_Mannequin/Mannequin/Character/Textures/UE4Man_Logo_N.uasset" 3191
"C:/UnrealProyects/MotoresComerciales/Motorescomerciales1/MotoresComerciales/Content/PN_interactiveSpruceForest/UE4_Mannequin/Mannequin/Character/Textures/UE4_Mannequin_MAT_MASKA.uasset" 3192
"C:/UnrealProyects/MotoresComerciales/Motorescomerciales1/MotoresComerciales/Content/StylizedKitchen/Textures/T_Default_L.uasset" 3193
"C:/UnrealProyects/MotoresComerciales/Motorescomerciales1/MotoresComerciales/Content/PN_interactiveSpruceForest/UE4_Mannequin/Mannequin/Character/Mesh/UE4_Mannequin_Skeleton.uasset" 3194
"C:/UnrealProyects/MotoresComerciales/Motorescomerciales1/MotoresComerciales/Content/PN_interactiveSpruceForest/UE4_Mannequin/Mannequin/Character/Materials/MaterialLayers/T_ML_Rubber_Blue_01_N.uasset" 3195
"C:/UnrealProyects/MotoresComerciales/Motorescomerciales1/MotoresComerciales/Content/PN_interactiveSpruceForest/UE4_Mannequin/Mannequin/Character/Materials/MaterialLayers/T_ML_Aluminum01_N.uasset" 3196
"C:/UnrealProyects/MotoresComerciales/Motorescomerciales1/MotoresComerciales/Content/PN_interactiveSpruceForest/UE4_Mannequin/Mannequin/Character/Materials/MaterialLayers/ML_Plastic_Shiny_Beige.uasset" 3197
"C:/UnrealProyects/MotoresComerciales/Motorescomerciales1/MotoresComerciales/Content/PN_interactiveSpruceForest/Textures/PivotPainterTextures/small/small_07_PIV.uasset" 3198
"C:/UnrealProyects/MotoresComerciales/Motorescomerciales1/MotoresComerciales/Content/PN_interactiveSpruceForest/UE4_Mannequin/Mannequin/Character/Mesh/SK_Mannequin_PhysicsAsset.uasset" 3199
"C:/UnrealProyects/MotoresComerciales/Motorescomerciales1/MotoresComerciales/Content/PN_interactiveSpruceForest/UE4_Mannequin/Mannequin/Character/Materials/MaterialLayers/T_ML_Aluminum01.uasset" 3200
"C:/UnrealProyects/MotoresComerciales/Motorescomerciales1/MotoresComerciales/Content/PN_interactiveSpruceForest/Textures/PivotPainterTextures/small/small_06_VEC.uasset" 3201
"C:/UnrealProyects/MotoresComerciales/Motorescomerciales1/MotoresComerciales/Content/PN_interactiveSpruceForest/UE4_Mannequin/Mannequin/Character/Textures/UE4_LOGO_CARD.uasset" 3202
"C:/UnrealProyects/MotoresComerciales/Motorescomerciales1/MotoresComerciales/Content/PN_interactiveSpruceForest/Textures/PivotPainterTextures/small/small_06_PIV.uasset" 3203
"C:/UnrealProyects/MotoresComerciales/Motorescomerciales1/MotoresComerciales/Content/PN_interactiveSpruceForest/Textures/PivotPainterTextures/small/small_05_VEC.uasset" 3204
"C:/UnrealProyects/MotoresComerciales/Motorescomerciales1/MotoresComerciales/Content/PN_interactiveSpruceForest/Textures/PivotPainterTextures/small/small_05_PIV.uasset" 3205
"C:/UnrealProyects/MotoresComerciales/Motorescomerciales1/MotoresComerciales/Content/PN_interactiveSpruceForest/UE4_Mannequin/Mannequin/Character/Materials/MaterialLayers/T_ML_Rubber_Blue_01_D.uasset" 3206
"C:/UnrealProyects/MotoresComerciales/Motorescomerciales1/MotoresComerciales/Content/PN_interactiveSpruceForest/Textures/PivotPainterTextures/small/small_04_VEC.uasset" 3207
"C:/UnrealProyects/MotoresComerciales/Motorescomerciales1/MotoresComerciales/Content/PN_interactiveSpruceForest/Textures/PivotPainterTextures/small/small_02_VEC.uasset" 3208
"C:/UnrealProyects/MotoresComerciales/Motorescomerciales1/MotoresComerciales/Content/PN_interactiveSpruceForest/Textures/PivotPainterTextures/small/small_04_PIV.uasset" 3209
"C:/UnrealProyects/MotoresComerciales/Motorescomerciales1/MotoresComerciales/Content/PN_interactiveSpruceForest/Textures/PivotPainterTextures/small/small_03_VEC.uasset" 3210
"C:/UnrealProyects/MotoresComerciales/Motorescomerciales1/MotoresComerciales/Content/PN_interactiveSpruceForest/Textures/PivotPainterTextures/small/small_07_VEC.uasset" 3211
"C:/UnrealProyects/MotoresComerciales/Motorescomerciales1/MotoresComerciales/Content/PN_interactiveSpruceForest/Textures/PivotPainterTextures/small/small_01_VEC.uasset" 3212
"C:/UnrealProyects/MotoresComerciales/Motorescomerciales1/MotoresComerciales/Content/PN_interactiveSpruceForest/Textures/PivotPainterTextures/small/small_02_PIV.uasset" 3213
"C:/UnrealProyects/MotoresComerciales/Motorescomerciales1/MotoresComerciales/Content/PN_interactiveSpruceForest/Textures/PivotPainterTextures/half/low/spruce_half_04_low_PIV.uasset" 3214
"C:/UnrealProyects/MotoresComerciales/Motorescomerciales1/MotoresComerciales/Content/PN_interactiveSpruceForest/Textures/PivotPainterTextures/imposter/Imposter_PIV.uasset" 3215
"C:/UnrealProyects/MotoresComerciales/Motorescomerciales1/MotoresComerciales/Content/PN_interactiveSpruceForest/Textures/PivotPainterTextures/small/small_01_PIV.uasset" 3216
"C:/UnrealProyects/MotoresComerciales/Motorescomerciales1/MotoresComerciales/Content/PN_interactiveSpruceForest/Textures/PivotPainterTextures/small/small_03_PIV.uasset" 3217
"C:/UnrealProyects/MotoresComerciales/Motorescomerciales1/MotoresComerciales/Content/PN_interactiveSpruceForest/Textures/PivotPainterTextures/half/low/spruce_half_02_low_VEC.uasset" 3218
"C:/UnrealProyects/MotoresComerciales/Motorescomerciales1/MotoresComerciales/Content/PN_interactiveSpruceForest/Textures/PivotPainterTextures/half/low/spruce_half_04_low_VEC.uasset" 3219
"C:/UnrealProyects/MotoresComerciales/Motorescomerciales1/MotoresComerciales/Content/PN_interactiveSpruceForest/Textures/PivotPainterTextures/imposter/Imposter_VEC.uasset" 3220
"C:/UnrealProyects/MotoresComerciales/Motorescomerciales1/MotoresComerciales/Content/PN_interactiveSpruceForest/Textures/PivotPainterTextures/half/low/spruce_half_03_low_VEC.uasset" 3221
"C:/UnrealProyects/MotoresComerciales/Motorescomerciales1/MotoresComerciales/Content/PN_interactiveSpruceForest/Textures/PivotPainterTextures/half/low/spruce_half_01_low_VEC.uasset" 3222
"C:/UnrealProyects/MotoresComerciales/Motorescomerciales1/MotoresComerciales/Content/PN_interactiveSpruceForest/Textures/PivotPainterTextures/half/low/spruce_half_03_low_PIV.uasset" 3223
"C:/UnrealProyects/MotoresComerciales/Motorescomerciales1/MotoresComerciales/Content/PN_interactiveSpruceForest/Textures/PivotPainterTextures/half/high/spruce_half_04_VEC.uasset" 3224
"C:/UnrealProyects/MotoresComerciales/Motorescomerciales1/MotoresComerciales/Content/PN_interactiveSpruceForest/Textures/PivotPainterTextures/half/low/spruce_half_02_low_PIV.uasset" 3225
"C:/UnrealProyects/MotoresComerciales/Motorescomerciales1/MotoresComerciales/Content/PN_interactiveSpruceForest/Textures/PivotPainterTextures/half/high/spruce_half_03_VEC.uasset" 3226
"C:/UnrealProyects/MotoresComerciales/Motorescomerciales1/MotoresComerciales/Content/PN_interactiveSpruceForest/Textures/PivotPainterTextures/half/high/spruce_half_03_PIV.uasset" 3227
"C:/UnrealProyects/MotoresComerciales/Motorescomerciales1/MotoresComerciales/Content/PN_interactiveSpruceForest/Textures/PivotPainterTextures/half/low/spruce_half_01_low_PIV.uasset" 3228
"C:/UnrealProyects/MotoresComerciales/Motorescomerciales1/MotoresComerciales/Content/PN_interactiveSpruceForest/Textures/PivotPainterTextures/half/high/spruce_half_04_PIV.uasset" 3229
"C:/UnrealProyects/MotoresComerciales/Motorescomerciales1/MotoresComerciales/Content/PN_interactiveSpruceForest/Textures/PivotPainterTextures/half/high/spruce_half_01_VEC.uasset" 3230
"C:/UnrealProyects/MotoresComerciales/Motorescomerciales1/MotoresComerciales/Content/PN_interactiveSpruceForest/Textures/PivotPainterTextures/half/high/spruce_half_02_VEC.uasset" 3231
"C:/UnrealProyects/MotoresComerciales/Motorescomerciales1/MotoresComerciales/Content/PN_interactiveSpruceForest/Textures/PivotPainterTextures/half/high/spruce_half_01_PIV.uasset" 3232
"C:/UnrealProyects/MotoresComerciales/Motorescomerciales1/MotoresComerciales/Content/PN_interactiveSpruceForest/Textures/PivotPainterTextures/half/high/spruce_half_02_PIV.uasset" 3233
"C:/UnrealProyects/MotoresComerciales/Motorescomerciales1/MotoresComerciales/Content/PN_interactiveSpruceForest/Textures/PivotPainterTextures/full/low/spruce_full_03_low_VEC.uasset" 3234
"C:/UnrealProyects/MotoresComerciales/Motorescomerciales1/MotoresComerciales/Content/PN_interactiveSpruceForest/Textures/PivotPainterTextures/full/low/spruce_full_01_low_VEC.uasset" 3235
"C:/UnrealProyects/MotoresComerciales/Motorescomerciales1/MotoresComerciales/Content/PN_interactiveSpruceForest/Textures/PivotPainterTextures/full/low/spruce_full_02_low_PIV.uasset" 3236
"C:/UnrealProyects/MotoresComerciales/Motorescomerciales1/MotoresComerciales/Content/PN_interactiveSpruceForest/Textures/PivotPainterTextures/full/low/spruce_full_02_low_VEC.uasset" 3237
"C:/UnrealProyects/MotoresComerciales/Motorescomerciales1/MotoresComerciales/Content/PN_interactiveSpruceForest/Textures/PivotPainterTextures/full/low/spruce_full_03_low_PIV.uasset" 3238
"C:/UnrealProyects/MotoresComerciales/Motorescomerciales1/MotoresComerciales/Content/PN_interactiveSpruceForest/Textures/PivotPainterTextures/full/low/spruce_full_01_low_PIV.uasset" 3239
"C:/UnrealProyects/MotoresComerciales/Motorescomerciales1/MotoresComerciales/Content/PN_interactiveSpruceForest/Textures/PivotPainterTextures/full/high/spruce_full_03_VEC.uasset" 3240
"C:/UnrealProyects/MotoresComerciales/Motorescomerciales1/MotoresComerciales/Content/PN_interactiveSpruceForest/Textures/PivotPainterTextures/full/high/spruce_full_03_PIV.uasset" 3241
"C:/UnrealProyects/MotoresComerciales/Motorescomerciales1/MotoresComerciales/Content/PN_interactiveSpruceForest/Textures/PivotPainterTextures/full/high/spruce_full_02_VEC.uasset" 3242
"C:/UnrealProyects/MotoresComerciales/Motorescomerciales1/MotoresComerciales/Content/PN_interactiveSpruceForest/Textures/PivotPainterTextures/full/high/spruce_full_01_VEC.uasset" 3243
"C:/UnrealProyects/MotoresComerciales/Motorescomerciales1/MotoresComerciales/Content/PN_interactiveSpruceForest/Textures/PivotPainterTextures/full/high/spruce_full_02_PIV.uasset" 3244
"C:/UnrealProyects/MotoresComerciales/Motorescomerciales1/MotoresComerciales/Content/PN_interactiveSpruceForest/Textures/PivotPainterTextures/full/high/spruce_full_01_PIV.uasset" 3245
"C:/UnrealProyects/MotoresComerciales/Motorescomerciales1/MotoresComerciales/Content/PN_interactiveSpruceForest/Textures/MasterTextures/ModelTextures/Leaf_A_02.uasset" 3246
"C:/UnrealProyects/MotoresComerciales/Motorescomerciales1/MotoresComerciales/Content/PN_interactiveSpruceForest/Textures/MasterTextures/ModelTextures/Leaf_O.uasset" 3247
"C:/UnrealProyects/MotoresComerciales/Motorescomerciales1/MotoresComerciales/Content/PN_interactiveSpruceForest/Textures/MasterTextures/ModelTextures/Leaf_A_01.uasset" 3248
"C:/UnrealProyects/MotoresComerciales/Motorescomerciales1/MotoresComerciales/Content/PN_interactiveSpruceForest/Textures/MasterTextures/ModelTextures/Leaf_N.uasset" 3249
"C:/UnrealProyects/MotoresComerciales/Motorescomerciales1/MotoresComerciales/Content/PN_interactiveSpruceForest/Textures/MasterTextures/ModelTextures/Leaf_AOSM.uasset" 3250
"C:/UnrealProyects/MotoresComerciales/Motorescomerciales1/MotoresComerciales/Content/PN_interactiveSpruceForest/Textures/MasterTextures/ModelTextures/Branch_N.uasset" 3251
"C:/UnrealProyects/MotoresComerciales/Motorescomerciales1/MotoresComerciales/Content/PN_interactiveSpruceForest/Textures/MasterTextures/ModelTextures/Branch_AOSH.uasset" 3252
"C:/UnrealProyects/MotoresComerciales/Motorescomerciales1/MotoresComerciales/Content/PN_interactiveSpruceForest/Textures/MasterTextures/ModelTextures/Bark_N.uasset" 3253
"C:/UnrealProyects/MotoresComerciales/Motorescomerciales1/MotoresComerciales/Content/PN_interactiveSpruceForest/Textures/MasterTextures/ModelTextures/Branch_A.uasset" 3254
"C:/UnrealProyects/MotoresComerciales/Motorescomerciales1/MotoresComerciales/Content/PN_interactiveSpruceForest/Textures/MasterTextures/ModelTextures/Bark_A_.uasset" 3255
"C:/UnrealProyects/MotoresComerciales/Motorescomerciales1/MotoresComerciales/Content/PN_interactiveSpruceForest/Textures/MasterTextures/GroundTextures/ground_N.uasset" 3256
"C:/UnrealProyects/MotoresComerciales/Motorescomerciales1/MotoresComerciales/Content/PN_interactiveSpruceForest/Textures/MasterTextures/ModelTextures/Bark_AOSH.uasset" 3257
"C:/UnrealProyects/MotoresComerciales/Motorescomerciales1/MotoresComerciales/Content/PN_interactiveSpruceForest/Textures/MasterTextures/GroundTextures/ground_H.uasset" 3258
"C:/UnrealProyects/MotoresComerciales/Motorescomerciales1/MotoresComerciales/Content/PN_interactiveSpruceForest/Textures/MasterTextures/GroundTextures/ground_A.uasset" 3259
"C:/UnrealProyects/MotoresComerciales/Motorescomerciales1/MotoresComerciales/Content/PN_interactiveSpruceForest/Textures/MasterTextures/GroundTextures/ground_AO.uasset" 3260
"C:/UnrealProyects/MotoresComerciales/Motorescomerciales1/MotoresComerciales/Content/PN_interactiveSpruceForest/Textures/MasterTextures/CoverTextures/Snow_AORH.uasset" 3261
"C:/UnrealProyects/MotoresComerciales/Motorescomerciales1/MotoresComerciales/Content/PN_interactiveSpruceForest/Textures/MasterTextures/CoverTextures/Snow_N.uasset" 3262
"C:/UnrealProyects/MotoresComerciales/Motorescomerciales1/MotoresComerciales/Content/PN_interactiveSpruceForest/Textures/MasterTextures/CoverTextures/Moss_N.uasset" 3263
"C:/UnrealProyects/MotoresComerciales/Motorescomerciales1/MotoresComerciales/Content/PN_interactiveSpruceForest/Textures/Imposter/half_04_imposter_N.uasset" 3264
"C:/UnrealProyects/MotoresComerciales/Motorescomerciales1/MotoresComerciales/Content/PN_interactiveSpruceForest/Textures/Imposter/half_04_imposter_O.uasset" 3265
"C:/UnrealProyects/MotoresComerciales/Motorescomerciales1/MotoresComerciales/Content/PN_interactiveSpruceForest/Textures/Imposter/half_03_imposter_O.uasset" 3266
"C:/UnrealProyects/MotoresComerciales/Motorescomerciales1/MotoresComerciales/Content/PN_interactiveSpruceForest/Textures/MasterTextures/CoverTextures/Snow_A.uasset" 3267
"C:/UnrealProyects/MotoresComerciales/Motorescomerciales1/MotoresComerciales/Content/PN_interactiveSpruceForest/Textures/MasterTextures/CoverTextures/Moss_AOSH.uasset" 3268
"C:/UnrealProyects/MotoresComerciales/Motorescomerciales1/MotoresComerciales/Content/PN_interactiveSpruceForest/Textures/Imposter/half_03_imposter_N.uasset" 3269
"C:/UnrealProyects/MotoresComerciales/Motorescomerciales1/MotoresComerciales/Content/PN_interactiveSpruceForest/Textures/Imposter/half_04_imposter_A.uasset" 3270
"C:/UnrealProyects/MotoresComerciales/Motorescomerciales1/MotoresComerciales/Content/PN_interactiveSpruceForest/Textures/Imposter/half_02_imposter_O.uasset" 3271
"C:/UnrealProyects/MotoresComerciales/Motorescomerciales1/MotoresComerciales/Content/PN_interactiveSpruceForest/Textures/Imposter/half_02_imposter_A.uasset" 3272
"C:/UnrealProyects/MotoresComerciales/Motorescomerciales1/MotoresComerciales/Content/PN_interactiveSpruceForest/Textures/MasterTextures/CoverTextures/Moss_A.uasset" 3273
"C:/UnrealProyects/MotoresComerciales/Motorescomerciales1/MotoresComerciales/Content/PN_interactiveSpruceForest/Textures/Imposter/half_03_imposter_A.uasset" 3274
"C:/UnrealProyects/MotoresComerciales/Motorescomerciales1/MotoresComerciales/Content/PN_interactiveSpruceForest/Textures/Imposter/half_01_imposter_O.uasset" 3275
"C:/UnrealProyects/MotoresComerciales/Motorescomerciales1/MotoresComerciales/Content/PN_interactiveSpruceForest/Textures/Imposter/half_02_imposter_N.uasset" 3276
"C:/UnrealProyects/MotoresComerciales/Motorescomerciales1/MotoresComerciales/Content/PN_interactiveSpruceForest/Textures/Imposter/full_03_imposter_O.uasset" 3277
"C:/UnrealProyects/MotoresComerciales/Motorescomerciales1/MotoresComerciales/Content/PN_interactiveSpruceForest/Textures/Imposter/half_01_imposter_A.uasset" 3278
"C:/UnrealProyects/MotoresComerciales/Motorescomerciales1/MotoresComerciales/Content/PN_interactiveSpruceForest/Textures/Imposter/half_01_imposter_N.uasset" 3279
"C:/UnrealProyects/MotoresComerciales/Motorescomerciales1/MotoresComerciales/Content/PN_interactiveSpruceForest/Textures/Imposter/full_02_imposter_O.uasset" 3280
"C:/UnrealProyects/MotoresComerciales/Motorescomerciales1/MotoresComerciales/Content/PN_interactiveSpruceForest/Textures/Imposter/full_03_imposter_A_unlit.uasset" 3281
"C:/UnrealProyects/MotoresComerciales/Motorescomerciales1/MotoresComerciales/Content/PN_interactiveSpruceForest/Textures/Imposter/full_03_imposter_N.uasset" 3282
"C:/UnrealProyects/MotoresComerciales/Motorescomerciales1/MotoresComerciales/Content/PN_interactiveSpruceForest/Blueprints/PN_Bending_Component.uasset" 3283
"C:/UnrealProyects/MotoresComerciales/Motorescomerciales1/MotoresComerciales/Content/PN_interactiveSpruceForest/Textures/Imposter/full_02_imposter_N.uasset" 3284
"C:/UnrealProyects/MotoresComerciales/Motorescomerciales1/MotoresComerciales/Content/PN_interactiveSpruceForest/Textures/Imposter/full_02_imposter_A_unlit.uasset" 3285
"C:/UnrealProyects/MotoresComerciales/Motorescomerciales1/MotoresComerciales/Content/PN_interactiveSpruceForest/Textures/Imposter/full_01_imposter_A_unlit.uasset" 3286
"C:/UnrealProyects/MotoresComerciales/Motorescomerciales1/MotoresComerciales/Content/PN_interactiveSpruceForest/Textures/Imposter/full_01_imposter_N.uasset" 3287
"C:/UnrealProyects/MotoresComerciales/Motorescomerciales1/MotoresComerciales/Content/PN_interactiveSpruceForest/Textures/Imposter/full_01_imposter_O.uasset" 3288
"C:/UnrealProyects/MotoresComerciales/Motorescomerciales1/MotoresComerciales/Content/PN_interactiveSpruceForest/Materials/PN_WindParameters.uasset" 3289
"C:/UnrealProyects/MotoresComerciales/Motorescomerciales1/MotoresComerciales/Content/PN_interactiveSpruceForest/Materials/MaterialFunctions/PN_BendingParameters.uasset" 3290
"C:/UnrealProyects/MotoresComerciales/Motorescomerciales1/MotoresComerciales/Content/ModelsStudio/White_002.uasset" 3291
"C:/UnrealProyects/MotoresComerciales/Motorescomerciales1/MotoresComerciales/Content/MOON/Moon-Textura.uasset" 3292
"C:/UnrealProyects/MotoresComerciales/Motorescomerciales1/MotoresComerciales/Content/ModelsStudio/Studio_Setup_Mtl_1_001.uasset" 3293
"C:/UnrealProyects/MotoresComerciales/Motorescomerciales1/MotoresComerciales/Content/ModelsStudio/Studio_Setup_Mtl_9_001.uasset" 3294
"C:/UnrealProyects/MotoresComerciales/Motorescomerciales1/MotoresComerciales/Content/ModelsStudio/Studio_Setup_Mtl_8_001.uasset" 3295
"C:/UnrealProyects/MotoresComerciales/Motorescomerciales1/MotoresComerciales/Content/ModelsStudio/Studio_Setup_Mtl_6_001.uasset" 3296
"C:/UnrealProyects/MotoresComerciales/Motorescomerciales1/MotoresComerciales/Content/ModelsStudio/Studio_Setup_Mtl_5_001.uasset" 3297
"C:/UnrealProyects/MotoresComerciales/Motorescomerciales1/MotoresComerciales/Content/ModelsStudio/Studio_Setup_Mtl_7_001.uasset" 3298
"C:/UnrealProyects/MotoresComerciales/Motorescomerciales1/MotoresComerciales/Content/ModelsStudio/Studio_Setup_Mtl_4_001.uasset" 3299
"C:/UnrealProyects/MotoresComerciales/Motorescomerciales1/MotoresComerciales/Content/ModelsStudio/Studio_Setup_Mtl_2_001.uasset" 3300
"C:/UnrealProyects/MotoresComerciales/Motorescomerciales1/MotoresComerciales/Content/ModelsStudio/Studio_Setup_Mtl_3_001.uasset" 3301
"C:/UnrealProyects/MotoresComerciales/Motorescomerciales1/MotoresComerciales/Content/ModelsStudio/Studio_Setup_Mtl_17_001.uasset" 3302
"C:/UnrealProyects/MotoresComerciales/Motorescomerciales1/MotoresComerciales/Content/ModelsStudio/Studio_Setup_Mtl_18_001.uasset" 3303
"C:/UnrealProyects/MotoresComerciales/Motorescomerciales1/MotoresComerciales/Content/ModelsStudio/Studio_Setup_Mtl_19_001.uasset" 3304
"C:/UnrealProyects/MotoresComerciales/Motorescomerciales1/MotoresComerciales/Content/ModelsStudio/Studio_Setup_Mtl_16_001.uasset" 3305
"C:/UnrealProyects/MotoresComerciales/Motorescomerciales1/MotoresComerciales/Content/ModelsStudio/Studio_Setup_Mtl_15_001.uasset" 3306
"C:/UnrealProyects/MotoresComerciales/Motorescomerciales1/MotoresComerciales/Content/ModelsStudio/Studio_Setup_Mtl_14_001.uasset" 3307
"C:/UnrealProyects/MotoresComerciales/Motorescomerciales1/MotoresComerciales/Content/ModelsStudio/Studio_Setup_Mtl_11_001.uasset" 3308
"C:/UnrealProyects/MotoresComerciales/Motorescomerciales1/MotoresComerciales/Content/ModelsStudio/Studio_Setup_Mtl_12_001.uasset" 3309
"C:/UnrealProyects/MotoresComerciales/Motorescomerciales1/MotoresComerciales/Content/ModelsStudio/Black_001.uasset" 3310
"C:/UnrealProyects/MotoresComerciales/Motorescomerciales1/MotoresComerciales/Content/MetaHumans/Vincent/MaleHair_pfn/Hair/Eyebrows_L_Scraggly_CardsMesh_Group0_LOD4.uasset" 3311
"C:/UnrealProyects/MotoresComerciales/Motorescomerciales1/MotoresComerciales/Content/MetaHumans/Vincent/MaleHair_pfn/Hair/Eyebrows_L_Scraggly_CardsMesh_Group0_LOD3.uasset" 3312
"C:/UnrealProyects/MotoresComerciales/Motorescomerciales1/MotoresComerciales/Content/ModelsStudio/Studio_Setup_Mtl_13_001.uasset" 3313
"C:/UnrealProyects/MotoresComerciales/Motorescomerciales1/MotoresComerciales/Content/ModelsStudio/Studio_Plastic_1.uasset" 3314
"C:/UnrealProyects/MotoresComerciales/Motorescomerciales1/MotoresComerciales/Content/ModelsStudio/Studio_Setup_Mtl_10_001.uasset" 3315
"C:/UnrealProyects/MotoresComerciales/Motorescomerciales1/MotoresComerciales/Content/MetaHumans/Vincent/MaleHair_pfn/Hair/Eyebrows_L_Scraggly_CardsMesh_Group0_LOD2.uasset" 3316
"C:/UnrealProyects/MotoresComerciales/Motorescomerciales1/MotoresComerciales/Content/MetaHumans/Vincent/MaleHair_pfn/Hair/Eyebrows_L_Scraggly_CardsMesh_Group0_LOD1.uasset" 3317
"C:/UnrealProyects/MotoresComerciales/Motorescomerciales1/MotoresComerciales/Content/ModelsStudio/QS_002.uasset" 3318
"C:/UnrealProyects/MotoresComerciales/Motorescomerciales1/MotoresComerciales/Content/ModelsStudio/Metal_002.uasset" 3319
"C:/UnrealProyects/MotoresComerciales/Motorescomerciales1/MotoresComerciales/Content/ModelsStudio/Studio_Fabric_3.uasset" 3320
"C:/UnrealProyects/MotoresComerciales/Motorescomerciales1/MotoresComerciales/Content/MetaHumans/Vincent/Previews/BP_Vincent_PreviewMeshCollection.uasset" 3321
"C:/UnrealProyects/MotoresComerciales/Motorescomerciales1/MotoresComerciales/Content/MetaHumans/Vincent/MaleHair/Hair/Hair_S_Clean_CardsMesh_Group0_LOD4.uasset" 3322
"C:/UnrealProyects/MotoresComerciales/Motorescomerciales1/MotoresComerciales/Content/MetaHumans/Vincent/MaleHair/Hair/Hair_S_Clean_CardsMesh_Group0_LOD0.uasset" 3323
"C:/UnrealProyects/MotoresComerciales/Motorescomerciales1/MotoresComerciales/Content/MetaHumans/Vincent/MaleHair/Hair/Hair_S_Clean_CardsMesh_Group0_LOD1.uasset" 3324
"C:/UnrealProyects/MotoresComerciales/Motorescomerciales1/MotoresComerciales/Content/MetaHumans/Vincent/MaleHair/Hair/Hair_S_Clean_CardsMesh_Group0_LOD2.uasset" 3325
"C:/UnrealProyects/MotoresComerciales/Motorescomerciales1/MotoresComerciales/Content/MetaHumans/Vincent/MaleHair/Hair/Hair_S_Clean_CardsMesh_Group0_LOD3.uasset" 3326
"C:/UnrealProyects/MotoresComerciales/Motorescomerciales1/MotoresComerciales/Content/MetaHumans/Vincent/Face/T_BakedNormal_LOD4.uasset" 3327
"C:/UnrealProyects/MotoresComerciales/Motorescomerciales1/MotoresComerciales/Content/MetaHumans/Vincent/Face/T_BakedNormal_LOD3.uasset" 3328
"C:/UnrealProyects/MotoresComerciales/Motorescomerciales1/MotoresComerciales/Content/MetaHumans/Vincent/Face/FaceNormal_MAIN_LOD.uasset" 3329
"C:/UnrealProyects/MotoresComerciales/Motorescomerciales1/MotoresComerciales/Content/MetaHumans/Vincent/Face/FaceNormal_WM2.uasset" 3330
"C:/UnrealProyects/MotoresComerciales/Motorescomerciales1/MotoresComerciales/Content/MetaHumans/Vincent/Face/T_BakedNormal_LOD5.uasset" 3331
"C:/UnrealProyects/MotoresComerciales/Motorescomerciales1/MotoresComerciales/Content/MetaHumans/Vincent/Face/FaceNormal_WM3.uasset" 3332
"C:/UnrealProyects/MotoresComerciales/Motorescomerciales1/MotoresComerciales/Content/MetaHumans/Vincent/Face/FaceNormal_MAIN.uasset" 3333
"C:/UnrealProyects/MotoresComerciales/Motorescomerciales1/MotoresComerciales/Content/MetaHumans/Vincent/Face/FaceNormal_WM1.uasset" 3334
"C:/UnrealProyects/MotoresComerciales/Motorescomerciales1/MotoresComerciales/Content/MetaHumans/Vincent/Face/FaceFoundationBlusherMask.uasset" 3335
"C:/UnrealProyects/MotoresComerciales/Motorescomerciales1/MotoresComerciales/Content/MetaHumans/Vincent/Face/FaceEyeLipstickMask.uasset" 3336
"C:/UnrealProyects/MotoresComerciales/Motorescomerciales1/MotoresComerciales/Content/MetaHumans/Vincent/Face/FaceColor_MAIN_LOD.uasset" 3337
"C:/UnrealProyects/MotoresComerciales/Motorescomerciales1/MotoresComerciales/Content/MetaHumans/Vincent/Face/FaceColor_MAIN.uasset" 3338
"C:/UnrealProyects/MotoresComerciales/Motorescomerciales1/MotoresComerciales/Content/MetaHumans/Vincent/Face/FaceColor_CM3.uasset" 3339
"C:/UnrealProyects/MotoresComerciales/Motorescomerciales1/MotoresComerciales/Content/MetaHumans/Vincent/Face/FaceColor_CM1.uasset" 3340
"C:/UnrealProyects/MotoresComerciales/Motorescomerciales1/MotoresComerciales/Content/MetaHumans/Vincent/Face/FaceColor_CM2.uasset" 3341
"C:/UnrealProyects/MotoresComerciales/Motorescomerciales1/MotoresComerciales/Content/MetaHumans/Vincent/Face/FaceCavity_MAIN.uasset" 3342
"C:/UnrealProyects/MotoresComerciales/Motorescomerciales1/MotoresComerciales/Content/MetaHumans/Vincent/Face/FaceBakedGroomRootTipGradientRegionMasks_LOD.uasset" 3343
"C:/UnrealProyects/MotoresComerciales/Motorescomerciales1/MotoresComerciales/Content/MetaHumans/Vincent/Face/FaceBakedGroomAttributeMap.uasset" 3344
"C:/UnrealProyects/MotoresComerciales/Motorescomerciales1/MotoresComerciales/Content/MetaHumans/Vincent/Face/FaceBakedGroomRootTipGradientRegionMasks.uasset" 3345
"C:/UnrealProyects/MotoresComerciales/Motorescomerciales1/MotoresComerciales/Content/MetaHumans/Vincent/Face/FaceBakedGroomAttributeMap_LOD.uasset" 3346
"C:/UnrealProyects/MotoresComerciales/Motorescomerciales1/MotoresComerciales/Content/MetaHumans/Common/Textures/T_BodyHideMask.uasset" 3347
"C:/UnrealProyects/MotoresComerciales/Motorescomerciales1/MotoresComerciales/Content/MetaHumans/Common/Textures/T_FlatNormal.uasset" 3348
"C:/UnrealProyects/MotoresComerciales/Motorescomerciales1/MotoresComerciales/Content/MetaHumans/Common/Textures/T_Black_Linear.uasset" 3349
"C:/UnrealProyects/MotoresComerciales/Motorescomerciales1/MotoresComerciales/Content/MetaHumans/Vincent/Body/BodyBaseColor.uasset" 3350
"C:/UnrealProyects/MotoresComerciales/Motorescomerciales1/MotoresComerciales/Content/MetaHumans/Common/Materials/Textures/Clothing/Wrinkles/memory_wrinkles_normal.uasset" 3351
"C:/UnrealProyects/MotoresComerciales/Motorescomerciales1/MotoresComerciales/Content/MetaHumans/Common/Materials/Textures/Clothing/upresTest/MF_NormalStrength.uasset" 3352
"C:/UnrealProyects/MotoresComerciales/Motorescomerciales1/MotoresComerciales/Content/MetaHumans/Common/Textures/DefaultTexture_VT.uasset" 3353
"C:/UnrealProyects/MotoresComerciales/Motorescomerciales1/MotoresComerciales/Content/MetaHumans/Common/Materials/Textures/Clothing/Micros/micro_weave_denim_N.uasset" 3354
"C:/UnrealProyects/MotoresComerciales/Motorescomerciales1/MotoresComerciales/Content/MetaHumans/Common/Materials/Textures/Clothing/Micros/micro_weave_denim_diffuse.uasset" 3355
"C:/UnrealProyects/MotoresComerciales/Motorescomerciales1/MotoresComerciales/Content/MetaHumans/Common/Materials/Textures/Clothing/Wrinkles/crease_a_tileable_N.uasset" 3356
"C:/UnrealProyects/MotoresComerciales/Motorescomerciales1/MotoresComerciales/Content/MetaHumans/Common/Materials/Textures/Clothing/Micros/micro_weave_plain_normal.uasset" 3357
"C:/UnrealProyects/MotoresComerciales/Motorescomerciales1/MotoresComerciales/Content/MetaHumans/Common/Materials/Textures/Clothing/Micros/micro_weave_plain.uasset" 3358
"C:/UnrealProyects/MotoresComerciales/Motorescomerciales1/MotoresComerciales/Content/MetaHumans/Common/Materials/Textures/Clothing/Micros/micro_leather_Mask.uasset" 3359
"C:/UnrealProyects/MotoresComerciales/Motorescomerciales1/MotoresComerciales/Content/MetaHumans/Common/Materials/Textures/Clothing/Micros/micro_leather_Color.uasset" 3360
"C:/UnrealProyects/MotoresComerciales/Motorescomerciales1/MotoresComerciales/Content/MetaHumans/Common/Materials/Textures/Clothing/MaterialFunction/MF_AvgColorReplace.uasset" 3361
"C:/UnrealProyects/MotoresComerciales/Motorescomerciales1/MotoresComerciales/Content/MetaHumans/Common/Materials/Textures/Clothing/MaterialFunction/MatLayerBlend_Aniso.uasset" 3362
"C:/UnrealProyects/MotoresComerciales/Motorescomerciales1/MotoresComerciales/Content/MetaHumans/Common/Materials/Textures/Clothing/Macros/macro_pilling_N.uasset" 3363
"C:/UnrealProyects/MotoresComerciales/Motorescomerciales1/MotoresComerciales/Content/MetaHumans/Common/Materials/Textures/Clothing/Macros/macro_pilling_A.uasset" 3364
"C:/UnrealProyects/MotoresComerciales/Motorescomerciales1/MotoresComerciales/Content/MetaHumans/Common/Materials/Textures/Clothing/Macros/macro_linen_rbess3s_4K.uasset" 3365
"C:/UnrealProyects/MotoresComerciales/Motorescomerciales1/MotoresComerciales/Content/MetaHumans/Common/Materials/Textures/Clothing/Micros/micro_jeans_tile_M.uasset" 3366
"C:/UnrealProyects/MotoresComerciales/Motorescomerciales1/MotoresComerciales/Content/MetaHumans/Common/Materials/Textures/Clothing/DefaultMaps/WhiteSquareTexture.uasset" 3367
"C:/UnrealProyects/MotoresComerciales/Motorescomerciales1/MotoresComerciales/Content/MetaHumans/Common/Materials/Textures/Clothing/Micros/micro_jeans_tile_N.uasset" 3368
"C:/UnrealProyects/MotoresComerciales/Motorescomerciales1/MotoresComerciales/Content/MetaHumans/Common/Materials/Textures/Clothing/DefaultMaps/color_spectrum.uasset" 3369
"C:/UnrealProyects/MotoresComerciales/Motorescomerciales1/MotoresComerciales/Content/MetaHumans/Common/Materials/Textures/Clothing/DefaultMaps/Clothing_Default_Mask.uasset" 3370
"C:/UnrealProyects/MotoresComerciales/Motorescomerciales1/MotoresComerciales/Content/MetaHumans/Common/Materials/Textures/Clothing/Micros/micro_chambray_N.uasset" 3371
"C:/UnrealProyects/MotoresComerciales/Motorescomerciales1/MotoresComerciales/Content/MetaHumans/Common/Materials/Textures/Clothing/DefaultMaps/black_masks.uasset" 3372
"C:/UnrealProyects/MotoresComerciales/Motorescomerciales1/MotoresComerciales/Content/MetaHumans/Common/Materials/Textures/Clothing/Micros/micro_chambray_D.uasset" 3373
"C:/UnrealProyects/MotoresComerciales/Motorescomerciales1/MotoresComerciales/Content/MetaHumans/Common/Materials/Textures/Clothing/clothing_AO.uasset" 3374
"C:/UnrealProyects/MotoresComerciales/Motorescomerciales1/MotoresComerciales/Content/MetaHumans/Common/Materials/Textures/Clothing/clothing_N.uasset" 3375
"C:/UnrealProyects/MotoresComerciales/Motorescomerciales1/MotoresComerciales/Content/MetaHumans/Common/Materials/Textures/Clothing/Macros/macro_heather_04_normal.uasset" 3376
"C:/UnrealProyects/MotoresComerciales/Motorescomerciales1/MotoresComerciales/Content/MetaHumans/Common/Materials/Textures/Clothing/Micros/micro_chambray_height.uasset" 3377
"C:/UnrealProyects/MotoresComerciales/Motorescomerciales1/MotoresComerciales/Content/MetaHumans/Common/Materials/Textures/Clothing/Macros/macro_heather_04.uasset" 3378
"C:/UnrealProyects/MotoresComerciales/Motorescomerciales1/MotoresComerciales/Content/MetaHumans/Common/Materials/Textures/T_SkinMicroNormal.uasset" 3379
"C:/UnrealProyects/MotoresComerciales/Motorescomerciales1/MotoresComerciales/Content/MetaHumans/Common/Materials/Textures/T_Teeth_mouthOcc.uasset" 3380
"C:/UnrealProyects/MotoresComerciales/Motorescomerciales1/MotoresComerciales/Content/MetaHumans/Common/Materials/Textures/teeth_sharpNormal_map.uasset" 3381
"C:/UnrealProyects/MotoresComerciales/Motorescomerciales1/MotoresComerciales/Content/MetaHumans/Common/Materials/Textures/TilingNoise05.uasset" 3382
"C:/UnrealProyects/MotoresComerciales/Motorescomerciales1/MotoresComerciales/Content/MetaHumans/Common/Materials/Textures/teeth_normal_map.uasset" 3383
"C:/UnrealProyects/MotoresComerciales/Motorescomerciales1/MotoresComerciales/Content/MetaHumans/Common/Materials/Textures/teeth_color_picker_001.uasset" 3384
"C:/UnrealProyects/MotoresComerciales/Motorescomerciales1/MotoresComerciales/Content/MetaHumans/Common/Materials/Textures/teeth_masks_001.uasset" 3385
"C:/UnrealProyects/MotoresComerciales/Motorescomerciales1/MotoresComerciales/Content/MetaHumans/Common/Materials/Textures/teeth_color_map_001.uasset" 3386
"C:/UnrealProyects/MotoresComerciales/Motorescomerciales1/MotoresComerciales/Content/MetaHumans/Common/Materials/Textures/TeethGumsNormal.uasset" 3387
"C:/UnrealProyects/MotoresComerciales/Motorescomerciales1/MotoresComerciales/Content/MetaHumans/Common/Materials/Textures/skin_n.uasset" 3388
"C:/UnrealProyects/MotoresComerciales/Motorescomerciales1/MotoresComerciales/Content/MetaHumans/Common/Materials/Textures/skin_bar_color_picker.uasset" 3389
"C:/UnrealProyects/MotoresComerciales/Motorescomerciales1/MotoresComerciales/Content/MetaHumans/Common/Materials/Textures/plaque_color_picker.uasset" 3390
"C:/UnrealProyects/MotoresComerciales/Motorescomerciales1/MotoresComerciales/Content/MetaHumans/Common/Materials/Textures/gums_color_picker.uasset" 3391
"C:/UnrealProyects/MotoresComerciales/Motorescomerciales1/MotoresComerciales/Content/MetaHumans/Common/Materials/Textures/gums_div_001.uasset" 3392
"C:/UnrealProyects/MotoresComerciales/Motorescomerciales1/MotoresComerciales/Content/MetaHumans/Common/Materials/Oxfords/T_Unisex_tal_nrw_dressOxford_PackedB.uasset" 3393
"C:/UnrealProyects/MotoresComerciales/Motorescomerciales1/MotoresComerciales/Content/MetaHumans/Common/Materials/Shirt/Male/m_top_shirt_AO.uasset" 3394
"C:/UnrealProyects/MotoresComerciales/Motorescomerciales1/MotoresComerciales/Content/MetaHumans/Common/Materials/Oxfords/T_Unisex_tal_nrw_dressOxford_PackedA.uasset" 3395
"C:/UnrealProyects/MotoresComerciales/Motorescomerciales1/MotoresComerciales/Content/MetaHumans/Common/Materials/Shirt/Male/m_top_shirt_custom_stitch.uasset" 3396
"C:/UnrealProyects/MotoresComerciales/Motorescomerciales1/MotoresComerciales/Content/MetaHumans/Common/Materials/Shirt/Male/m_top_shirt_N.uasset" 3397
"C:/UnrealProyects/MotoresComerciales/Motorescomerciales1/MotoresComerciales/Content/MetaHumans/Common/Materials/Oxfords/T_Unisex_tal_nrw_dressOxford_N.uasset" 3398
"C:/UnrealProyects/MotoresComerciales/Motorescomerciales1/MotoresComerciales/Content/MetaHumans/Common/Materials/Jeans/btm_jeans_nrm_N.uasset" 3399
"C:/UnrealProyects/MotoresComerciales/Motorescomerciales1/MotoresComerciales/Content/MetaHumans/Common/Materials/Oxfords/T_Unisex_tal_nrw_dressOxford_laces.uasset" 3400
"C:/UnrealProyects/MotoresComerciales/Motorescomerciales1/MotoresComerciales/Content/MetaHumans/Common/Materials/Jeans/btm_jeans_nrm_tile_overlay_D.uasset" 3401
"C:/UnrealProyects/MotoresComerciales/Motorescomerciales1/MotoresComerciales/Content/MetaHumans/Common/Materials/Jeans/btm_jeans_nrm_roughness_mask.uasset" 3402
"C:/UnrealProyects/MotoresComerciales/Motorescomerciales1/MotoresComerciales/Content/MetaHumans/Common/Materials/Shirt/Male/m_top_shirt_Mask.uasset" 3403
"C:/UnrealProyects/MotoresComerciales/Motorescomerciales1/MotoresComerciales/Content/MetaHumans/Common/Materials/Jeans/btm_jeans_nrm_memory_fold_N.uasset" 3404
"C:/UnrealProyects/MotoresComerciales/Motorescomerciales1/MotoresComerciales/Content/MetaHumans/Common/Materials/Jeans/btm_jeans_nrm_Mask.uasset" 3405
"C:/UnrealProyects/MotoresComerciales/Motorescomerciales1/MotoresComerciales/Content/MetaHumans/Common/Materials/Jeans/btm_jeans_nrm_fuzz_M.uasset" 3406
"C:/UnrealProyects/MotoresComerciales/Motorescomerciales1/MotoresComerciales/Content/MetaHumans/Common/Materials/Jeans/btm_jeans_nrm_AO.uasset" 3407
"C:/UnrealProyects/MotoresComerciales/Motorescomerciales1/MotoresComerciales/Content/MetaHumans/Common/Materials/MF_Passthrough.uasset" 3408
"C:/UnrealProyects/MotoresComerciales/Motorescomerciales1/MotoresComerciales/Content/MetaHumans/Common/Materials/HighlightsTextures/HighlightMask_thin.uasset" 3409
"C:/UnrealProyects/MotoresComerciales/Motorescomerciales1/MotoresComerciales/Content/MetaHumans/Common/MaleHair_pfn/Textures/Eyebrows_L_Scraggly_Cards/Compact/Eyebrows_L_Scraggly_CardsAtlas_Tangent.uasset" 3410
"C:/UnrealProyects/MotoresComerciales/Motorescomerciales1/MotoresComerciales/Content/MetaHumans/Common/Materials/Jeans/btm_jeans_nrm_D.uasset" 3411
"C:/UnrealProyects/MotoresComerciales/Motorescomerciales1/MotoresComerciales/Content/MetaHumans/Common/Materials/DefaultTexture_LinearColor.uasset" 3412
"C:/UnrealProyects/MotoresComerciales/Motorescomerciales1/MotoresComerciales/Content/MetaHumans/Common/Materials/MF_Hair_ColorBlending.uasset" 3413
"C:/UnrealProyects/MotoresComerciales/Motorescomerciales1/MotoresComerciales/Content/MetaHumans/Common/Materials/SP_TeethCharacterCreator.uasset" 3414
"C:/UnrealProyects/MotoresComerciales/Motorescomerciales1/MotoresComerciales/Content/MetaHumans/Common/MaleHair_pfn/Textures/Eyebrows_L_Scraggly_Cards/Compact/Eyebrows_L_Scraggly_CardsAtlas_Attribute.uasset" 3415
"C:/UnrealProyects/MotoresComerciales/Motorescomerciales1/MotoresComerciales/Content/MetaHumans/Common/Materials/T_Black_Linear.uasset" 3416
"C:/UnrealProyects/MotoresComerciales/Motorescomerciales1/MotoresComerciales/Content/MetaHumans/Common/MaleHair/Textures/Hair_S_Clean/Compact/Hair_S_Clean_TangentStrandU.uasset" 3417
"C:/UnrealProyects/MotoresComerciales/Motorescomerciales1/MotoresComerciales/Content/MetaHumans/Common/MaleHair/Textures/Hair_S_Clean_Cards/Compact/Hair_S_Clean_CardsAtlas_Tangent.uasset" 3418
"C:/UnrealProyects/MotoresComerciales/Motorescomerciales1/MotoresComerciales/Content/MetaHumans/Common/Male/Textures/Shared/2K/male_body_mask_map.uasset" 3419
"C:/UnrealProyects/MotoresComerciales/Motorescomerciales1/MotoresComerciales/Content/MetaHumans/Common/MaleHair/Textures/Hair_S_Clean_Cards/Compact/Hair_S_Clean_CardsAtlas_Attribute.uasset" 3420
"C:/UnrealProyects/MotoresComerciales/Motorescomerciales1/MotoresComerciales/Content/MetaHumans/Common/Male/Textures/Shared/2K/male_underwear_color_map.uasset" 3421
"C:/UnrealProyects/MotoresComerciales/Motorescomerciales1/MotoresComerciales/Content/MetaHumans/Common/MaleHair/Textures/Hair_S_Clean/Compact/Hair_S_Clean_ColorXYDepthGroupID.uasset" 3422
"C:/UnrealProyects/MotoresComerciales/Motorescomerciales1/MotoresComerciales/Content/MetaHumans/Common/Male/Medium/NormalWeight/Tops/Shirt/m_med_nrw_top_shirt_nrm_Skeleton.uasset" 3423
"C:/UnrealProyects/MotoresComerciales/Motorescomerciales1/MotoresComerciales/Content/MetaHumans/Common/MaleHair/Textures/Eyelashes_S_Sparse_Cards/Eyelashes_S_Sparse_Coverage.uasset" 3424
"C:/UnrealProyects/MotoresComerciales/Motorescomerciales1/MotoresComerciales/Content/MetaHumans/Common/Male/Medium/NormalWeight/Tops/Shirt/m_med_nrw_top_shirt_nrm_PhysicsAsset.uasset" 3425
"C:/UnrealProyects/MotoresComerciales/Motorescomerciales1/MotoresComerciales/Content/MetaHumans/Common/MaleHair/Textures/Hair_S_Clean/Compact/Hair_S_Clean_RootUVSeedCoverage.uasset" 3426
"C:/UnrealProyects/MotoresComerciales/Motorescomerciales1/MotoresComerciales/Content/MetaHumans/Common/Male/Medium/NormalWeight/Body/m_med_nrw_body_Physics.uasset" 3427
"C:/UnrealProyects/MotoresComerciales/Motorescomerciales1/MotoresComerciales/Content/MetaHumans/Common/Male/Textures/male_001/2K/male_body_cavity_map.uasset" 3428
"C:/UnrealProyects/MotoresComerciales/Motorescomerciales1/MotoresComerciales/Content/MetaHumans/Common/Male/Medium/NormalWeight/Bottoms/Jeans/m_med_nrw_btm_jeans_nrm_Physics.uasset" 3429
"C:/UnrealProyects/MotoresComerciales/Motorescomerciales1/MotoresComerciales/Content/MetaHumans/Common/Male/Textures/male_001/2K/male_body_normal_map.uasset" 3430
"C:/UnrealProyects/MotoresComerciales/Motorescomerciales1/MotoresComerciales/Content/MetaHumans/Common/Female/Medium/NormalWeight/Body/MetaHuman_LODSettings.uasset" 3431
"C:/UnrealProyects/MotoresComerciales/Motorescomerciales1/MotoresComerciales/Content/MetaHumans/Common/Female/Medium/NormalWeight/Body/f_med_nrw_body_Physics.uasset" 3432
"C:/UnrealProyects/MotoresComerciales/Motorescomerciales1/MotoresComerciales/Content/MetaHumans/Common/Female/Medium/NormalWeight/Body/metahuman_base_skel.uasset" 3433
"C:/UnrealProyects/MotoresComerciales/Motorescomerciales1/MotoresComerciales/Content/MetaHumans/Common/Face/Textures/Utilities/AnimMasks/T_head_wm3_msk_01.uasset" 3434
"C:/UnrealProyects/MotoresComerciales/Motorescomerciales1/MotoresComerciales/Content/MetaHumans/Common/Face/Textures/Utilities/AnimMasks/T_head_wm3_msk_02.uasset" 3435
"C:/UnrealProyects/MotoresComerciales/Motorescomerciales1/MotoresComerciales/Content/MetaHumans/Common/Face/Textures/Utilities/AnimMasks/T_head_wm2_msk_02.uasset" 3436
"C:/UnrealProyects/MotoresComerciales/Motorescomerciales1/MotoresComerciales/Content/MetaHumans/Common/Face/Textures/Utilities/AnimMasks/T_head_wm2_msk_03.uasset" 3437
"C:/UnrealProyects/MotoresComerciales/Motorescomerciales1/MotoresComerciales/Content/MetaHumans/Common/Face/Textures/Utilities/AnimMasks/T_head_wm2_msk_03a.uasset" 3438
"C:/UnrealProyects/MotoresComerciales/Motorescomerciales1/MotoresComerciales/Content/MetaHumans/Common/Face/Textures/Utilities/AnimMasks/T_head_wm1_msk_04a.uasset" 3439
"C:/UnrealProyects/MotoresComerciales/Motorescomerciales1/MotoresComerciales/Content/MetaHumans/Common/Face/Textures/Utilities/AnimMasks/T_head_wm1_msk_04.uasset" 3440
"C:/UnrealProyects/MotoresComerciales/Motorescomerciales1/MotoresComerciales/Content/MetaHumans/Common/Face/Textures/Utilities/AnimMasks/T_head_wm13_msk_01.uasset" 3441
"C:/UnrealProyects/MotoresComerciales/Motorescomerciales1/MotoresComerciales/Content/MetaHumans/Common/Face/Textures/Utilities/AnimMasks/T_head_wm1_msk_03.uasset" 3442
"C:/UnrealProyects/MotoresComerciales/Motorescomerciales1/MotoresComerciales/Content/MetaHumans/Common/Face/Textures/Utilities/AnimMasks/T_head_wm1_msk_02.uasset" 3443
"C:/UnrealProyects/MotoresComerciales/Motorescomerciales1/MotoresComerciales/Content/MetaHumans/Common/Face/Textures/Utilities/AnimMasks/T_head_wm1_msk_01.uasset" 3444
"C:/UnrealProyects/MotoresComerciales/Motorescomerciales1/MotoresComerciales/Content/MetaHumans/Common/Face/Textures/RoughnessRegionsMasks/T_RoughnessRegions_006.uasset" 3445
"C:/UnrealProyects/MotoresComerciales/Motorescomerciales1/MotoresComerciales/Content/MetaHumans/Common/Face/Textures/RoughnessRegionsMasks/T_RoughnessRegions_007.uasset" 3446
"C:/UnrealProyects/MotoresComerciales/Motorescomerciales1/MotoresComerciales/Content/MetaHumans/Common/Face/Textures/Utilities/AnimMasks/T_head_wm2_msk_01.uasset" 3447
"C:/UnrealProyects/MotoresComerciales/Motorescomerciales1/MotoresComerciales/Content/MetaHumans/Common/Face/Textures/RoughnessRegionsMasks/T_RoughnessRegions_005.uasset" 3448
"C:/UnrealProyects/MotoresComerciales/Motorescomerciales1/MotoresComerciales/Content/MetaHumans/Common/Face/Textures/RoughnessRegionsMasks/T_RoughnessRegions_004.uasset" 3449
"C:/UnrealProyects/MotoresComerciales/Motorescomerciales1/MotoresComerciales/Content/MetaHumans/Common/Face/Textures/RoughnessRegionsMasks/T_RoughnessRegions_003.uasset" 3450
"C:/UnrealProyects/MotoresComerciales/Motorescomerciales1/MotoresComerciales/Content/MetaHumans/Common/Face/Textures/RoughnessRegionsMasks/T_RoughnessRegions_001.uasset" 3451
"C:/UnrealProyects/MotoresComerciales/Motorescomerciales1/MotoresComerciales/Content/MetaHumans/Common/Face/Textures/RoughnessRegionsMasks/T_RoughnessRegions_002.uasset" 3452
"C:/UnrealProyects/MotoresComerciales/Motorescomerciales1/MotoresComerciales/Content/MetaHumans/Common/Face/Textures/IrisTextures/iris_005/T_Iris_A_H.uasset" 3453
"C:/UnrealProyects/MotoresComerciales/Motorescomerciales1/MotoresComerciales/Content/MetaHumans/Common/Face/Textures/IrisTextures/iris_005/T_Iris_A_M.uasset" 3454
"C:/UnrealProyects/MotoresComerciales/Motorescomerciales1/MotoresComerciales/Content/MetaHumans/Common/Face/Textures/IrisTextures/iris_001/T_Iris_A_H.uasset" 3455
"C:/UnrealProyects/MotoresComerciales/Motorescomerciales1/MotoresComerciales/Content/MetaHumans/Common/Face/Textures/T_Veins_D.uasset" 3456
"C:/UnrealProyects/MotoresComerciales/Motorescomerciales1/MotoresComerciales/Content/MetaHumans/Common/Face/Textures/IrisTextures/iris_001/T_Iris_A_M.uasset" 3457
"C:/UnrealProyects/MotoresComerciales/Motorescomerciales1/MotoresComerciales/Content/MetaHumans/Common/Face/Textures/T_TilingNoise_001.uasset" 3458
"C:/UnrealProyects/MotoresComerciales/Motorescomerciales1/MotoresComerciales/Content/MetaHumans/Common/Face/Textures/T_sclera_tint_picker.uasset" 3459
"C:/UnrealProyects/MotoresComerciales/Motorescomerciales1/MotoresComerciales/Content/MetaHumans/Common/Face/Textures/T_MH_BentNormal_AO.uasset" 3460
"C:/UnrealProyects/MotoresComerciales/Motorescomerciales1/MotoresComerciales/Content/MetaHumans/Common/Face/Textures/T_Sclera_D.uasset" 3461
"C:/UnrealProyects/MotoresComerciales/Motorescomerciales1/MotoresComerciales/Content/MetaHumans/Common/Face/Textures/T_lacrimal_n.uasset" 3462
"C:/UnrealProyects/MotoresComerciales/Motorescomerciales1/MotoresComerciales/Content/MetaHumans/Common/Face/Textures/T_Sclera_N.uasset" 3463
"C:/UnrealProyects/MotoresComerciales/Motorescomerciales1/MotoresComerciales/Content/MetaHumans/Common/Face/Textures/T_iris_color_picker.uasset" 3464
"C:/UnrealProyects/MotoresComerciales/Motorescomerciales1/MotoresComerciales/Content/MetaHumans/Common/Face/Textures/T_Eye_N.uasset" 3465
"C:/UnrealProyects/MotoresComerciales/Motorescomerciales1/MotoresComerciales/Content/MetaHumans/Common/Face/Textures/T_EyeMidPlaneDisplacement.uasset" 3466
"C:/UnrealProyects/MotoresComerciales/Motorescomerciales1/MotoresComerciales/Content/MetaHumans/Common/Face/Textures/T_DefaultTextureLinear.uasset" 3467
"C:/UnrealProyects/MotoresComerciales/Motorescomerciales1/MotoresComerciales/Content/MetaHumans/Common/Face/Textures/T_1x1_BakedGroomTextureBase.uasset" 3468
"C:/UnrealProyects/MotoresComerciales/Motorescomerciales1/MotoresComerciales/Content/MetaHumans/Common/Face/Textures/Default_SecColors.uasset" 3469
"C:/UnrealProyects/MotoresComerciales/Motorescomerciales1/MotoresComerciales/Content/MetaHumans/Common/Face/SubsurfaceProfiles/SSP_Eye_Inner.uasset" 3470
"C:/UnrealProyects/MotoresComerciales/Motorescomerciales1/MotoresComerciales/Content/MetaHumans/Common/Face/SubsurfaceProfiles/SSP_Head.uasset" 3471
"C:/UnrealProyects/MotoresComerciales/Motorescomerciales1/MotoresComerciales/Content/MetaHumans/Common/Face/Materials/M_EyeOcclusion.uasset" 3472
"C:/UnrealProyects/MotoresComerciales/Motorescomerciales1/MotoresComerciales/Content/MetaHumans/Common/Face/Materials/M_Cartilage.uasset" 3473
"C:/UnrealProyects/MotoresComerciales/Motorescomerciales1/MotoresComerciales/Content/MetaHumans/Common/Face/MaterialFunctions/Eye/MF_RefractionDirection.uasset" 3474
"C:/UnrealProyects/MotoresComerciales/Motorescomerciales1/MotoresComerciales/Content/MetaHumans/Common/Face/MaterialFunctions/Eye/MF_IrisUVMask.uasset" 3475
"C:/UnrealProyects/MotoresComerciales/Motorescomerciales1/MotoresComerciales/Content/MetaHumans/Common/Face/ArtistDelights/SkinAccents/T_SkinAccentRegions_002.uasset" 3476
"C:/UnrealProyects/MotoresComerciales/Motorescomerciales1/MotoresComerciales/Content/MetaHumans/Common/Face/Face_Archetype_Skeleton.uasset" 3477
"C:/UnrealProyects/MotoresComerciales/Motorescomerciales1/MotoresComerciales/Content/MetaHumans/Common/Controls/M_RigControlActor_Black.uasset" 3478
"C:/UnrealProyects/MotoresComerciales/Motorescomerciales1/MotoresComerciales/Content/MetaHumans/Common/Face/Face_Archetype_LODSettings.uasset" 3479
"C:/UnrealProyects/MotoresComerciales/Motorescomerciales1/MotoresComerciales/Content/MetaHumans/Common/Face/Face_Archetype_Physics.uasset" 3480
"C:/UnrealProyects/MotoresComerciales/Motorescomerciales1/MotoresComerciales/Content/MetaHumans/Common/Controls/MHGizmoLibrary.uasset" 3481
"C:/UnrealProyects/MotoresComerciales/Motorescomerciales1/MotoresComerciales/Content/MetaHumans/Common/Common/Utilities/Picker_Assets/refresh_over.uasset" 3482
"C:/UnrealProyects/MotoresComerciales/Motorescomerciales1/MotoresComerciales/Content/MetaHumans/Common/Common/Utilities/Picker_Assets/refresh.uasset" 3483
"C:/UnrealProyects/MotoresComerciales/Motorescomerciales1/MotoresComerciales/Content/MetaHumans/Common/Common/Utilities/Picker_Assets/grey_round_button.uasset" 3484
"C:/UnrealProyects/MotoresComerciales/Motorescomerciales1/MotoresComerciales/Content/MetaHumans/Common/Common/Utilities/Picker_Assets/refresh_down.uasset" 3485
"C:/UnrealProyects/MotoresComerciales/Motorescomerciales1/MotoresComerciales/Content/MetaHumans/Common/Common/Utilities/Picker_Assets/epic_games_logo.uasset" 3486
"C:/UnrealProyects/MotoresComerciales/Motorescomerciales1/MotoresComerciales/Content/MetaHumans/Common/Common/PoseLibrary/Face/Visemes/23_Tongue_LNTDS.uasset" 3487
"C:/UnrealProyects/MotoresComerciales/Motorescomerciales1/MotoresComerciales/Content/MetaHumans/Common/Common/PoseLibrary/Face/Visemes/26_Tongue_Rr.uasset" 3488
"C:/UnrealProyects/MotoresComerciales/Motorescomerciales1/MotoresComerciales/Content/MetaHumans/Common/Common/PoseLibrary/Face/Visemes/24_Tongue_Th.uasset" 3489
"C:/UnrealProyects/MotoresComerciales/Motorescomerciales1/MotoresComerciales/Content/MetaHumans/Common/Common/PoseLibrary/Face/Visemes/22_MBP.uasset" 3490
"C:/UnrealProyects/MotoresComerciales/Motorescomerciales1/MotoresComerciales/Content/MetaHumans/Common/Common/PoseLibrary/Face/Visemes/18_Uh.uasset" 3491
"C:/UnrealProyects/MotoresComerciales/Motorescomerciales1/MotoresComerciales/Content/MetaHumans/Common/Common/PoseLibrary/Face/Visemes/25_Tongue_KGY.uasset" 3492
"C:/UnrealProyects/MotoresComerciales/Motorescomerciales1/MotoresComerciales/Content/MetaHumans/Common/Common/PoseLibrary/Face/Visemes/21_FV-Ee-.uasset" 3493
"C:/UnrealProyects/MotoresComerciales/Motorescomerciales1/MotoresComerciales/Content/MetaHumans/Common/Common/PoseLibrary/Face/Visemes/20_FV.uasset" 3494
"C:/UnrealProyects/MotoresComerciales/Motorescomerciales1/MotoresComerciales/Content/MetaHumans/Common/Common/PoseLibrary/Face/Visemes/17_Rr.uasset" 3495
"C:/UnrealProyects/MotoresComerciales/Motorescomerciales1/MotoresComerciales/Content/MetaHumans/Common/Common/PoseLibrary/Face/Visemes/16_Ww-Ew-.uasset" 3496
"C:/UnrealProyects/MotoresComerciales/Motorescomerciales1/MotoresComerciales/Content/MetaHumans/Common/Common/PoseLibrary/Face/Visemes/14_ChJjSh.uasset" 3497
"C:/UnrealProyects/MotoresComerciales/Motorescomerciales1/MotoresComerciales/Content/MetaHumans/Common/Common/PoseLibrary/Face/Visemes/15_Ew.uasset" 3498
"C:/UnrealProyects/MotoresComerciales/Motorescomerciales1/MotoresComerciales/Content/MetaHumans/Common/Common/PoseLibrary/Face/Visemes/10_Or.uasset" 3499
"C:/UnrealProyects/MotoresComerciales/Motorescomerciales1/MotoresComerciales/Content/MetaHumans/Common/Common/PoseLibrary/Face/Visemes/12_Ww-Oo-.uasset" 3500
"C:/UnrealProyects/MotoresComerciales/Motorescomerciales1/MotoresComerciales/Content/MetaHumans/Common/Common/PoseLibrary/Face/Visemes/08_Ah.uasset" 3501
"C:/UnrealProyects/MotoresComerciales/Motorescomerciales1/MotoresComerciales/Content/MetaHumans/Common/Common/PoseLibrary/Face/Visemes/11_Oo.uasset" 3502
"C:/UnrealProyects/MotoresComerciales/Motorescomerciales1/MotoresComerciales/Content/MetaHumans/Common/Common/PoseLibrary/Face/Visemes/07_Aa.uasset" 3503
"C:/UnrealProyects/MotoresComerciales/Motorescomerciales1/MotoresComerciales/Content/MetaHumans/Common/Common/PoseLibrary/Face/Visemes/19_FV-Or-.uasset" 3504
"C:/UnrealProyects/MotoresComerciales/Motorescomerciales1/MotoresComerciales/Content/MetaHumans/Common/Common/PoseLibrary/Face/Visemes/09_Oh.uasset" 3505
"C:/UnrealProyects/MotoresComerciales/Motorescomerciales1/MotoresComerciales/Content/MetaHumans/Common/Common/PoseLibrary/Face/Visemes/05_Ay.uasset" 3506
"C:/UnrealProyects/MotoresComerciales/Motorescomerciales1/MotoresComerciales/Content/MetaHumans/Common/Common/PoseLibrary/Face/Visemes/06_Eh.uasset" 3507
"C:/UnrealProyects/MotoresComerciales/Motorescomerciales1/MotoresComerciales/Content/MetaHumans/Common/Common/PoseLibrary/Face/Visemes/13_KGY_TDS.uasset" 3508
"C:/UnrealProyects/MotoresComerciales/Motorescomerciales1/MotoresComerciales/Content/MetaHumans/Common/Common/PoseLibrary/Face/Visemes/04_Ih.uasset" 3509
"C:/UnrealProyects/MotoresComerciales/Motorescomerciales1/MotoresComerciales/Content/MetaHumans/Common/Common/PoseLibrary/Face/Visemes/01_TDS-Ah-.uasset" 3510
"C:/UnrealProyects/MotoresComerciales/Motorescomerciales1/MotoresComerciales/Content/MetaHumans/Common/Common/PoseLibrary/Face/Visemes/03_Ee.uasset" 3511
"C:/UnrealProyects/MotoresComerciales/Motorescomerciales1/MotoresComerciales/Content/MetaHumans/Common/Common/PoseLibrary/Face/Visemes/02_TDS_KGY-Ee-.uasset" 3512
"C:/UnrealProyects/MotoresComerciales/Motorescomerciales1/MotoresComerciales/Content/MetaHumans/Common/Common/PoseLibrary/Face/Expressions/Combinations/Sadness+Surprise--Disappointment.uasset" 3513
"C:/UnrealProyects/MotoresComerciales/Motorescomerciales1/MotoresComerciales/Content/MetaHumans/Common/Common/PoseLibrary/Face/Visemes/00_Neutral.uasset" 3514
"C:/UnrealProyects/MotoresComerciales/Motorescomerciales1/MotoresComerciales/Content/MetaHumans/Common/Common/PoseLibrary/Face/Expressions/Combinations/Joy+Sadness--FaintHope.uasset" 3515
"C:/UnrealProyects/MotoresComerciales/Motorescomerciales1/MotoresComerciales/Content/MetaHumans/Common/Common/PoseLibrary/Face/Expressions/Combinations/Fear+Sadness--Devastation.uasset" 3516
"C:/UnrealProyects/MotoresComerciales/Motorescomerciales1/MotoresComerciales/Content/MetaHumans/Common/Common/PoseLibrary/Face/Expressions/Combinations/Joy+Surprise--Amazement.uasset" 3517
"C:/UnrealProyects/MotoresComerciales/Motorescomerciales1/MotoresComerciales/Content/MetaHumans/Common/Common/PoseLibrary/Face/Expressions/Combinations/Fear+Joy--Desperation.uasset" 3518
"C:/UnrealProyects/MotoresComerciales/Motorescomerciales1/MotoresComerciales/Content/MetaHumans/Common/Common/PoseLibrary/Face/Expressions/Combinations/Fear+Surprise--Spooked.uasset" 3519
"C:/UnrealProyects/MotoresComerciales/Motorescomerciales1/MotoresComerciales/Content/MetaHumans/Common/Common/PoseLibrary/Face/Expressions/Combinations/Disgust+Surprise--Disbelief.uasset" 3520
"C:/UnrealProyects/MotoresComerciales/Motorescomerciales1/MotoresComerciales/Content/MetaHumans/Common/Common/PoseLibrary/Face/Expressions/Combinations/Disgust+Joy--Ewww.uasset" 3521
"C:/UnrealProyects/MotoresComerciales/Motorescomerciales1/MotoresComerciales/Content/MetaHumans/Common/Common/PoseLibrary/Face/Expressions/Combinations/Disgust+Sadness--PainEmpathy.uasset" 3522
"C:/UnrealProyects/MotoresComerciales/Motorescomerciales1/MotoresComerciales/Content/MetaHumans/Common/Common/PoseLibrary/Face/Expressions/Combinations/Disgust+Fear--Horror.uasset" 3523
"C:/UnrealProyects/MotoresComerciales/Motorescomerciales1/MotoresComerciales/Content/MetaHumans/Common/Common/PoseLibrary/Face/Expressions/Combinations/Anger+Surprise--Appalled.uasset" 3524
"C:/UnrealProyects/MotoresComerciales/Motorescomerciales1/MotoresComerciales/Content/MetaHumans/Common/Common/PoseLibrary/Face/Expressions/Combinations/Anger+Sadness--Betrayal.uasset" 3525
"C:/UnrealProyects/MotoresComerciales/Motorescomerciales1/MotoresComerciales/Content/MetaHumans/Common/Common/PoseLibrary/Face/Expressions/Combinations/Anger+Joy--Cruelty.uasset" 3526
"C:/UnrealProyects/MotoresComerciales/Motorescomerciales1/MotoresComerciales/Content/MetaHumans/Common/Common/PoseLibrary/Face/Expressions/Combinations/Anger+Fear--Anguish.uasset" 3527
"C:/UnrealProyects/MotoresComerciales/Motorescomerciales1/MotoresComerciales/Content/MetaHumans/Common/Common/PoseLibrary/Face/Expressions/Combinations/Anger+Disgust--Outrage.uasset" 3528
"C:/UnrealProyects/MotoresComerciales/Motorescomerciales1/MotoresComerciales/Content/MetaHumans/Common/Common/PoseLibrary/Face/Expressions/Surprise-04_Shock.uasset" 3529
"C:/UnrealProyects/MotoresComerciales/Motorescomerciales1/MotoresComerciales/Content/MetaHumans/Common/Common/PoseLibrary/Face/Expressions/Surprise-03_Surprise.uasset" 3530
"C:/UnrealProyects/MotoresComerciales/Motorescomerciales1/MotoresComerciales/Content/MetaHumans/Common/Common/PoseLibrary/Face/Expressions/Surprise-02_Wonder.uasset" 3531
"C:/UnrealProyects/MotoresComerciales/Motorescomerciales1/MotoresComerciales/Content/MetaHumans/Common/Common/PoseLibrary/Face/Expressions/Surprise-01_Alertness.uasset" 3532
"C:/UnrealProyects/MotoresComerciales/Motorescomerciales1/MotoresComerciales/Content/MetaHumans/Common/Common/PoseLibrary/Face/Expressions/Sadness-04_Grief.uasset" 3533
"C:/UnrealProyects/MotoresComerciales/Motorescomerciales1/MotoresComerciales/Content/MetaHumans/Common/Common/PoseLibrary/Face/Expressions/Sadness-03_Sadness.uasset" 3534
"C:/UnrealProyects/MotoresComerciales/Motorescomerciales1/MotoresComerciales/Content/MetaHumans/Common/Common/PoseLibrary/Face/Expressions/Sadness-02_Melancholy.uasset" 3535
"C:/UnrealProyects/MotoresComerciales/Motorescomerciales1/MotoresComerciales/Content/MetaHumans/Common/Common/PoseLibrary/Face/Expressions/Sadness-01_Dejection.uasset" 3536
"C:/UnrealProyects/MotoresComerciales/Motorescomerciales1/MotoresComerciales/Content/MetaHumans/Common/Common/PoseLibrary/Face/Expressions/Joy-04_Laughter.uasset" 3537
"C:/UnrealProyects/MotoresComerciales/Motorescomerciales1/MotoresComerciales/Content/MetaHumans/Common/Common/PoseLibrary/Face/Expressions/Joy-03_Joy.uasset" 3538
"C:/UnrealProyects/MotoresComerciales/Motorescomerciales1/MotoresComerciales/Content/MetaHumans/Common/Common/PoseLibrary/Face/Expressions/Joy-02_Amusement.uasset" 3539
"C:/UnrealProyects/MotoresComerciales/Motorescomerciales1/MotoresComerciales/Content/MetaHumans/Common/Common/PoseLibrary/Face/Expressions/Joy-01_Satisfaction.uasset" 3540
"C:/UnrealProyects/MotoresComerciales/Motorescomerciales1/MotoresComerciales/Content/MetaHumans/Common/Common/PoseLibrary/Face/Expressions/Fear-04_Terror.uasset" 3541
"C:/UnrealProyects/MotoresComerciales/Motorescomerciales1/MotoresComerciales/Content/MetaHumans/Common/Common/PoseLibrary/Face/Expressions/Fear-03_Fear.uasset" 3542
"C:/UnrealProyects/MotoresComerciales/Motorescomerciales1/MotoresComerciales/Content/MetaHumans/Common/Common/PoseLibrary/Face/Expressions/Fear-02_Anxiety.uasset" 3543
"C:/UnrealProyects/MotoresComerciales/Motorescomerciales1/MotoresComerciales/Content/MetaHumans/Common/Common/PoseLibrary/Face/Expressions/Fear-01_Concern.uasset" 3544
"C:/UnrealProyects/MotoresComerciales/Motorescomerciales1/MotoresComerciales/Content/MetaHumans/Common/Common/PoseLibrary/Face/Expressions/Disgust-04_Revulsion.uasset" 3545
"C:/UnrealProyects/MotoresComerciales/Motorescomerciales1/MotoresComerciales/Content/MetaHumans/Common/Common/PoseLibrary/Face/Expressions/Disgust-03_Disgust.uasset" 3546
"C:/UnrealProyects/MotoresComerciales/Motorescomerciales1/MotoresComerciales/Content/MetaHumans/Common/Common/PoseLibrary/Face/Expressions/Disgust-02_Aversion.uasset" 3547
"C:/UnrealProyects/MotoresComerciales/Motorescomerciales1/MotoresComerciales/Content/MetaHumans/Common/Common/PoseLibrary/Face/Expressions/Disgust-01_Disdain.uasset" 3548
"C:/UnrealProyects/MotoresComerciales/Motorescomerciales1/MotoresComerciales/Content/MetaHumans/Common/Common/PoseLibrary/Face/Expressions/Anger-03_Anger.uasset" 3549
"C:/UnrealProyects/MotoresComerciales/Motorescomerciales1/MotoresComerciales/Content/MetaHumans/Common/Common/PoseLibrary/Face/Expressions/Anger-04_Rage.uasset" 3550
"C:/UnrealProyects/MotoresComerciales/Motorescomerciales1/MotoresComerciales/Content/MetaHumans/Common/Common/PoseLibrary/Face/Expressions/Anger-02_Indignation.uasset" 3551
"C:/UnrealProyects/MotoresComerciales/Motorescomerciales1/MotoresComerciales/Content/MetaHumans/Common/Common/PoseLibrary/Face/Expressions/Anger-01_Sternness.uasset" 3552
"C:/UnrealProyects/MotoresComerciales/Motorescomerciales1/MotoresComerciales/Content/MetaHumans/Common/Common/RTG_metahuman.uasset" 3553
"C:/UnrealProyects/MotoresComerciales/Motorescomerciales1/MotoresComerciales/Content/MetaHumans/Common/Common/MetaHuman_Clothing_LODSettings.uasset" 3554
"C:/UnrealProyects/MotoresComerciales/Motorescomerciales1/MotoresComerciales/Content/MetaHumans/Common/Common/IK_metahuman.uasset" 3555
"C:/UnrealProyects/MotoresComerciales/Motorescomerciales1/MotoresComerciales/Content/Materials/KartMaterial/Blackmonkey.uasset" 3556
"C:/UnrealProyects/MotoresComerciales/Motorescomerciales1/MotoresComerciales/Content/LevelPrototyping/Textures/T_GridChecker_A.uasset" 3557
"C:/UnrealProyects/MotoresComerciales/Motorescomerciales1/MotoresComerciales/Content/LevelPrototyping/Materials/M_Solid.uasset" 3558
"C:/UnrealProyects/MotoresComerciales/Motorescomerciales1/MotoresComerciales/Content/LevelPrototyping/MapaEscenaBackup_BuiltData.uasset" 3559
"C:/UnrealProyects/MotoresComerciales/Motorescomerciales1/MotoresComerciales/Content/Houses/House2/Material_002.uasset" 3560
"C:/UnrealProyects/MotoresComerciales/Motorescomerciales1/MotoresComerciales/Content/Houses/House2/Material_001_normal.uasset" 3561
"C:/UnrealProyects/MotoresComerciales/Motorescomerciales1/MotoresComerciales/Content/Houses/House2/Material_001_baseColor.uasset" 3562
"C:/UnrealProyects/MotoresComerciales/Motorescomerciales1/MotoresComerciales/Content/Houses/House1/Wood_normal.uasset" 3563
"C:/UnrealProyects/MotoresComerciales/Motorescomerciales1/MotoresComerciales/Content/Houses/House1/Wood_baseColor.uasset" 3564
"C:/UnrealProyects/MotoresComerciales/Motorescomerciales1/MotoresComerciales/Content/Houses/House1/WindowMetal_baseColor.uasset" 3565
"C:/UnrealProyects/MotoresComerciales/Motorescomerciales1/MotoresComerciales/Content/Houses/House1/roof_normal.uasset" 3566
"C:/UnrealProyects/MotoresComerciales/Motorescomerciales1/MotoresComerciales/Content/Houses/House1/roof_baseColor.uasset" 3567
"C:/UnrealProyects/MotoresComerciales/Motorescomerciales1/MotoresComerciales/Content/Houses/House1/material_0.uasset" 3568
"C:/UnrealProyects/MotoresComerciales/Motorescomerciales1/MotoresComerciales/Content/Houses/House1/material.uasset" 3569
"C:/UnrealProyects/MotoresComerciales/Motorescomerciales1/MotoresComerciales/Content/Houses/House1/Gutter_baseColor.uasset" 3570
"C:/UnrealProyects/MotoresComerciales/Motorescomerciales1/MotoresComerciales/Content/Houses/House1/Door_baseColor.uasset" 3571
"C:/UnrealProyects/MotoresComerciales/Motorescomerciales1/MotoresComerciales/Content/Houses/House1/Concrete02_basecolor_normal.uasset" 3572
"C:/UnrealProyects/MotoresComerciales/Motorescomerciales1/MotoresComerciales/Content/Houses/House1/Glass01_baseColor.uasset" 3573
"C:/UnrealProyects/MotoresComerciales/Motorescomerciales1/MotoresComerciales/Content/Houses/House1/Concrete02_basecolor_baseColor.uasset" 3574
"C:/UnrealProyects/MotoresComerciales/Motorescomerciales1/MotoresComerciales/Content/Houses/House1/Block02_normal.uasset" 3575
"C:/UnrealProyects/MotoresComerciales/Motorescomerciales1/MotoresComerciales/Content/Houses/House1/Block02_baseColor.uasset" 3576
"C:/UnrealProyects/MotoresComerciales/Motorescomerciales1/MotoresComerciales/Content/FoliageLandscape/WildGrass/Wild_Grass_vlkhcbxia_Mid_2K_Translucency.uasset" 3577
"C:/UnrealProyects/MotoresComerciales/Motorescomerciales1/MotoresComerciales/Content/FoliageLandscape/WildGrass/Wild_Grass_vlkhcbxia_Mid_2K_Specular.uasset" 3578
"C:/UnrealProyects/MotoresComerciales/Motorescomerciales1/MotoresComerciales/Content/FoliageLandscape/WildGrass/Wild_Grass_vlkhcbxia_Mid_2K_Roughness.uasset" 3579
"C:/UnrealProyects/MotoresComerciales/Motorescomerciales1/MotoresComerciales/Content/FoliageLandscape/WildGrass/Wild_Grass_vlkhcbxia_Mid_2K_Opacity.uasset" 3580
"C:/UnrealProyects/MotoresComerciales/Motorescomerciales1/MotoresComerciales/Content/FoliageLandscape/WildGrass/Wild_Grass_vlkhcbxia_Mid_2K_Normal.uasset" 3581
"C:/UnrealProyects/MotoresComerciales/Motorescomerciales1/MotoresComerciales/Content/FoliageLandscape/WildGrass/Wild_Grass_vlkhcbxia_Mid_2K_Gloss.uasset" 3582
"C:/UnrealProyects/MotoresComerciales/Motorescomerciales1/MotoresComerciales/Content/FoliageLandscape/WildGrass/Wild_Grass_vlkhcbxia_Mid_2K_Displacement.uasset" 3583
"C:/UnrealProyects/MotoresComerciales/Motorescomerciales1/MotoresComerciales/Content/FoliageLandscape/WildGrass/Wild_Grass_vlkhcbxia_Mid_2K_Cavity.uasset" 3584
"C:/UnrealProyects/MotoresComerciales/Motorescomerciales1/MotoresComerciales/Content/FoliageLandscape/WildGrass/Wild_Grass_vlkhcbxia_Mid_2K_Bump.uasset" 3585
"C:/UnrealProyects/MotoresComerciales/Motorescomerciales1/MotoresComerciales/Content/FoliageLandscape/WildGrass/Billboard.uasset" 3586
"C:/UnrealProyects/MotoresComerciales/Motorescomerciales1/MotoresComerciales/Content/FoliageLandscape/WildGrass/Wild_Grass_vlkhcbxia_Mid_2K_BaseColor.uasset" 3587
"C:/UnrealProyects/MotoresComerciales/Motorescomerciales1/MotoresComerciales/Content/FoliageLandscape/WildGrass/Wild_Grass_vlkhcbxia_Mid_2K_Billboard_Opacity.uasset" 3588
"C:/UnrealProyects/MotoresComerciales/Motorescomerciales1/MotoresComerciales/Content/FoliageLandscape/WildGrass/Wild_Grass_vlkhcbxia_Mid_2K_Billboard_BaseColor.uasset" 3589
"C:/UnrealProyects/MotoresComerciales/Motorescomerciales1/MotoresComerciales/Content/FoliageLandscape/WildGrass/Wild_Grass_vlkhcbxia_Mid_2K_Billboard_Translucency.uasset" 3590
"C:/UnrealProyects/MotoresComerciales/Motorescomerciales1/MotoresComerciales/Content/FoliageLandscape/WildGrass/Wild_Grass_vlkhcbxia_Mid_2K_Billboard_Normal.uasset" 3591
"C:/UnrealProyects/MotoresComerciales/Motorescomerciales1/MotoresComerciales/Content/FoliageLandscape/WildGrass/Wild_Grass_vlkhcbxia_Mid_2K_AO.uasset" 3592
"C:/UnrealProyects/MotoresComerciales/Motorescomerciales1/MotoresComerciales/Content/FoliageLandscape/StoneFlore/GLb/japanese_shrine_stone_floor_ugrxbjkfa_mid_texture_2.uasset" 3593
"C:/UnrealProyects/MotoresComerciales/Motorescomerciales1/MotoresComerciales/Content/FoliageLandscape/StoneFlore/GLb/japanese_shrine_stone_floor_ugrxbjkfa_mid_texture_1.uasset" 3594
"C:/UnrealProyects/MotoresComerciales/Motorescomerciales1/MotoresComerciales/Content/FoliageLandscape/StoneFlore/GLb/japanese_shrine_stone_floor_ugrxbjkfa_mid_texture_0.uasset" 3595
"C:/UnrealProyects/MotoresComerciales/Motorescomerciales1/MotoresComerciales/Content/FoliageLandscape/StoneFlore/Japanese_Shrine_Stone_Floor_ugrxbjkfa_Low_1K_Normal.uasset" 3596
"C:/UnrealProyects/MotoresComerciales/Motorescomerciales1/MotoresComerciales/Content/FoliageLandscape/StoneFlore/Japanese_Shrine_Stone_Floor_ugrxbjkfa_Low_1K_Roughness.uasset" 3597
"C:/UnrealProyects/MotoresComerciales/Motorescomerciales1/MotoresComerciales/Content/FoliageLandscape/KikuyuGrass/Kikuyu_Grass_wiljearqx_Mid_2K_Translucency.uasset" 3598
"C:/UnrealProyects/MotoresComerciales/Motorescomerciales1/MotoresComerciales/Content/FoliageLandscape/StoneFlore/Japanese_Shrine_Stone_Floor_ugrxbjkfa_Low_1K_BaseColor.uasset" 3599
"C:/UnrealProyects/MotoresComerciales/Motorescomerciales1/MotoresComerciales/Content/FoliageLandscape/StoneFlore/Japanese_Shrine_Stone_Floor_ugrxbjkfa_Low_1K_AO.uasset" 3600
"C:/UnrealProyects/MotoresComerciales/Motorescomerciales1/MotoresComerciales/Content/FoliageLandscape/KikuyuGrass/Kikuyu_Grass_wiljearqx_Mid_2K_Specular.uasset" 3601
"C:/UnrealProyects/MotoresComerciales/Motorescomerciales1/MotoresComerciales/Content/FoliageLandscape/KikuyuGrass/Kikuyu_Grass_wiljearqx_Mid_2K_Roughness.uasset" 3602
"C:/UnrealProyects/MotoresComerciales/Motorescomerciales1/MotoresComerciales/Content/FoliageLandscape/KikuyuGrass/Kikuyu_Grass_wiljearqx_Mid_2K_Opacity.uasset" 3603
"C:/UnrealProyects/MotoresComerciales/Motorescomerciales1/MotoresComerciales/Content/FoliageLandscape/KikuyuGrass/Kikuyu_Grass_wiljearqx_Mid_2K_Normal.uasset" 3604
"C:/UnrealProyects/MotoresComerciales/Motorescomerciales1/MotoresComerciales/Content/FoliageLandscape/KikuyuGrass/Kikuyu_Grass_wiljearqx_Mid_2K_Cavity.uasset" 3605
"C:/UnrealProyects/MotoresComerciales/Motorescomerciales1/MotoresComerciales/Content/FoliageLandscape/KikuyuGrass/Kikuyu_Grass_wiljearqx_Mid_2K_Billboard_Translucency.uasset" 3606
"C:/UnrealProyects/MotoresComerciales/Motorescomerciales1/MotoresComerciales/Content/FoliageLandscape/KikuyuGrass/Kikuyu_Grass_wiljearqx_Mid_2K_Gloss.uasset" 3607
"C:/UnrealProyects/MotoresComerciales/Motorescomerciales1/MotoresComerciales/Content/FoliageLandscape/KikuyuGrass/Billboard.uasset" 3608
"C:/UnrealProyects/MotoresComerciales/Motorescomerciales1/MotoresComerciales/Content/FoliageLandscape/KikuyuGrass/Kikuyu_Grass_wiljearqx_Mid_2K_Billboard_Normal.uasset" 3609
"C:/UnrealProyects/MotoresComerciales/Motorescomerciales1/MotoresComerciales/Content/FoliageLandscape/KikuyuGrass/Kikuyu_Grass_wiljearqx_Mid_2K_Billboard_Opacity.uasset" 3610
"C:/UnrealProyects/MotoresComerciales/Motorescomerciales1/MotoresComerciales/Content/FoliageLandscape/KikuyuGrass/Kikuyu_Grass_wiljearqx_Mid_2K_Displacement.uasset" 3611
"C:/UnrealProyects/MotoresComerciales/Motorescomerciales1/MotoresComerciales/Content/FoliageLandscape/KikuyuGrass/Kikuyu_Grass_wiljearqx_Mid_2K_Billboard_BaseColor.uasset" 3612
"C:/UnrealProyects/MotoresComerciales/Motorescomerciales1/MotoresComerciales/Content/FoliageLandscape/KikuyuGrass/Kikuyu_Grass_wiljearqx_Mid_2K_Bump.uasset" 3613
"C:/UnrealProyects/MotoresComerciales/Motorescomerciales1/MotoresComerciales/Content/FoliageLandscape/JapaneseStoneFloor/japanese_park_stone_floor_uljcfd0_mid_texture_0.uasset" 3614
"C:/UnrealProyects/MotoresComerciales/Motorescomerciales1/MotoresComerciales/Content/Fab/Wooden_House/wooden_house_house_in_the_woods_project_texture_9.uasset" 3615
"C:/UnrealProyects/MotoresComerciales/Motorescomerciales1/MotoresComerciales/Content/FoliageLandscape/KikuyuGrass/Kikuyu_Grass_wiljearqx_Mid_2K_BaseColor.uasset" 3616
"C:/UnrealProyects/MotoresComerciales/Motorescomerciales1/MotoresComerciales/Content/Fab/Wooden_House/wooden_house_house_in_the_woods_project_texture_8.uasset" 3617
"C:/UnrealProyects/MotoresComerciales/Motorescomerciales1/MotoresComerciales/Content/FoliageLandscape/JapaneseStoneFloor/japanese_park_stone_floor_uljcfd0_mid_texture_1.uasset" 3618
"C:/UnrealProyects/MotoresComerciales/Motorescomerciales1/MotoresComerciales/Content/Fab/Wooden_House/wooden_house_house_in_the_woods_project_texture_5.uasset" 3619
"C:/UnrealProyects/MotoresComerciales/Motorescomerciales1/MotoresComerciales/Content/Fab/Wooden_House/wooden_house_house_in_the_woods_project_texture_6.uasset" 3620
"C:/UnrealProyects/MotoresComerciales/Motorescomerciales1/MotoresComerciales/Content/Fab/Wooden_House/wooden_house_house_in_the_woods_project_texture_3.uasset" 3621
"C:/UnrealProyects/MotoresComerciales/Motorescomerciales1/MotoresComerciales/Content/Fab/Wooden_House/wooden_house_house_in_the_woods_project_texture_4.uasset" 3622
"C:/UnrealProyects/MotoresComerciales/Motorescomerciales1/MotoresComerciales/Content/Fab/Wooden_House/wooden_house_house_in_the_woods_project_texture_7.uasset" 3623
"C:/UnrealProyects/MotoresComerciales/Motorescomerciales1/MotoresComerciales/Content/FoliageLandscape/JapaneseStoneFloor/japanese_park_stone_floor_uljcfd0_mid_texture_2.uasset" 3624
"C:/UnrealProyects/MotoresComerciales/Motorescomerciales1/MotoresComerciales/Content/Fab/Wooden_House/wooden_house_house_in_the_woods_project_texture_19.uasset" 3625
"C:/UnrealProyects/MotoresComerciales/Motorescomerciales1/MotoresComerciales/Content/Fab/Wooden_House/wooden_house_house_in_the_woods_project_texture_2.uasset" 3626
"C:/UnrealProyects/MotoresComerciales/Motorescomerciales1/MotoresComerciales/Content/Fab/Wooden_House/wooden_house_house_in_the_woods_project_texture_16.uasset" 3627
"C:/UnrealProyects/MotoresComerciales/Motorescomerciales1/MotoresComerciales/Content/Fab/Wooden_House/wooden_house_house_in_the_woods_project_texture_18.uasset" 3628
"C:/UnrealProyects/MotoresComerciales/Motorescomerciales1/MotoresComerciales/Content/FoliageLandscape/KikuyuGrass/Kikuyu_Grass_wiljearqx_Mid_2K_AO.uasset" 3629
"C:/UnrealProyects/MotoresComerciales/Motorescomerciales1/MotoresComerciales/Content/Fab/Wooden_House/wooden_house_house_in_the_woods_project_texture_17.uasset" 3630
"C:/UnrealProyects/MotoresComerciales/Motorescomerciales1/MotoresComerciales/Content/Fab/Wooden_House/wooden_house_house_in_the_woods_project_texture_15.uasset" 3631
"C:/UnrealProyects/MotoresComerciales/Motorescomerciales1/MotoresComerciales/Content/Fab/Wooden_House/wooden_house_house_in_the_woods_project_texture_14.uasset" 3632
"C:/UnrealProyects/MotoresComerciales/Motorescomerciales1/MotoresComerciales/Content/Fab/Wooden_House/wooden_house_house_in_the_woods_project_texture_13.uasset" 3633
"C:/UnrealProyects/MotoresComerciales/Motorescomerciales1/MotoresComerciales/Content/Fab/Wooden_House/wooden_house_house_in_the_woods_project_texture_12.uasset" 3634
"C:/UnrealProyects/MotoresComerciales/Motorescomerciales1/MotoresComerciales/Content/Fab/Wooden_House/wooden_house_house_in_the_woods_project_texture_10.uasset" 3635
"C:/UnrealProyects/MotoresComerciales/Motorescomerciales1/MotoresComerciales/Content/Fab/Wooden_House/wooden_house_house_in_the_woods_project_texture_11.uasset" 3636
"C:/UnrealProyects/MotoresComerciales/Motorescomerciales1/MotoresComerciales/Content/Fab/Village_house/village_house_texture_0.uasset" 3637
"C:/UnrealProyects/MotoresComerciales/Motorescomerciales1/MotoresComerciales/Content/Fab/Wooden_House/wooden_house_house_in_the_woods_project_texture_0.uasset" 3638
"C:/UnrealProyects/MotoresComerciales/Motorescomerciales1/MotoresComerciales/Content/Fab/Village_house/village_house_texture_1.uasset" 3639
"C:/UnrealProyects/MotoresComerciales/Motorescomerciales1/MotoresComerciales/Content/Fab/Wooden_House/wooden_house_house_in_the_woods_project_texture_1.uasset" 3640
"C:/UnrealProyects/MotoresComerciales/Motorescomerciales1/MotoresComerciales/Content/Fab/Village_house/village_house_texture_2.uasset" 3641
"C:/UnrealProyects/MotoresComerciales/Motorescomerciales1/MotoresComerciales/Content/Fab/Low_Poly_Garden_Lamp_?_Stylized_Outdoor_Light/textureMetallic_-_2048px-textureRoughness_-_2048px.uasset" 3642
"C:/UnrealProyects/MotoresComerciales/Motorescomerciales1/MotoresComerciales/Content/Fab/Low_Poly_Garden_Lamp_?_Stylized_Outdoor_Light/textureNormal_-_2048px.uasset" 3643
"C:/UnrealProyects/MotoresComerciales/Motorescomerciales1/MotoresComerciales/Content/Fab/LOD_Billboard_Summer_Trees_Pack/lodbillboard_summer_trees_pack_texture_2.uasset" 3644
"C:/UnrealProyects/MotoresComerciales/Motorescomerciales1/MotoresComerciales/Content/Fab/Low_Poly_Garden_Lamp_?_Stylized_Outdoor_Light/textureEmission_Color_-_2048px.uasset" 3645
"C:/UnrealProyects/MotoresComerciales/Motorescomerciales1/MotoresComerciales/Content/Fab/LOD_Billboard_Summer_Trees_Pack/lodbillboard_summer_trees_pack_texture_1.uasset" 3646
"C:/UnrealProyects/MotoresComerciales/Motorescomerciales1/MotoresComerciales/Content/Fab/Low_Poly_Garden_Lamp_?_Stylized_Outdoor_Light/textureBase_Color_-_2048px.uasset" 3647
"C:/UnrealProyects/MotoresComerciales/Motorescomerciales1/MotoresComerciales/Content/Fab/LOD_Billboard_Summer_Trees_Pack/lodbillboard_summer_trees_pack_texture_0.uasset" 3648
"C:/UnrealProyects/MotoresComerciales/Motorescomerciales1/MotoresComerciales/Content/Fab/A_simple_street_light_lamp/a_simple_street_light_lamp_texture_3.uasset" 3649
"C:/UnrealProyects/MotoresComerciales/Motorescomerciales1/MotoresComerciales/Content/Fab/A_simple_street_light_lamp/a_simple_street_light_lamp_texture_2.uasset" 3650
"C:/UnrealProyects/MotoresComerciales/Motorescomerciales1/MotoresComerciales/Content/Fab/A_simple_street_light_lamp/a_simple_street_light_lamp_texture_1.uasset" 3651
"C:/UnrealProyects/MotoresComerciales/Motorescomerciales1/MotoresComerciales/Content/Fab/A_couple_of_Wild_West_style_houses/Weeds_Diffuse1.uasset" 3652
"C:/UnrealProyects/MotoresComerciales/Motorescomerciales1/MotoresComerciales/Content/Fab/A_couple_of_Wild_West_style_houses/Weeds_Diffuse.uasset" 3653
"C:/UnrealProyects/MotoresComerciales/Motorescomerciales1/MotoresComerciales/Content/Fab/A_couple_of_Wild_West_style_houses/Roof_tiles_Roof_tile_4_Normal.uasset" 3654
"C:/UnrealProyects/MotoresComerciales/Motorescomerciales1/MotoresComerciales/Content/Fab/A_couple_of_Wild_West_style_houses/Roof_tiles_Roof_tile_4_Normal1.uasset" 3655
"C:/UnrealProyects/MotoresComerciales/Motorescomerciales1/MotoresComerciales/Content/Fab/A_simple_street_light_lamp/a_simple_street_light_lamp_texture_0.uasset" 3656
"C:/UnrealProyects/MotoresComerciales/Motorescomerciales1/MotoresComerciales/Content/Fab/A_couple_of_Wild_West_style_houses/Roof_tiles_Roof_tile_4_Metalness_png-Roof_tiles_Roof_tile_4_Roughness_png.uasset" 3657
"C:/UnrealProyects/MotoresComerciales/Motorescomerciales1/MotoresComerciales/Content/Fab/A_couple_of_Wild_West_style_houses/Roof_tiles_Roof_tile_4_Metalness-Roof_tiles_Roof_tile_4_Roughness.uasset" 3658
"C:/UnrealProyects/MotoresComerciales/Motorescomerciales1/MotoresComerciales/Content/Fab/A_couple_of_Wild_West_style_houses/Roof_tiles_Roof_tile_3_Normal1.uasset" 3659
"C:/UnrealProyects/MotoresComerciales/Motorescomerciales1/MotoresComerciales/Content/Fab/A_couple_of_Wild_West_style_houses/Roof_tiles_Roof_tile_4_Albedo1.uasset" 3660
"C:/UnrealProyects/MotoresComerciales/Motorescomerciales1/MotoresComerciales/Content/Fab/A_couple_of_Wild_West_style_houses/Roof_tiles_Roof_tile_4_Albedo.uasset" 3661
"C:/UnrealProyects/MotoresComerciales/Motorescomerciales1/MotoresComerciales/Content/Fab/A_couple_of_Wild_West_style_houses/Roof_tiles_Roof_tile_3_Metalness-Roof_tiles_Roof_tile_3_Roughness.uasset" 3662
"C:/UnrealProyects/MotoresComerciales/Motorescomerciales1/MotoresComerciales/Content/Fab/A_couple_of_Wild_West_style_houses/Roof_tiles_Roof_tile_3_Albedo1.uasset" 3663
"C:/UnrealProyects/MotoresComerciales/Motorescomerciales1/MotoresComerciales/Content/Fab/A_couple_of_Wild_West_style_houses/Roof_tiles_Roof_tile_3_Normal.uasset" 3664
"C:/UnrealProyects/MotoresComerciales/Motorescomerciales1/MotoresComerciales/Content/Fab/A_couple_of_Wild_West_style_houses/Roof_tiles_Roof_tile_2_Normal.uasset" 3665
"C:/UnrealProyects/MotoresComerciales/Motorescomerciales1/MotoresComerciales/Content/Fab/A_couple_of_Wild_West_style_houses/Roof_tiles_Roof_tile_2_Metalness_png-Roof_tiles_Roof_tile_2_Roughness_png.uasset" 3666
"C:/UnrealProyects/MotoresComerciales/Motorescomerciales1/MotoresComerciales/Content/Fab/A_couple_of_Wild_West_style_houses/Roof_tiles_Roof_tile_2_Normal1.uasset" 3667
"C:/UnrealProyects/MotoresComerciales/Motorescomerciales1/MotoresComerciales/Content/Fab/A_couple_of_Wild_West_style_houses/Roof_tiles_Roof_tile_3_Albedo.uasset" 3668
"C:/UnrealProyects/MotoresComerciales/Motorescomerciales1/MotoresComerciales/Content/Fab/A_couple_of_Wild_West_style_houses/Roof_tiles_Roof_tile_3_Metalness_png-Roof_tiles_Roof_tile_3_Roughness_png.uasset" 3669
"C:/UnrealProyects/MotoresComerciales/Motorescomerciales1/MotoresComerciales/Content/Fab/A_couple_of_Wild_West_style_houses/Roof_tiles_Roof_tile_2_Metalness-Roof_tiles_Roof_tile_2_Roughness.uasset" 3670
"C:/UnrealProyects/MotoresComerciales/Motorescomerciales1/MotoresComerciales/Content/Fab/A_couple_of_Wild_West_style_houses/Roof_tiles_Roof_tile_2_Albedo1.uasset" 3671
"C:/UnrealProyects/MotoresComerciales/Motorescomerciales1/MotoresComerciales/Content/Fab/A_couple_of_Wild_West_style_houses/Roof_tiles_Roof_tile_2_Albedo.uasset" 3672
"C:/UnrealProyects/MotoresComerciales/Motorescomerciales1/MotoresComerciales/Content/Fab/A_couple_of_Wild_West_style_houses/Roof_tiles_Roof_tile_1_Metalness-Roof_tiles_Roof_tile_1_Roughness.uasset" 3673
"C:/UnrealProyects/MotoresComerciales/Motorescomerciales1/MotoresComerciales/Content/Fab/A_couple_of_Wild_West_style_houses/Roof_tiles_Roof_tile_1_Normal1.uasset" 3674
"C:/UnrealProyects/MotoresComerciales/Motorescomerciales1/MotoresComerciales/Content/Fab/A_couple_of_Wild_West_style_houses/Roof_tiles_Roof_tile_1_Metalness_png-Roof_tiles_Roof_tile_1_Roughness_png.uasset" 3675
"C:/UnrealProyects/MotoresComerciales/Motorescomerciales1/MotoresComerciales/Content/Fab/A_couple_of_Wild_West_style_houses/Roof_tiles_Roof_tile_1_Albedo1.uasset" 3676
"C:/UnrealProyects/MotoresComerciales/Motorescomerciales1/MotoresComerciales/Content/Fab/A_couple_of_Wild_West_style_houses/Roof_tiles_Roof_tile_1_Normal.uasset" 3677
"C:/UnrealProyects/MotoresComerciales/Motorescomerciales1/MotoresComerciales/Content/Fab/A_couple_of_Wild_West_style_houses/Roof_tiles_Roof_tile_1_Albedo.uasset" 3678
"C:/UnrealProyects/MotoresComerciales/Motorescomerciales1/MotoresComerciales/Content/Fab/A_couple_of_Wild_West_style_houses/Porch_Steps_Normal.uasset" 3679
"C:/UnrealProyects/MotoresComerciales/Motorescomerciales1/MotoresComerciales/Content/Fab/A_couple_of_Wild_West_style_houses/Porch_Steps_Metalness-Porch_Steps_Roughness.uasset" 3680
"C:/UnrealProyects/MotoresComerciales/Motorescomerciales1/MotoresComerciales/Content/Fab/A_couple_of_Wild_West_style_houses/Porch_Porch_barriers_Metalness-Porch_Porch_barriers_Roughness.uasset" 3681
"C:/UnrealProyects/MotoresComerciales/Motorescomerciales1/MotoresComerciales/Content/Fab/A_couple_of_Wild_West_style_houses/Porch_Porch_Albedo.uasset" 3682
"C:/UnrealProyects/MotoresComerciales/Motorescomerciales1/MotoresComerciales/Content/Fab/A_couple_of_Wild_West_style_houses/Porch_Steps_Albedo.uasset" 3683
"C:/UnrealProyects/MotoresComerciales/Motorescomerciales1/MotoresComerciales/Content/Fab/A_couple_of_Wild_West_style_houses/Porch_Porch_Metalness-Porch_Porch_Roughness.uasset" 3684
"C:/UnrealProyects/MotoresComerciales/Motorescomerciales1/MotoresComerciales/Content/Fab/A_couple_of_Wild_West_style_houses/Porch_Porch_barriers_Albedo.uasset" 3685
"C:/UnrealProyects/MotoresComerciales/Motorescomerciales1/MotoresComerciales/Content/Fab/A_couple_of_Wild_West_style_houses/Porch_Porch_barriers_Normal.uasset" 3686
"C:/UnrealProyects/MotoresComerciales/Motorescomerciales1/MotoresComerciales/Content/Fab/A_couple_of_Wild_West_style_houses/Porch_Porch_Normal.uasset" 3687
"C:/UnrealProyects/MotoresComerciales/Motorescomerciales1/MotoresComerciales/Content/Fab/A_couple_of_Wild_West_style_houses/MH_Window_Window_frames_outer_Metalness-MH_Window_Window_frames_outer_Roughness.uasset" 3688
"C:/UnrealProyects/MotoresComerciales/Motorescomerciales1/MotoresComerciales/Content/Fab/A_couple_of_Wild_West_style_houses/MH_Window_Window_frames_outer_Normal.uasset" 3689
"C:/UnrealProyects/MotoresComerciales/Motorescomerciales1/MotoresComerciales/Content/Fab/A_couple_of_Wild_West_style_houses/MH_Window_Window_frames_inner_Metalness-MH_Window_Window_frames_inner_Roughness.uasset" 3690
"C:/UnrealProyects/MotoresComerciales/Motorescomerciales1/MotoresComerciales/Content/Fab/A_couple_of_Wild_West_style_houses/MH_Window_Window_frames_outer_Albedo.uasset" 3691
"C:/UnrealProyects/MotoresComerciales/Motorescomerciales1/MotoresComerciales/Content/Fab/A_couple_of_Wild_West_style_houses/MH_Window_Window_frames_inner_Normal.uasset" 3692
"C:/UnrealProyects/MotoresComerciales/Motorescomerciales1/MotoresComerciales/Content/Fab/A_couple_of_Wild_West_style_houses/MH_Window_Window_frames_inner_Albedo.uasset" 3693
"C:/UnrealProyects/MotoresComerciales/Motorescomerciales1/MotoresComerciales/Content/Fab/A_couple_of_Wild_West_style_houses/MH_Walls_Roof_Roughness.uasset" 3694
"C:/UnrealProyects/MotoresComerciales/Motorescomerciales1/MotoresComerciales/Content/Fab/A_couple_of_Wild_West_style_houses/MH_Walls_Roof_Albedo.uasset" 3695
"C:/UnrealProyects/MotoresComerciales/Motorescomerciales1/MotoresComerciales/Content/Fab/A_couple_of_Wild_West_style_houses/MH_Walls_Roof_Normal.uasset" 3696
"C:/UnrealProyects/MotoresComerciales/Motorescomerciales1/MotoresComerciales/Content/Fab/A_couple_of_Wild_West_style_houses/MH_Walls_House_Normal.uasset" 3697
"C:/UnrealProyects/MotoresComerciales/Motorescomerciales1/MotoresComerciales/Content/Fab/A_couple_of_Wild_West_style_houses/MH_Walls_House_Metalness-MH_Walls_House_Roughness.uasset" 3698
"C:/UnrealProyects/MotoresComerciales/Motorescomerciales1/MotoresComerciales/Content/Fab/A_couple_of_Wild_West_style_houses/MH_Walls_Door_frame_Normal.uasset" 3699
"C:/UnrealProyects/MotoresComerciales/Motorescomerciales1/MotoresComerciales/Content/Fab/A_couple_of_Wild_West_style_houses/MH_Walls_Floor_Normal.uasset" 3700
"C:/UnrealProyects/MotoresComerciales/Motorescomerciales1/MotoresComerciales/Content/Fab/A_couple_of_Wild_West_style_houses/MH_Walls_Floor_Metalness-MH_Walls_Floor_Roughness.uasset" 3701
"C:/UnrealProyects/MotoresComerciales/Motorescomerciales1/MotoresComerciales/Content/Fab/A_couple_of_Wild_West_style_houses/MH_Walls_House_Albedo.uasset" 3702
"C:/UnrealProyects/MotoresComerciales/Motorescomerciales1/MotoresComerciales/Content/Fab/A_couple_of_Wild_West_style_houses/MH_Walls_Door_frame_Albedo.uasset" 3703
"C:/UnrealProyects/MotoresComerciales/Motorescomerciales1/MotoresComerciales/Content/Fab/A_couple_of_Wild_West_style_houses/MH_Walls_Chimney_Normal.uasset" 3704
"C:/UnrealProyects/MotoresComerciales/Motorescomerciales1/MotoresComerciales/Content/Fab/A_couple_of_Wild_West_style_houses/MH_Walls_Chimney_Albedo.uasset" 3705
"C:/UnrealProyects/MotoresComerciales/Motorescomerciales1/MotoresComerciales/Content/Fab/A_couple_of_Wild_West_style_houses/MH_Walls_Chimney_Metalness-MH_Walls_Chimney_Roughness.uasset" 3706
"C:/UnrealProyects/MotoresComerciales/Motorescomerciales1/MotoresComerciales/Content/Fab/A_couple_of_Wild_West_style_houses/MH_Walls_Floor_Albedo.uasset" 3707
"C:/UnrealProyects/MotoresComerciales/Motorescomerciales1/MotoresComerciales/Content/Fab/A_couple_of_Wild_West_style_houses/MH_Walls_Door_frame_Metalness-MH_Walls_Door_frame_Roughness.uasset" 3708
"C:/UnrealProyects/MotoresComerciales/Motorescomerciales1/MotoresComerciales/Content/Fab/A_couple_of_Wild_West_style_houses/MH_Raised_bed_Normal.uasset" 3709
"C:/UnrealProyects/MotoresComerciales/Motorescomerciales1/MotoresComerciales/Content/Fab/A_couple_of_Wild_West_style_houses/MH_Raised_bed_Albedo.uasset" 3710
"C:/UnrealProyects/MotoresComerciales/Motorescomerciales1/MotoresComerciales/Content/Fab/A_couple_of_Wild_West_style_houses/MH_Outside_Ground_Normal.uasset" 3711
"C:/UnrealProyects/MotoresComerciales/Motorescomerciales1/MotoresComerciales/Content/Fab/A_couple_of_Wild_West_style_houses/MH_Outside_Ground_Albedo.uasset" 3712
"C:/UnrealProyects/MotoresComerciales/Motorescomerciales1/MotoresComerciales/Content/Fab/A_couple_of_Wild_West_style_houses/MH_Outside_Fence_Metalness-MH_Outside_Fence_Roughness.uasset" 3713
"C:/UnrealProyects/MotoresComerciales/Motorescomerciales1/MotoresComerciales/Content/Fab/A_couple_of_Wild_West_style_houses/MH_Raised_bed_Metalness-MH_Raised_bed_Roughness.uasset" 3714
"C:/UnrealProyects/MotoresComerciales/Motorescomerciales1/MotoresComerciales/Content/Fab/A_couple_of_Wild_West_style_houses/MH_Outside_Fence_Normal.uasset" 3715
"C:/UnrealProyects/MotoresComerciales/Motorescomerciales1/MotoresComerciales/Content/Fab/A_couple_of_Wild_West_style_houses/MH_Outside_Fence_Albedo.uasset" 3716
"C:/UnrealProyects/MotoresComerciales/Motorescomerciales1/MotoresComerciales/Content/Fab/A_couple_of_Wild_West_style_houses/MD_Door_Normal.uasset" 3717
"C:/UnrealProyects/MotoresComerciales/Motorescomerciales1/MotoresComerciales/Content/Fab/A_couple_of_Wild_West_style_houses/MH_Outside_Ground_Metalness-MH_Outside_Ground_Roughness.uasset" 3718
"C:/UnrealProyects/MotoresComerciales/Motorescomerciales1/MotoresComerciales/Content/Fab/A_couple_of_Wild_West_style_houses/MD_Door_Metalness-MD_Door_Roughness.uasset" 3719
"C:/UnrealProyects/MotoresComerciales/Motorescomerciales1/MotoresComerciales/Content/Fab/A_couple_of_Wild_West_style_houses/MD_Door_Albedo.uasset" 3720
"C:/UnrealProyects/MotoresComerciales/Motorescomerciales1/MotoresComerciales/Content/Fab/A_couple_of_Wild_West_style_houses/House_bits_Window_inner_frames_Metalness-House_bits_Window_inner_frames_Roughness.uasset" 3721
"C:/UnrealProyects/MotoresComerciales/Motorescomerciales1/MotoresComerciales/Content/Fab/A_couple_of_Wild_West_style_houses/Image.uasset" 3722
"C:/UnrealProyects/MotoresComerciales/Motorescomerciales1/MotoresComerciales/Content/Fab/A_couple_of_Wild_West_style_houses/House_Normal.uasset" 3723
"C:/UnrealProyects/MotoresComerciales/Motorescomerciales1/MotoresComerciales/Content/Fab/A_couple_of_Wild_West_style_houses/House_bits_Window_inner_frames_Normal.uasset" 3724
"C:/UnrealProyects/MotoresComerciales/Motorescomerciales1/MotoresComerciales/Content/Fab/A_couple_of_Wild_West_style_houses/House_Metalness_png-House_Roughness_png.uasset" 3725
"C:/UnrealProyects/MotoresComerciales/Motorescomerciales1/MotoresComerciales/Content/Fab/A_couple_of_Wild_West_style_houses/House_bits_Portal_window_frame_Normal.uasset" 3726
"C:/UnrealProyects/MotoresComerciales/Motorescomerciales1/MotoresComerciales/Content/Fab/A_couple_of_Wild_West_style_houses/House_bits_Window_inner_frames_Albedo.uasset" 3727
"C:/UnrealProyects/MotoresComerciales/Motorescomerciales1/MotoresComerciales/Content/Fab/A_couple_of_Wild_West_style_houses/House_bits_Window_frames_Normal.uasset" 3728
"C:/UnrealProyects/MotoresComerciales/Motorescomerciales1/MotoresComerciales/Content/Fab/A_couple_of_Wild_West_style_houses/House_bits_Window_frames_Albedo.uasset" 3729
"C:/UnrealProyects/MotoresComerciales/Motorescomerciales1/MotoresComerciales/Content/Fab/A_couple_of_Wild_West_style_houses/House_bits_Window_frames_Metalness_png-House_bits_Window_frames_Roughness_png.uasset" 3730
"C:/UnrealProyects/MotoresComerciales/Motorescomerciales1/MotoresComerciales/Content/Fab/A_couple_of_Wild_West_style_houses/House_bits_Inner_frames_Normal.uasset" 3731
"C:/UnrealProyects/MotoresComerciales/Motorescomerciales1/MotoresComerciales/Content/Fab/A_couple_of_Wild_West_style_houses/House_bits_Portal_window_frame_Metalness-House_bits_Portal_window_frame_Roughness.uasset" 3732
"C:/UnrealProyects/MotoresComerciales/Motorescomerciales1/MotoresComerciales/Content/Fab/A_couple_of_Wild_West_style_houses/House_bits_Inner_frames_Albedo.uasset" 3733
"C:/UnrealProyects/MotoresComerciales/Motorescomerciales1/MotoresComerciales/Content/Fab/A_couple_of_Wild_West_style_houses/House_bits_Portal_window_frame_Albedo.uasset" 3734
"C:/UnrealProyects/MotoresComerciales/Motorescomerciales1/MotoresComerciales/Content/Fab/A_couple_of_Wild_West_style_houses/House_bits_Door_frame_Normal.uasset" 3735
"C:/UnrealProyects/MotoresComerciales/Motorescomerciales1/MotoresComerciales/Content/Fab/A_couple_of_Wild_West_style_houses/House_bits_House_frame_Albedo.uasset" 3736
"C:/UnrealProyects/MotoresComerciales/Motorescomerciales1/MotoresComerciales/Content/Fab/A_couple_of_Wild_West_style_houses/House_bits_Door_Roughness.uasset" 3737
"C:/UnrealProyects/MotoresComerciales/Motorescomerciales1/MotoresComerciales/Content/Fab/A_couple_of_Wild_West_style_houses/House_bits_Inner_frames_Metalness-House_bits_Inner_frames_Roughness.uasset" 3738
"C:/UnrealProyects/MotoresComerciales/Motorescomerciales1/MotoresComerciales/Content/Fab/A_couple_of_Wild_West_style_houses/House_bits_House_frame_Metalness-House_bits_House_frame_Roughness.uasset" 3739
"C:/UnrealProyects/MotoresComerciales/Motorescomerciales1/MotoresComerciales/Content/Fab/A_couple_of_Wild_West_style_houses/House_bits_House_frame_Normal.uasset" 3740
"C:/UnrealProyects/MotoresComerciales/Motorescomerciales1/MotoresComerciales/Content/Fab/A_couple_of_Wild_West_style_houses/House_bits_Door_Normal.uasset" 3741
"C:/UnrealProyects/MotoresComerciales/Motorescomerciales1/MotoresComerciales/Content/Fab/A_couple_of_Wild_West_style_houses/House_bits_Door_frame_Metalness-House_bits_Door_frame_Roughness.uasset" 3742
"C:/UnrealProyects/MotoresComerciales/Motorescomerciales1/MotoresComerciales/Content/Fab/A_couple_of_Wild_West_style_houses/House_bits_Door_frame_Albedo.uasset" 3743
"C:/UnrealProyects/MotoresComerciales/Motorescomerciales1/MotoresComerciales/Content/Fab/A_couple_of_Wild_West_style_houses/House_Albedo.uasset" 3744
"C:/UnrealProyects/MotoresComerciales/Motorescomerciales1/MotoresComerciales/Content/Fab/A_couple_of_Wild_West_style_houses/House_bits_Door_Albedo.uasset" 3745
"C:/UnrealProyects/MotoresComerciales/Motorescomerciales1/MotoresComerciales/Content/Characters/Mannequin_UE4/Textures/T_UELogo_Mask.uasset" 3746
"C:/UnrealProyects/MotoresComerciales/Motorescomerciales1/MotoresComerciales/Content/Characters/Mannequin_UE4/Textures/T_UE4_Mannequin_MAT_MASKA.uasset" 3747
"C:/UnrealProyects/MotoresComerciales/Motorescomerciales1/MotoresComerciales/Content/Characters/Mannequin_UE4/Textures/T_UELogo_N_TGA.uasset" 3748
"C:/UnrealProyects/MotoresComerciales/Motorescomerciales1/MotoresComerciales/Content/Characters/Mannequin_UE4/Textures/T_ML_Rubber_Blue_01_N.uasset" 3749
"C:/UnrealProyects/MotoresComerciales/Motorescomerciales1/MotoresComerciales/Content/Characters/Mannequin_UE4/Textures/T_UE4_Mannequin__normals.uasset" 3750
"C:/UnrealProyects/MotoresComerciales/Motorescomerciales1/MotoresComerciales/Content/Characters/Mannequin_UE4/Rigs/RTG_UE5Manny_UE4Manny.uasset" 3751
"C:/UnrealProyects/MotoresComerciales/Motorescomerciales1/MotoresComerciales/Content/Characters/Mannequin_UE4/Rigs/RTG_UE4Manny_UE5Manny.uasset" 3752
"C:/UnrealProyects/MotoresComerciales/Motorescomerciales1/MotoresComerciales/Content/Characters/Mannequin_UE4/Materials/M_Latex_Usable.uasset" 3753
"C:/UnrealProyects/MotoresComerciales/Motorescomerciales1/MotoresComerciales/Content/Characters/Mannequin_UE4/Input/IA_Ragdoll.uasset" 3754
"C:/UnrealProyects/MotoresComerciales/Motorescomerciales1/MotoresComerciales/Content/Characters/Mannequin_UE4/Textures/T_ML_Aluminum01.uasset" 3755
"C:/UnrealProyects/MotoresComerciales/Motorescomerciales1/MotoresComerciales/Content/Characters/Mannequin_UE4/Textures/T_ML_Rubber_Blue_01_D.uasset" 3756
"C:/UnrealProyects/MotoresComerciales/Motorescomerciales1/MotoresComerciales/Content/Characters/Mannequins/Textures/Shared/T_UE_Logo_M.uasset" 3757
"C:/UnrealProyects/MotoresComerciales/Motorescomerciales1/MotoresComerciales/Content/Characters/Mannequin_UE4/Rigs/IK_UE4_Mannequin.uasset" 3758
"C:/UnrealProyects/MotoresComerciales/Motorescomerciales1/MotoresComerciales/Content/Characters/Mannequins/Textures/Quinn/T_Quinn_02_CCRCCPlastic_MSK.uasset" 3759
"C:/UnrealProyects/MotoresComerciales/Motorescomerciales1/MotoresComerciales/Content/Characters/Mannequins/Textures/Quinn/T_Quinn_02_ASAOMASK_MSK.uasset" 3760
"C:/UnrealProyects/MotoresComerciales/Motorescomerciales1/MotoresComerciales/Content/Characters/Mannequin_UE4/Textures/T_ML_Aluminum01_N.uasset" 3761
"C:/UnrealProyects/MotoresComerciales/Motorescomerciales1/MotoresComerciales/Content/Characters/Mannequins/Textures/Quinn/T_Quinn_02ID_Tan.uasset" 3762
"C:/UnrealProyects/MotoresComerciales/Motorescomerciales1/MotoresComerciales/Content/Characters/Mannequins/Textures/Quinn/T_Quinn_02ID_N.uasset" 3763
"C:/UnrealProyects/MotoresComerciales/Motorescomerciales1/MotoresComerciales/Content/Characters/Mannequin_UE4/Meshes/SK_Mannequin_Skeleton.uasset" 3764
"C:/UnrealProyects/MotoresComerciales/Motorescomerciales1/MotoresComerciales/Content/Characters/Mannequins/Textures/Quinn/T_Quinn_02ID_MSR_MSK.uasset" 3765
"C:/UnrealProyects/MotoresComerciales/Motorescomerciales1/MotoresComerciales/Content/Characters/Mannequins/Textures/Quinn/T_Quinn_02ID_D.uasset" 3766
"C:/UnrealProyects/MotoresComerciales/Motorescomerciales1/MotoresComerciales/Content/Characters/Mannequin_UE4/Meshes/SK_Mannequin_PhysicsAsset.uasset" 3767
"C:/UnrealProyects/MotoresComerciales/Motorescomerciales1/MotoresComerciales/Content/Characters/Mannequins/Textures/Quinn/T_Quinn_02ID_BN.uasset" 3768
"C:/UnrealProyects/MotoresComerciales/Motorescomerciales1/MotoresComerciales/Content/Characters/Mannequins/Textures/Quinn/T_Quinn_01_CCRCCPlastic_MSK.uasset" 3769
"C:/UnrealProyects/MotoresComerciales/Motorescomerciales1/MotoresComerciales/Content/Characters/Mannequins/Textures/Quinn/T_Quinn_01_ASAOMASK_MSK.uasset" 3770
"C:/UnrealProyects/MotoresComerciales/Motorescomerciales1/MotoresComerciales/Content/Characters/Mannequins/Textures/Quinn/T_Quinn_01ID_Tan.uasset" 3771
"C:/UnrealProyects/MotoresComerciales/Motorescomerciales1/MotoresComerciales/Content/Characters/Mannequins/Textures/Quinn/T_Quinn_01ID_N.uasset" 3772
"C:/UnrealProyects/MotoresComerciales/Motorescomerciales1/MotoresComerciales/Content/Characters/Mannequins/Textures/Quinn/T_Quinn_01ID_MSR_MSK.uasset" 3773
"C:/UnrealProyects/MotoresComerciales/Motorescomerciales1/MotoresComerciales/Content/Characters/Mannequins/Textures/Quinn/T_Quinn_01ID_D.uasset" 3774
"C:/UnrealProyects/MotoresComerciales/Motorescomerciales1/MotoresComerciales/Content/Characters/Mannequin_UE4/Materials/Layers/ML_ShinyPlastic_Beige.uasset" 3775
"C:/UnrealProyects/MotoresComerciales/Motorescomerciales1/MotoresComerciales/Content/Characters/Mannequins/Textures/Quinn/T_Quinn_01ID_BN.uasset" 3776
"C:/UnrealProyects/MotoresComerciales/Motorescomerciales1/MotoresComerciales/Content/Characters/Mannequins/Textures/Manny/T_Manny_02_MSR_MSK.uasset" 3777
"C:/UnrealProyects/MotoresComerciales/Motorescomerciales1/MotoresComerciales/Content/Characters/Mannequins/Textures/Manny/T_Manny_02_N.uasset" 3778
"C:/UnrealProyects/MotoresComerciales/Motorescomerciales1/MotoresComerciales/Content/Characters/Mannequins/Textures/Manny/T_Manny_01_Tan.uasset" 3779
"C:/UnrealProyects/MotoresComerciales/Motorescomerciales1/MotoresComerciales/Content/Characters/Mannequins/Textures/Manny/T_Manny_01_N.uasset" 3780
"C:/UnrealProyects/MotoresComerciales/Motorescomerciales1/MotoresComerciales/Content/Characters/Mannequins/Textures/Manny/T_Manny_02_Tan.uasset" 3781
"C:/UnrealProyects/MotoresComerciales/Motorescomerciales1/MotoresComerciales/Content/Characters/Mannequins/Textures/Manny/T_Manny_01_MSR_MSK.uasset" 3782
"C:/UnrealProyects/MotoresComerciales/Motorescomerciales1/MotoresComerciales/Content/Characters/Mannequins/Textures/Manny/T_Manny_02_CCRCCPlastic_MSK.uasset" 3783
"C:/UnrealProyects/MotoresComerciales/Motorescomerciales1/MotoresComerciales/Content/Characters/Mannequins/Textures/Manny/T_Manny_02_D.uasset" 3784
"C:/UnrealProyects/MotoresComerciales/Motorescomerciales1/MotoresComerciales/Content/Characters/Mannequins/Textures/Manny/T_Manny_01_D.uasset" 3785
"C:/UnrealProyects/MotoresComerciales/Motorescomerciales1/MotoresComerciales/Content/Characters/Mannequins/Textures/Manny/T_Manny_02_ASAOPMASK_MSK.uasset" 3786
"C:/UnrealProyects/MotoresComerciales/Motorescomerciales1/MotoresComerciales/Content/Characters/Mannequins/Textures/Manny/T_Manny_02_BN.uasset" 3787
"C:/UnrealProyects/MotoresComerciales/Motorescomerciales1/MotoresComerciales/Content/Characters/Mannequins/Textures/Manny/T_Manny_01_CCRCCPlastic_MSK.uasset" 3788
"C:/UnrealProyects/MotoresComerciales/Motorescomerciales1/MotoresComerciales/Content/Characters/Mannequins/Textures/Manny/T_Manny_01_BN.uasset" 3789
"C:/UnrealProyects/MotoresComerciales/Motorescomerciales1/MotoresComerciales/Content/Characters/Mannequins/Textures/Manny/T_Manny_01_ASAOPMASK_MSK.uasset" 3790
"C:/UnrealProyects/MotoresComerciales/Motorescomerciales1/MotoresComerciales/Content/Characters/Mannequins/Rigs/PA_Mannequin.uasset" 3791
"C:/UnrealProyects/MotoresComerciales/Motorescomerciales1/MotoresComerciales/Content/Characters/Mannequins/Meshes/SK_Mannequin.uasset" 3792
"C:/UnrealProyects/MotoresComerciales/Motorescomerciales1/MotoresComerciales/Content/Characters/Mannequins/Materials/Functions/ML_BaseColorFallOff.uasset" 3793
"C:/UnrealProyects/MotoresComerciales/Motorescomerciales1/MotoresComerciales/Content/Characters/Mannequins/Materials/Functions/ChromaticCurve.uasset" 3794
"C:/UnrealProyects/MotoresComerciales/Motorescomerciales1/MotoresComerciales/Content/CameraBP/BP_OrbitalCamera.uasset" 3795
"C:/UnrealProyects/MotoresComerciales/Motorescomerciales1/MotoresComerciales/Content/Characters/Mannequins/Rigs/RTG_Mannequin.uasset" 3796
"C:/UnrealProyects/MotoresComerciales/Motorescomerciales1/MotoresComerciales/Content/Characters/Mannequins/Rigs/IK_Mannequin.uasset" 3797
"C:/UnrealProyects/MotoresComerciales/Motorescomerciales1/MotoresComerciales/Content/Characters/Mannequins/Meshes/Mannequin_LODSettings.uasset" 3798
"C:/UnrealProyects/MotoresComerciales/Motorescomerciales1/MotoresComerciales/Content/Audio/Owl_Sound/Buho_Simultaneo.uasset" 3799
"C:/UnrealProyects/MotoresComerciales/Motorescomerciales1/MotoresComerciales/Content/Audio/Owl_Sound/OwlSound.uasset" 3800
"C:/UnrealProyects/MotoresComerciales/Motorescomerciales1/MotoresComerciales/Content/Audio/Owl_Sound/OwlSoundeffect.uasset" 3801
"C:/UnrealProyects/MotoresComerciales/Motorescomerciales1/MotoresComerciales/Content/Audio/Forest_Ambience/Forest_Wind2.uasset" 3802
"../../../Engine/Plugins/Interchange/Runtime/Content/Functions/MF_OrenNayerView.uasset" 3803
"../../../Engine/Content/EngineMaterials/DefaultCalibrationGrayscale.uasset" 3804
"../../../Engine/Plugins/Interchange/Runtime/Content/Functions/MF_SchlickApprox.uasset" 3805
"../../../Engine/Content/EngineSounds/Submixes/MasterEQEffectPreset.uasset" 3806
"C:/UnrealProyects/MotoresComerciales/Motorescomerciales1/MotoresComerciales/Content/Audio/Ambience/Atenuacion_Pueblo.uasset" 3807
"../../../Engine/Content/EngineSounds/Submixes/MasterReverbEffectPreset.uasset" 3808
"C:/UnrealProyects/MotoresComerciales/Motorescomerciales1/MotoresComerciales/Content/Audio/Ambience/ForestAmbience1.uasset" 3809
"C:/UnrealProyects/MotoresComerciales/Motorescomerciales1/MotoresComerciales/Content/Audio/Forest_Ambience/ForestAmbience2Wind.uasset" 3810
"../../../Engine/Content/EditorMaterials/PreviewShadowIndicator.uasset" 3811
"../../../Engine/Content/MapTemplates/Materials/BasicAsset01.uasset" 3812
"../../../Engine/Content/MapTemplates/Materials/BasicAsset03.uasset" 3813
"../../../Engine/Content/Maps/Entry_BuiltData.uasset" 3814
"../../../Engine/Content/MobileResources/HUD/VirtualJoystick_Background.uasset" 3815
"../../../Engine/Content/MobileResources/HUD/VirtualJoystick_Thumb.uasset" 3816
"../../../Engine/Content/EngineSky/M_SimpleSkyDome.uasset" 3817
"../../../Engine/Content/EngineMaterials/DefaultCalibrationColor.uasset" 3818
"../../../Engine/Content/EditorBlueprintResources/StandardMacros.uasset" 3819
"../../../Engine/Content/Functions/Engine_MaterialFunctions02/Utility/BlendAngleCorrectedNormals.uasset" 3820
"../../../Engine/Content/Functions/Engine_MaterialFunctions01/WorldPositionOffset/SimpleGrassWind.uasset" 3821
"../../../Engine/Content/Functions/MaterialLayerFunctions/MatLayerBlend_Simple.uasset" 3822
"../../../Engine/Content/Functions/Engine_MaterialFunctions02/ExampleContent/Textures/WindTurblenceVectorAndGustMagnitude.uasset" 3823
"../../../Engine/Content/MapTemplates/TilingNoise05.uasset" 3824
"../../../Engine/Content/Functions/Engine_MaterialFunctions02/PivotPainter2/ms_PivotPainter2_DecodePostion.uasset" 3825
"../../../Engine/Content/Functions/Engine_MaterialFunctions02/ExampleContent/PivotPainter2/test2_rgb_PivotPos_a_ParentIndexInt_UV_2.uasset" 3826
"../../../Engine/Content/Functions/Engine_MaterialFunctions02/PivotPainter2/ms_PivotPainter2_Decode8BitAlphaAxisExtent.uasset" 3827
"../../../Engine/Content/Functions/Engine_MaterialFunctions02/ExampleContent/PivotPainter2/SimpExPivPos.uasset" 3828
"../../../Engine/Content/Functions/Engine_MaterialFunctions02/ExampleContent/PivotPainter2/PP2_rgb_XVect_a_XExtent.uasset" 3829
"../../../Engine/Content/Functions/Engine_MaterialFunctions02/WorldPositionOffset/ObjectPivotPoint.uasset" 3830
"../../../Engine/Content/Functions/Engine_MaterialFunctions02/Math/TimeWithSpeedVariable.uasset" 3831
"../../../Engine/Content/Functions/Engine_MaterialFunctions02/PivotPainter2/ms_PivotPainter2_DecodeAxisVector.uasset" 3832
"../../../Engine/Content/Functions/Engine_MaterialFunctions01/SpeedTree/SpeedTreeColorVariation.uasset" 3833
"../../../Engine/Content/Functions/Engine_MaterialFunctions01/Gradient/LinearGradient.uasset" 3834
"../../../Engine/Content/Functions/Engine_MaterialFunctions02/ms_PivotPainter2_UnpackIntegerAsFloat.uasset" 3835
"../../../Engine/Content/Functions/Engine_MaterialFunctions02/SmoothThreshold.uasset" 3836
"../../../Engine/Content/Functions/Engine_MaterialFunctions01/Shading/FuzzyShadingGrass.uasset" 3837
"../../../Engine/Content/Functions/Engine_MaterialFunctions02/Utility/VectorToRadialValue.uasset" 3838
"../../../Engine/Content/EngineMaterials/DefaultNormal.uasset" 3839
"../../../Engine/Content/Functions/Engine_MaterialFunctions02/Utility/Sign.uasset" 3840
"../../../Engine/Content/Functions/Engine_MaterialFunctions02/Math/Pi.uasset" 3841
"../../../Engine/Content/EngineMaterials/BlendFunc_DefBlend.uasset" 3842
"../../../Engine/Content/Functions/Engine_MaterialFunctions02/Texturing/CustomRotator.uasset" 3843
"../../../Engine/Content/Functions/Engine_MaterialFunctions02/SmoothStep.uasset" 3844
"../../../Engine/Content/EngineMaterials/BlendFunc_DefBase.uasset" 3845
"../../../Engine/Content/Functions/Engine_MaterialFunctions02/Utility/CustomReflectionVector.uasset" 3846
"../../../Engine/Content/Functions/Engine_MaterialFunctions01/Shading/MetallicShading.uasset" 3847
"../../../Engine/Content/Animation/DefaultAnimCurveCompressionSettings.uasset" 3848
"../../../Engine/Content/Functions/Engine_MaterialFunctions01/Texturing/DetailTexturing.uasset" 3849
"../../../Engine/Content/Functions/Engine_MaterialFunctions01/Coordinates/WorldUnitsInPixel.uasset" 3850
"../../../Engine/Content/Animation/DefaultAnimBoneCompressionSettings.uasset" 3851
"../../../Engine/Content/Functions/Engine_MaterialFunctions02/Utility/MakeFloat4.uasset" 3852
"../../../Engine/Content/EngineVolumetrics/Fogsheet/Materials/T_EV_BlankWhite_01.uasset" 3853
"../../../Engine/Content/Functions/Engine_MaterialFunctions02/TangentBasis.uasset" 3854
"../../../Engine/Plugins/Animation/ControlRig/Content/Controls/DefaultGizmoLibrary.uasset" 3855
"../../../Engine/Content/Functions/Engine_MaterialFunctions02/Lerp_3Color.uasset" 3856
"../../../Engine/Content/Functions/Engine_MaterialFunctions02/Math/InverseTransformMatrix.uasset" 3857
"../../../Engine/Content/Functions/Engine_MaterialFunctions01/Volumetrics/BeersLaw.uasset" 3858
"../../../Engine/Content/EngineSky/C_Sky_Horizon_Color.uasset" 3859
"../../../Engine/Content/EngineSky/C_Sky_Zenith_Color.uasset" 3860
"../../../Engine/Content/EngineSky/T_Sky_Stars.uasset" 3861
"../../../Engine/Content/EngineFonts/Faces/DroidSansMono.uasset" 3862
"../../../Engine/Content/EngineSky/C_Sky_Cloud_Color.uasset" 3863
"../../../Engine/Content/Functions/Engine_MaterialFunctions02/ExampleContent/Textures/flipbook.uasset" 3864
"../../../Engine/Content/Functions/Engine_MaterialFunctions02/ExampleContent/DebugNumberStrip.uasset" 3865
"../../../Engine/Content/Functions/Engine_MaterialFunctions01/Texturing/ComputeMipLevel.uasset" 3866
"../../../Engine/Content/Functions/Engine_MaterialFunctions02/ExampleContent/Textures/DebugNumberPeriod.uasset" 3867
"../../../Engine/Content/EngineSky/T_Sky_Clouds_M.uasset" 3868
"C:/UnrealProyects/MotoresComerciales/Motorescomerciales1/MotoresComerciales/Content/MetaHumans/Common/Common/metahuman_proc_ControlRig.uasset" 3869
"../../../Engine/Content/EngineSky/T_Sky_Blue.uasset" 3870
"C:/UnrealProyects/MotoresComerciales/Motorescomerciales1/MotoresComerciales/Content/MetaHumans/Common/Common/MetaHuman_ControlRig.uasset" 3871
"C:/UnrealProyects/MotoresComerciales/Motorescomerciales1/MotoresComerciales/Content/Characters/Mannequins/Rigs/CR_Mannequin_Body.uasset" 3872
"../../../Engine/Content/Functions/Engine_MaterialFunctions02/Utility/DitherTemporalAA.uasset" 3873
"../../../Engine/Content/Functions/Engine_MaterialFunctions02/Math/CreateThirdOrthogonalVector.uasset" 3874
"../../../Engine/Content/OpenWorldTemplate/LandscapeMaterial/T_GridChecker_A.uasset" 3875
"../../../Engine/Content/Functions/Engine_MaterialFunctions01/Texturing/ScaleUVsByCenter.uasset" 3876
"C:/UnrealProyects/MotoresComerciales/Motorescomerciales1/MotoresComerciales/Content/MetaHumans/Common/Face/MaterialFunctions/Grooms/MF_BakedGroomTexturesCombined.uasset" 3877
"../../../Engine/Content/Functions/Engine_MaterialFunctions01/Texturing/TextureCropping.uasset" 3878
"C:/UnrealProyects/MotoresComerciales/Motorescomerciales1/MotoresComerciales/Content/Materials/KartMaterial/Grass.uasset" 3879
"C:/UnrealProyects/MotoresComerciales/Motorescomerciales1/MotoresComerciales/Content/MetaHumans/Common/Materials/MF_YCbCr2RGB.uasset" 3880
"C:/UnrealProyects/MotoresComerciales/Motorescomerciales1/MotoresComerciales/Content/MetaHumans/Common/Materials/MF_RGB2YCbCr.uasset" 3881
"C:/UnrealProyects/MotoresComerciales/Motorescomerciales1/MotoresComerciales/Content/MetaHumans/Common/Materials/MF_YCbCrAdjustments_BoostRedness.uasset" 3882
"../../../Engine/Content/Functions/Engine_MaterialFunctions02/PivotPainter2/ms_PivotPainter2_CalculateMeshElementIndex.uasset" 3883
"../../../Engine/Content/Functions/Engine_MaterialFunctions02/PivotPainter2/2dArrayLookupByIndex.uasset" 3884
"C:/UnrealProyects/MotoresComerciales/Motorescomerciales1/MotoresComerciales/Content/Textures/GarageTexture/GarageTexture2_Mat.uasset" 3885
"C:/UnrealProyects/MotoresComerciales/Motorescomerciales1/MotoresComerciales/Content/Textures/FloorTexture/BlackandWhiteFloor__2__Mat.uasset" 3886
"C:/UnrealProyects/MotoresComerciales/Motorescomerciales1/MotoresComerciales/Content/Materials/Grass.uasset" 3887
"C:/UnrealProyects/MotoresComerciales/Motorescomerciales1/MotoresComerciales/Content/PN_interactiveSpruceForest/UE4_Mannequin/Mannequin/Animations/ThirdPersonWalk.uasset" 3888
"C:/UnrealProyects/MotoresComerciales/Motorescomerciales1/MotoresComerciales/Content/PN_interactiveSpruceForest/UE4_Mannequin/Mannequin/Character/Materials/MaterialLayers/ML_Plastic_Shiny_Beige_LOGO.uasset" 3889
"C:/UnrealProyects/MotoresComerciales/Motorescomerciales1/MotoresComerciales/Content/Textures/FloorTexture/CheckerFloor_Mat.uasset" 3890
"C:/UnrealProyects/MotoresComerciales/Motorescomerciales1/MotoresComerciales/Content/Textures/GarageTexture/GarageTexture_Mat.uasset" 3891
"C:/UnrealProyects/MotoresComerciales/Motorescomerciales1/MotoresComerciales/Content/Materials/Road.uasset" 3892
"C:/UnrealProyects/MotoresComerciales/Motorescomerciales1/MotoresComerciales/Content/PN_interactiveSpruceForest/UE4_Mannequin/Mannequin/Animations/ThirdPerson_Jump.uasset" 3893
"C:/UnrealProyects/MotoresComerciales/Motorescomerciales1/MotoresComerciales/Content/PN_interactiveSpruceForest/Materials/MasterMaterials/MA_GroundSummer.uasset" 3894
"C:/UnrealProyects/MotoresComerciales/Motorescomerciales1/MotoresComerciales/Content/PN_interactiveSpruceForest/UE4_Mannequin/Mannequin/Animations/ThirdPersonRun.uasset" 3895
"C:/UnrealProyects/MotoresComerciales/Motorescomerciales1/MotoresComerciales/Content/PN_interactiveSpruceForest/UE4_Mannequin/Mannequin/Animations/ThirdPersonJump_Loop.uasset" 3896
"C:/UnrealProyects/MotoresComerciales/Motorescomerciales1/MotoresComerciales/Content/PN_interactiveSpruceForest/UE4_Mannequin/Mannequin/Animations/ThirdPersonJump_Start.uasset" 3897
"C:/UnrealProyects/MotoresComerciales/Motorescomerciales1/MotoresComerciales/Content/PN_interactiveSpruceForest/UE4_Mannequin/Mannequin/Animations/ThirdPersonJump_End.uasset" 3898
"C:/UnrealProyects/MotoresComerciales/Motorescomerciales1/MotoresComerciales/Content/PN_interactiveSpruceForest/ExampleContent/Interaction_Ball.uasset" 3899
"C:/UnrealProyects/MotoresComerciales/Motorescomerciales1/MotoresComerciales/Content/PN_interactiveSpruceForest/UE4_Mannequin/Mannequin/Character/Materials/MaterialLayers/ML_SoftMetal_UE4.uasset" 3900
"C:/UnrealProyects/MotoresComerciales/Motorescomerciales1/MotoresComerciales/Content/MOON/Moon.uasset" 3901
"C:/UnrealProyects/MotoresComerciales/Motorescomerciales1/MotoresComerciales/Content/PN_interactiveSpruceForest/UE4_Mannequin/Mannequin/Character/Materials/MaterialLayers/ML_GlossyBlack_Latex_UE4.uasset" 3902
"C:/UnrealProyects/MotoresComerciales/Motorescomerciales1/MotoresComerciales/Content/PN_interactiveSpruceForest/UE4_Mannequin/Mannequin/Animations/ThirdPersonIdle.uasset" 3903
"C:/UnrealProyects/MotoresComerciales/Motorescomerciales1/MotoresComerciales/Content/MOON/Moon-Textura_Mat.uasset" 3904
"C:/Users/DarkW/AppData/Local/Temp/UnrealShaderWorkingDir/CA8826F440E0364DD6B285A0856101A6/4/WorkerOutputOnly.out" 3905
"C:/Users/DarkW/AppData/Local/Temp/UnrealShaderWorkingDir/CA8826F440E0364DD6B285A0856101A6/6/WorkerOutputOnly.out" 3906
"C:/Users/DarkW/AppData/Local/Temp/UnrealShaderWorkingDir/CA8826F440E0364DD6B285A0856101A6/5/WorkerOutputOnly.out" 3907
"C:/Users/DarkW/AppData/Local/Temp/UnrealShaderWorkingDir/CA8826F440E0364DD6B285A0856101A6/0/WorkerOutputOnly.out" 3908
"C:/Users/DarkW/AppData/Local/Temp/UnrealShaderWorkingDir/CA8826F440E0364DD6B285A0856101A6/3/WorkerOutputOnly.out" 3909
"C:/Users/DarkW/AppData/Local/Temp/UnrealShaderWorkingDir/CA8826F440E0364DD6B285A0856101A6/1/WorkerOutputOnly.out" 3910
"C:/Users/DarkW/AppData/Local/Temp/UnrealShaderWorkingDir/CA8826F440E0364DD6B285A0856101A6/2/WorkerOutputOnly.out" 3911
"C:/UnrealProyects/MotoresComerciales/Motorescomerciales1/MotoresComerciales/Content/ModelsStudio/Studio__2__Studio_Setup_Tube_9.uasset" 3912
"C:/Users/DarkW/AppData/Local/Temp/UnrealShaderWorkingDir/CA8826F440E0364DD6B285A0856101A6/7/WorkerOutputOnly.out" 3913
"C:/UnrealProyects/MotoresComerciales/Motorescomerciales1/MotoresComerciales/Content/ModelsStudio/Studio__2__Studio_Setup_Tube_8.uasset" 3914
"C:/UnrealProyects/MotoresComerciales/Motorescomerciales1/MotoresComerciales/Content/ModelsStudio/Studio__2__Studio_Setup_Tube_5.uasset" 3915
"C:/UnrealProyects/MotoresComerciales/Motorescomerciales1/MotoresComerciales/Content/ModelsStudio/Studio__2__Studio_Setup_Tube_7.uasset" 3916
"C:/UnrealProyects/MotoresComerciales/Motorescomerciales1/MotoresComerciales/Content/ModelsStudio/Studio__2__Studio_Setup_Tube_6.uasset" 3917
"C:/UnrealProyects/MotoresComerciales/Motorescomerciales1/MotoresComerciales/Content/ModelsStudio/Studio__2__Studio_Setup_Tube_3.uasset" 3918
"C:/UnrealProyects/MotoresComerciales/Motorescomerciales1/MotoresComerciales/Content/ModelsStudio/Studio__2__Studio_Setup_Tube_18.uasset" 3919
"C:/UnrealProyects/MotoresComerciales/Motorescomerciales1/MotoresComerciales/Content/ModelsStudio/Studio__2__Studio_Setup_Tube_4.uasset" 3920
"C:/UnrealProyects/MotoresComerciales/Motorescomerciales1/MotoresComerciales/Content/ModelsStudio/Studio__2__Studio_Setup_Tube_2.uasset" 3921
"../../../../../../UnrealProyects/MotoresComerciales/Motorescomerciales1/MotoresComerciales/Content/Textures/UncutGrass/Uncut_Grass_oilpt20_1K_BaseColor.uasset" 3922
"../../../../../../UnrealProyects/MotoresComerciales/Motorescomerciales1/MotoresComerciales/Content/Textures/UncutGrass/Uncut_Grass_oilpt20_1K_Normal.uasset" 3923
"../../../../../../UnrealProyects/MotoresComerciales/Motorescomerciales1/MotoresComerciales/Content/Textures/UncutGrass/Uncut_Grass_oilpt20_1K_Roughness.uasset" 3924
"../../../../../../UnrealProyects/MotoresComerciales/Motorescomerciales1/MotoresComerciales/Content/Textures/KartTextures/Kart_albedo.uasset" 3925
"../../../../../../UnrealProyects/MotoresComerciales/Motorescomerciales1/MotoresComerciales/Content/Textures/KartTextures/Kart_metallic.uasset" 3926
"../../../../../../UnrealProyects/MotoresComerciales/Motorescomerciales1/MotoresComerciales/Content/Textures/KartTextures/Kart_normal.uasset" 3927
"../../../../../../UnrealProyects/MotoresComerciales/Motorescomerciales1/MotoresComerciales/Content/Textures/KartTextures/Kart_roughness.uasset" 3928
"../../../../../../UnrealProyects/MotoresComerciales/Motorescomerciales1/MotoresComerciales/Content/Textures/HDRI/Black-Background-HDRI.uasset" 3929
"../../../../../../UnrealProyects/MotoresComerciales/Motorescomerciales1/MotoresComerciales/Content/Textures/Ground/Ground_Roots_vliucgi_1K_BaseColor.uasset" 3930
"../../../../../../UnrealProyects/MotoresComerciales/Motorescomerciales1/MotoresComerciales/Content/Textures/Ground/Ground_Roots_vliucgi_1K_Normal.uasset" 3931
"../../../../../../UnrealProyects/MotoresComerciales/Motorescomerciales1/MotoresComerciales/Content/Textures/Ground/Ground_Roots_vliucgi_1K_Roughness.uasset" 3932
"../../../../../../UnrealProyects/MotoresComerciales/Motorescomerciales1/MotoresComerciales/Content/Textures/GarageTexture/GarageTexture2.uasset" 3933
"../../../../../../UnrealProyects/MotoresComerciales/Motorescomerciales1/MotoresComerciales/Content/Textures/GarageTexture/GarageTexture.uasset" 3934
"../../../../../../UnrealProyects/MotoresComerciales/Motorescomerciales1/MotoresComerciales/Content/Textures/FloorTexture/CheckerFloor.uasset" 3935
"C:/UnrealProyects/MotoresComerciales/Motorescomerciales1/MotoresComerciales/Content/ModelsStudio/Studio__2__Studio_Setup_Tube_17.uasset" 3936
"../../../../../../UnrealProyects/MotoresComerciales/Motorescomerciales1/MotoresComerciales/Content/Textures/FloorTexture/BlackandWhiteFloor__2_.uasset" 3937
"../../../../../../UnrealProyects/MotoresComerciales/Motorescomerciales1/MotoresComerciales/Content/PN_interactiveSpruceForest/UE4_Mannequin/Mannequin/Character/Textures/UE4_LOGO_CARD.uasset" 3938
"../../../../../../UnrealProyects/MotoresComerciales/Motorescomerciales1/MotoresComerciales/Content/PN_interactiveSpruceForest/UE4_Mannequin/Mannequin/Character/Mesh/UE4_Mannequin_Skeleton.uasset" 3939
"C:/UnrealProyects/MotoresComerciales/Motorescomerciales1/MotoresComerciales/Content/ModelsStudio/Studio__2__Studio_Setup_Tube_11.uasset" 3940
"C:/UnrealProyects/MotoresComerciales/Motorescomerciales1/MotoresComerciales/Content/ModelsStudio/Studio__2__Studio_Setup_Tube_12.uasset" 3941
"C:/UnrealProyects/MotoresComerciales/Motorescomerciales1/MotoresComerciales/Content/ModelsStudio/Studio__2__Studio_Setup_Tube_14.uasset" 3942
"C:/UnrealProyects/MotoresComerciales/Motorescomerciales1/MotoresComerciales/Content/ModelsStudio/Studio__2__Studio_Setup_Tube_15.uasset" 3943
"C:/UnrealProyects/MotoresComerciales/Motorescomerciales1/MotoresComerciales/Content/ModelsStudio/Studio__2__Studio_Setup_Tube_13.uasset" 3944
"C:/UnrealProyects/MotoresComerciales/Motorescomerciales1/MotoresComerciales/Content/ModelsStudio/Studio__2__Studio_Setup_Tube_16.uasset" 3945
"C:/UnrealProyects/MotoresComerciales/Motorescomerciales1/MotoresComerciales/Content/ModelsStudio/Studio__2__Studio_Setup_Tube_1.uasset" 3946
"C:/UnrealProyects/MotoresComerciales/Motorescomerciales1/MotoresComerciales/Content/ModelsStudio/Studio__2__Studio_Setup_Leg_9.uasset" 3947
"C:/UnrealProyects/MotoresComerciales/Motorescomerciales1/MotoresComerciales/Content/ModelsStudio/Studio__2__Studio_Setup_Tube_10.uasset" 3948
"C:/UnrealProyects/MotoresComerciales/Motorescomerciales1/MotoresComerciales/Content/ModelsStudio/Studio__2__Studio_Setup_Leg_8.uasset" 3949
"C:/UnrealProyects/MotoresComerciales/Motorescomerciales1/MotoresComerciales/Content/ModelsStudio/Studio__2__Studio_Setup_Leg_6.uasset" 3950
"C:/UnrealProyects/MotoresComerciales/Motorescomerciales1/MotoresComerciales/Content/ModelsStudio/Studio__2__Studio_Setup_Leg_7.uasset" 3951
"../../../../../../UnrealProyects/MotoresComerciales/Motorescomerciales1/MotoresComerciales/Content/PN_interactiveSpruceForest/UE4_Mannequin/Mannequin/Character/Materials/MaterialLayers/T_ML_Rubber_Blue_01_D.uasset" 3952
"../../../../../../UnrealProyects/MotoresComerciales/Motorescomerciales1/MotoresComerciales/Content/PN_interactiveSpruceForest/UE4_Mannequin/Mannequin/Character/Materials/MaterialLayers/T_ML_Rubber_Blue_01_N.uasset" 3953
"../../../../../../UnrealProyects/MotoresComerciales/Motorescomerciales1/MotoresComerciales/Content/PN_interactiveSpruceForest/UE4_Mannequin/Mannequin/Character/Materials/MaterialLayers/T_ML_Aluminum01.uasset" 3954
"../../../../../../UnrealProyects/MotoresComerciales/Motorescomerciales1/MotoresComerciales/Content/PN_interactiveSpruceForest/UE4_Mannequin/Mannequin/Character/Materials/MaterialLayers/T_ML_Aluminum01_N.uasset" 3955
"../../../../../../UnrealProyects/MotoresComerciales/Motorescomerciales1/MotoresComerciales/Content/PN_interactiveSpruceForest/Textures/MasterTextures/GroundTextures/ground_A.uasset" 3956
"../../../../../../UnrealProyects/MotoresComerciales/Motorescomerciales1/MotoresComerciales/Content/PN_interactiveSpruceForest/Textures/MasterTextures/GroundTextures/ground_AO.uasset" 3957
"../../../../../../UnrealProyects/MotoresComerciales/Motorescomerciales1/MotoresComerciales/Content/PN_interactiveSpruceForest/Textures/MasterTextures/GroundTextures/ground_H.uasset" 3958
"../../../../../../UnrealProyects/MotoresComerciales/Motorescomerciales1/MotoresComerciales/Content/PN_interactiveSpruceForest/Textures/MasterTextures/GroundTextures/ground_N.uasset" 3959
"C:/UnrealProyects/MotoresComerciales/Motorescomerciales1/MotoresComerciales/Content/ModelsStudio/Studio__2__Studio_Setup_Leg_5.uasset" 3960
"../../../../../../UnrealProyects/MotoresComerciales/Motorescomerciales1/MotoresComerciales/Content/PN_interactiveSpruceForest/Blueprints/PN_Bending_Component.uasset" 3961
"C:/UnrealProyects/MotoresComerciales/Motorescomerciales1/MotoresComerciales/Content/ModelsStudio/Studio__2__Studio_Setup_Leg_4.uasset" 3962
"C:/UnrealProyects/MotoresComerciales/Motorescomerciales1/MotoresComerciales/Content/ModelsStudio/Studio__2__Studio_Setup_Leg_17.uasset" 3963
"C:/UnrealProyects/MotoresComerciales/Motorescomerciales1/MotoresComerciales/Content/ModelsStudio/Studio__2__Studio_Setup_Leg_18.uasset" 3964
"C:/UnrealProyects/MotoresComerciales/Motorescomerciales1/MotoresComerciales/Content/ModelsStudio/Studio__2__Studio_Setup_Leg_2.uasset" 3965
"C:/UnrealProyects/MotoresComerciales/Motorescomerciales1/MotoresComerciales/Content/ModelsStudio/Studio__2__Studio_Setup_Leg_3.uasset" 3966
"C:/UnrealProyects/MotoresComerciales/Motorescomerciales1/MotoresComerciales/Content/ModelsStudio/Studio__2__Studio_Setup_Leg_16.uasset" 3967
"../../../../../../UnrealProyects/MotoresComerciales/Motorescomerciales1/MotoresComerciales/Content/ModelsStudio/Studio_Setup_Mtl_9_001.uasset" 3968
"C:/UnrealProyects/MotoresComerciales/Motorescomerciales1/MotoresComerciales/Content/ModelsStudio/Studio__2__Studio_Setup_Leg_14.uasset" 3969
"C:/UnrealProyects/MotoresComerciales/Motorescomerciales1/MotoresComerciales/Content/ModelsStudio/Studio__2__Studio_Setup_Leg_15.uasset" 3970
"C:/UnrealProyects/MotoresComerciales/Motorescomerciales1/MotoresComerciales/Content/ModelsStudio/Studio__2__Studio_Setup_Leg_1.uasset" 3971
"C:/UnrealProyects/MotoresComerciales/Motorescomerciales1/MotoresComerciales/Content/ModelsStudio/Studio__2__Studio_Setup_Leg_11.uasset" 3972
"C:/UnrealProyects/MotoresComerciales/Motorescomerciales1/MotoresComerciales/Content/ModelsStudio/Studio__2__Studio_Setup_Leg_12.uasset" 3973
"C:/UnrealProyects/MotoresComerciales/Motorescomerciales1/MotoresComerciales/Content/ModelsStudio/Studio__2__Studio_Setup_Leg_10.uasset" 3974
"C:/UnrealProyects/MotoresComerciales/Motorescomerciales1/MotoresComerciales/Content/ModelsStudio/Studio__2__Studio_Setup_Leg_13.uasset" 3975
"C:/UnrealProyects/MotoresComerciales/Motorescomerciales1/MotoresComerciales/Content/ModelsStudio/Studio__2__Studio_Setup_Arm_9.uasset" 3976
"C:/UnrealProyects/MotoresComerciales/Motorescomerciales1/MotoresComerciales/Content/ModelsStudio/Studio__2__Studio_Setup_Arm_8.uasset" 3977
"C:/UnrealProyects/MotoresComerciales/Motorescomerciales1/MotoresComerciales/Content/ModelsStudio/Studio__2__Studio_Setup_Arm_6.uasset" 3978
"C:/UnrealProyects/MotoresComerciales/Motorescomerciales1/MotoresComerciales/Content/ModelsStudio/Studio__2__Studio_Setup_Arm_7.uasset" 3979
"C:/UnrealProyects/MotoresComerciales/Motorescomerciales1/MotoresComerciales/Content/ModelsStudio/Studio__2__Studio_Setup_Arm_5.uasset" 3980
"C:/UnrealProyects/MotoresComerciales/Motorescomerciales1/MotoresComerciales/Content/ModelsStudio/Studio__2__Studio_Setup_Arm_3.uasset" 3981
"C:/UnrealProyects/MotoresComerciales/Motorescomerciales1/MotoresComerciales/Content/ModelsStudio/Studio__2__Studio_Setup_Arm_2.uasset" 3982
"C:/UnrealProyects/MotoresComerciales/Motorescomerciales1/MotoresComerciales/Content/ModelsStudio/Studio__2__Studio_Setup_Arm_4.uasset" 3983
"C:/UnrealProyects/MotoresComerciales/Motorescomerciales1/MotoresComerciales/Content/ModelsStudio/Studio__2__Studio_Setup_Arm_17.uasset" 3984
"C:/UnrealProyects/MotoresComerciales/Motorescomerciales1/MotoresComerciales/Content/ModelsStudio/Studio__2__Studio_Setup_Arm_18.uasset" 3985
"C:/UnrealProyects/MotoresComerciales/Motorescomerciales1/MotoresComerciales/Content/ModelsStudio/Studio__2__Studio_Setup_Arm_1.uasset" 3986
"C:/UnrealProyects/MotoresComerciales/Motorescomerciales1/MotoresComerciales/Content/ModelsStudio/Studio__2__Studio_Setup_Arm_15.uasset" 3987
"C:/UnrealProyects/MotoresComerciales/Motorescomerciales1/MotoresComerciales/Content/ModelsStudio/Studio__2__Studio_Setup_Arm_16.uasset" 3988
"C:/UnrealProyects/MotoresComerciales/Motorescomerciales1/MotoresComerciales/Content/ModelsStudio/Studio__2__Studio_Setup_Arm_12.uasset" 3989
"C:/UnrealProyects/MotoresComerciales/Motorescomerciales1/MotoresComerciales/Content/ModelsStudio/Studio__2__Studio_Setup_Arm_13.uasset" 3990
"C:/UnrealProyects/MotoresComerciales/Motorescomerciales1/MotoresComerciales/Content/ModelsStudio/Studio__2__Studio_Setup_Stop_8.uasset" 3991
"C:/UnrealProyects/MotoresComerciales/Motorescomerciales1/MotoresComerciales/Content/ModelsStudio/Studio__2__Studio_Setup_Softbox_2.uasset" 3992
"C:/UnrealProyects/MotoresComerciales/Motorescomerciales1/MotoresComerciales/Content/ModelsStudio/Studio__2__Studio_Setup_Arm_11.uasset" 3993
"C:/UnrealProyects/MotoresComerciales/Motorescomerciales1/MotoresComerciales/Content/ModelsStudio/Studio__2__Studio_Setup_Stop_9.uasset" 3994
"C:/UnrealProyects/MotoresComerciales/Motorescomerciales1/MotoresComerciales/Content/ModelsStudio/Studio__2__Studio_Setup_Arm_14.uasset" 3995
"C:/UnrealProyects/MotoresComerciales/Motorescomerciales1/MotoresComerciales/Content/ModelsStudio/Studio__2__Studio_Setup_Stop_6.uasset" 3996
"C:/UnrealProyects/MotoresComerciales/Motorescomerciales1/MotoresComerciales/Content/ModelsStudio/Studio__2__Studio_Setup_Stop_7.uasset" 3997
"C:/UnrealProyects/MotoresComerciales/Motorescomerciales1/MotoresComerciales/Content/ModelsStudio/Studio__2__Studio_Setup_Softbox_1.uasset" 3998
"C:/UnrealProyects/MotoresComerciales/Motorescomerciales1/MotoresComerciales/Content/ModelsStudio/Studio__2__Studio_Setup_Stop_2.uasset" 3999
"C:/UnrealProyects/MotoresComerciales/Motorescomerciales1/MotoresComerciales/Content/ModelsStudio/Studio__2__Studio_Setup_Stop_4.uasset" 4000
"C:/UnrealProyects/MotoresComerciales/Motorescomerciales1/MotoresComerciales/Content/ModelsStudio/Studio__2__Studio_Setup_Arm_10.uasset" 4001
"C:/UnrealProyects/MotoresComerciales/Motorescomerciales1/MotoresComerciales/Content/ModelsStudio/Studio__2__Studio_Setup_Stop_3.uasset" 4002
"C:/UnrealProyects/MotoresComerciales/Motorescomerciales1/MotoresComerciales/Content/ModelsStudio/Studio__2__Studio_Setup_Stop_18.uasset" 4003
"C:/UnrealProyects/MotoresComerciales/Motorescomerciales1/MotoresComerciales/Content/ModelsStudio/Studio__2__Studio_Setup_Stop_5.uasset" 4004
"../../../../../../UnrealProyects/MotoresComerciales/Motorescomerciales1/MotoresComerciales/Content/ModelsStudio/Studio_Setup_Mtl_8_001.uasset" 4005
"C:/UnrealProyects/MotoresComerciales/Motorescomerciales1/MotoresComerciales/Content/ModelsStudio/Studio__2__Studio_Setup_Stop_17.uasset" 4006
"../../../../../../UnrealProyects/MotoresComerciales/Motorescomerciales1/MotoresComerciales/Content/ModelsStudio/Studio_Setup_Mtl_7_001.uasset" 4007
"C:/UnrealProyects/MotoresComerciales/Motorescomerciales1/MotoresComerciales/Content/ModelsStudio/Studio__2__Studio_Setup_Stop_16.uasset" 4008
"C:/UnrealProyects/MotoresComerciales/Motorescomerciales1/MotoresComerciales/Content/ModelsStudio/Studio__2__Studio_Setup_Stop_15.uasset" 4009
"C:/UnrealProyects/MotoresComerciales/Motorescomerciales1/MotoresComerciales/Content/ModelsStudio/Studio__2__Studio_Setup_Stop_11.uasset" 4010
"C:/UnrealProyects/MotoresComerciales/Motorescomerciales1/MotoresComerciales/Content/ModelsStudio/Studio__2__Studio_Setup_Stop_12.uasset" 4011
"C:/UnrealProyects/MotoresComerciales/Motorescomerciales1/MotoresComerciales/Content/ModelsStudio/Studio__2__Studio_Setup_Stop_13.uasset" 4012
"C:/UnrealProyects/MotoresComerciales/Motorescomerciales1/MotoresComerciales/Content/ModelsStudio/Studio__2__Studio_Setup_Stop_10.uasset" 4013
"C:/UnrealProyects/MotoresComerciales/Motorescomerciales1/MotoresComerciales/Content/ModelsStudio/Studio__2__Studio_Setup_Stop_1.uasset" 4014
"C:/UnrealProyects/MotoresComerciales/Motorescomerciales1/MotoresComerciales/Content/ModelsStudio/Studio__2__Studio_Setup_Stop_14.uasset" 4015
"C:/UnrealProyects/MotoresComerciales/Motorescomerciales1/MotoresComerciales/Content/ModelsStudio/Studio__2__Studio_Setup_Plug_3.uasset" 4016
"C:/UnrealProyects/MotoresComerciales/Motorescomerciales1/MotoresComerciales/Content/ModelsStudio/Studio__2__Studio_Setup_Plug_4.uasset" 4017
"C:/UnrealProyects/MotoresComerciales/Motorescomerciales1/MotoresComerciales/Content/ModelsStudio/Studio__2__Studio_Setup_Plug_8.uasset" 4018
"C:/UnrealProyects/MotoresComerciales/Motorescomerciales1/MotoresComerciales/Content/ModelsStudio/Studio__2__Studio_Setup_Plug_2.uasset" 4019
"C:/UnrealProyects/MotoresComerciales/Motorescomerciales1/MotoresComerciales/Content/ModelsStudio/Studio__2__Studio_Setup_Plug_5.uasset" 4020
"C:/UnrealProyects/MotoresComerciales/Motorescomerciales1/MotoresComerciales/Content/ModelsStudio/Studio__2__Studio_Setup_Plug_9.uasset" 4021
"C:/UnrealProyects/MotoresComerciales/Motorescomerciales1/MotoresComerciales/Content/ModelsStudio/Studio__2__Studio_Setup_Plug_1.uasset" 4022
"C:/UnrealProyects/MotoresComerciales/Motorescomerciales1/MotoresComerciales/Content/ModelsStudio/Studio__2__Studio_Setup_Cable_7.uasset" 4023
"C:/UnrealProyects/MotoresComerciales/Motorescomerciales1/MotoresComerciales/Content/ModelsStudio/Studio__2__Studio_Setup_Cable_8.uasset" 4024
"C:/UnrealProyects/MotoresComerciales/Motorescomerciales1/MotoresComerciales/Content/ModelsStudio/Studio__2__Studio_Setup_Plug_7.uasset" 4025
"C:/UnrealProyects/MotoresComerciales/Motorescomerciales1/MotoresComerciales/Content/ModelsStudio/Studio__2__Studio_Setup_Cable_6.uasset" 4026
"C:/UnrealProyects/MotoresComerciales/Motorescomerciales1/MotoresComerciales/Content/ModelsStudio/Studio__2__Studio_Setup_Cable_9.uasset" 4027
"C:/UnrealProyects/MotoresComerciales/Motorescomerciales1/MotoresComerciales/Content/ModelsStudio/Studio__2__Studio_Setup_Cable_4.uasset" 4028
"C:/UnrealProyects/MotoresComerciales/Motorescomerciales1/MotoresComerciales/Content/ModelsStudio/Studio__2__Studio_Setup_Plug_6.uasset" 4029
"C:/UnrealProyects/MotoresComerciales/Motorescomerciales1/MotoresComerciales/Content/ModelsStudio/Studio__2__Studio_Setup_Cable_5.uasset" 4030
"C:/UnrealProyects/MotoresComerciales/Motorescomerciales1/MotoresComerciales/Content/ModelsStudio/Studio__2__Studio_Setup_Cable_3.uasset" 4031
"C:/UnrealProyects/MotoresComerciales/Motorescomerciales1/MotoresComerciales/Content/ModelsStudio/Studio__2__Studio_Setup_Cable_2.uasset" 4032
"C:/UnrealProyects/MotoresComerciales/Motorescomerciales1/MotoresComerciales/Content/ModelsStudio/Studio__2__Studio_Setup_Screw_98.uasset" 4033
"C:/UnrealProyects/MotoresComerciales/Motorescomerciales1/MotoresComerciales/Content/ModelsStudio/Studio__2__Studio_Setup_Screw_99.uasset" 4034
"C:/UnrealProyects/MotoresComerciales/Motorescomerciales1/MotoresComerciales/Content/ModelsStudio/Studio__2__Studio_Setup_Screw_97.uasset" 4035
"C:/UnrealProyects/MotoresComerciales/Motorescomerciales1/MotoresComerciales/Content/ModelsStudio/Studio__2__Studio_Setup_Cable_1.uasset" 4036
"C:/UnrealProyects/MotoresComerciales/Motorescomerciales1/MotoresComerciales/Content/ModelsStudio/Studio__2__Studio_Setup_Screw_96.uasset" 4037
"../../../../../../UnrealProyects/MotoresComerciales/Motorescomerciales1/MotoresComerciales/Content/ModelsStudio/Studio_Setup_Mtl_6_001.uasset" 4038
"C:/UnrealProyects/MotoresComerciales/Motorescomerciales1/MotoresComerciales/Content/ModelsStudio/Studio__2__Studio_Setup_Screw_95.uasset" 4039
"C:/UnrealProyects/MotoresComerciales/Motorescomerciales1/MotoresComerciales/Content/ModelsStudio/Studio__2__Studio_Setup_Screw_92.uasset" 4040
"C:/UnrealProyects/MotoresComerciales/Motorescomerciales1/MotoresComerciales/Content/ModelsStudio/Studio__2__Studio_Setup_Screw_93.uasset" 4041
"C:/UnrealProyects/MotoresComerciales/Motorescomerciales1/MotoresComerciales/Content/ModelsStudio/Studio__2__Studio_Setup_Screw_94.uasset" 4042
"C:/UnrealProyects/MotoresComerciales/Motorescomerciales1/MotoresComerciales/Content/ModelsStudio/Studio__2__Studio_Setup_Screw_90.uasset" 4043
"C:/UnrealProyects/MotoresComerciales/Motorescomerciales1/MotoresComerciales/Content/ModelsStudio/Studio__2__Studio_Setup_Screw_88.uasset" 4044
"C:/UnrealProyects/MotoresComerciales/Motorescomerciales1/MotoresComerciales/Content/ModelsStudio/Studio__2__Studio_Setup_Screw_91.uasset" 4045
"C:/UnrealProyects/MotoresComerciales/Motorescomerciales1/MotoresComerciales/Content/ModelsStudio/Studio__2__Studio_Setup_Screw_89.uasset" 4046
"C:/UnrealProyects/MotoresComerciales/Motorescomerciales1/MotoresComerciales/Content/ModelsStudio/Studio__2__Studio_Setup_Screw_9.uasset" 4047
"C:/UnrealProyects/MotoresComerciales/Motorescomerciales1/MotoresComerciales/Content/ModelsStudio/Studio__2__Studio_Setup_Screw_85.uasset" 4048
"C:/UnrealProyects/MotoresComerciales/Motorescomerciales1/MotoresComerciales/Content/ModelsStudio/Studio__2__Studio_Setup_Screw_86.uasset" 4049
"C:/UnrealProyects/MotoresComerciales/Motorescomerciales1/MotoresComerciales/Content/ModelsStudio/Studio__2__Studio_Setup_Screw_87.uasset" 4050
"C:/UnrealProyects/MotoresComerciales/Motorescomerciales1/MotoresComerciales/Content/ModelsStudio/Studio__2__Studio_Setup_Screw_83.uasset" 4051
"C:/UnrealProyects/MotoresComerciales/Motorescomerciales1/MotoresComerciales/Content/ModelsStudio/Studio__2__Studio_Setup_Screw_82.uasset" 4052
"C:/UnrealProyects/MotoresComerciales/Motorescomerciales1/MotoresComerciales/Content/ModelsStudio/Studio__2__Studio_Setup_Screw_81.uasset" 4053
"C:/UnrealProyects/MotoresComerciales/Motorescomerciales1/MotoresComerciales/Content/ModelsStudio/Studio__2__Studio_Setup_Screw_84.uasset" 4054
"C:/UnrealProyects/MotoresComerciales/Motorescomerciales1/MotoresComerciales/Content/ModelsStudio/Studio__2__Studio_Setup_Screw_78.uasset" 4055
"C:/UnrealProyects/MotoresComerciales/Motorescomerciales1/MotoresComerciales/Content/ModelsStudio/Studio__2__Studio_Setup_Screw_80.uasset" 4056
"C:/UnrealProyects/MotoresComerciales/Motorescomerciales1/MotoresComerciales/Content/ModelsStudio/Studio__2__Studio_Setup_Screw_8.uasset" 4057
"C:/UnrealProyects/MotoresComerciales/Motorescomerciales1/MotoresComerciales/Content/ModelsStudio/Studio__2__Studio_Setup_Screw_76.uasset" 4058
"C:/UnrealProyects/MotoresComerciales/Motorescomerciales1/MotoresComerciales/Content/ModelsStudio/Studio__2__Studio_Setup_Screw_79.uasset" 4059
"C:/UnrealProyects/MotoresComerciales/Motorescomerciales1/MotoresComerciales/Content/ModelsStudio/Studio__2__Studio_Setup_Screw_75.uasset" 4060
"C:/UnrealProyects/MotoresComerciales/Motorescomerciales1/MotoresComerciales/Content/ModelsStudio/Studio__2__Studio_Setup_Screw_77.uasset" 4061
"C:/UnrealProyects/MotoresComerciales/Motorescomerciales1/MotoresComerciales/Content/ModelsStudio/Studio__2__Studio_Setup_Screw_72.uasset" 4062
"C:/UnrealProyects/MotoresComerciales/Motorescomerciales1/MotoresComerciales/Content/ModelsStudio/Studio__2__Studio_Setup_Screw_73.uasset" 4063
"C:/UnrealProyects/MotoresComerciales/Motorescomerciales1/MotoresComerciales/Content/ModelsStudio/Studio__2__Studio_Setup_Screw_71.uasset" 4064
"C:/UnrealProyects/MotoresComerciales/Motorescomerciales1/MotoresComerciales/Content/ModelsStudio/Studio__2__Studio_Setup_Screw_70.uasset" 4065
"C:/UnrealProyects/MotoresComerciales/Motorescomerciales1/MotoresComerciales/Content/ModelsStudio/Studio__2__Studio_Setup_Screw_7.uasset" 4066
"C:/UnrealProyects/MotoresComerciales/Motorescomerciales1/MotoresComerciales/Content/ModelsStudio/Studio__2__Studio_Setup_Screw_74.uasset" 4067
"C:/UnrealProyects/MotoresComerciales/Motorescomerciales1/MotoresComerciales/Content/ModelsStudio/Studio__2__Studio_Setup_Screw_67.uasset" 4068
"C:/UnrealProyects/MotoresComerciales/Motorescomerciales1/MotoresComerciales/Content/ModelsStudio/Studio__2__Studio_Setup_Screw_68.uasset" 4069
"C:/UnrealProyects/MotoresComerciales/Motorescomerciales1/MotoresComerciales/Content/ModelsStudio/Studio__2__Studio_Setup_Screw_64.uasset" 4070
"C:/UnrealProyects/MotoresComerciales/Motorescomerciales1/MotoresComerciales/Content/ModelsStudio/Studio__2__Studio_Setup_Screw_66.uasset" 4071
"C:/UnrealProyects/MotoresComerciales/Motorescomerciales1/MotoresComerciales/Content/ModelsStudio/Studio__2__Studio_Setup_Screw_65.uasset" 4072
"C:/UnrealProyects/MotoresComerciales/Motorescomerciales1/MotoresComerciales/Content/ModelsStudio/Studio__2__Studio_Setup_Screw_69.uasset" 4073
"C:/UnrealProyects/MotoresComerciales/Motorescomerciales1/MotoresComerciales/Content/ModelsStudio/Studio__2__Studio_Setup_Screw_63.uasset" 4074
"C:/UnrealProyects/MotoresComerciales/Motorescomerciales1/MotoresComerciales/Content/ModelsStudio/Studio__2__Studio_Setup_Screw_62.uasset" 4075
"C:/UnrealProyects/MotoresComerciales/Motorescomerciales1/MotoresComerciales/Content/ModelsStudio/Studio__2__Studio_Setup_Screw_61.uasset" 4076
"C:/UnrealProyects/MotoresComerciales/Motorescomerciales1/MotoresComerciales/Content/ModelsStudio/Studio__2__Studio_Setup_Screw_60.uasset" 4077
"C:/UnrealProyects/MotoresComerciales/Motorescomerciales1/MotoresComerciales/Content/ModelsStudio/Studio__2__Studio_Setup_Screw_58.uasset" 4078
"C:/UnrealProyects/MotoresComerciales/Motorescomerciales1/MotoresComerciales/Content/ModelsStudio/Studio__2__Studio_Setup_Screw_6.uasset" 4079
"C:/UnrealProyects/MotoresComerciales/Motorescomerciales1/MotoresComerciales/Content/ModelsStudio/Studio__2__Studio_Setup_Screw_54.uasset" 4080
"C:/UnrealProyects/MotoresComerciales/Motorescomerciales1/MotoresComerciales/Content/ModelsStudio/Studio__2__Studio_Setup_Screw_55.uasset" 4081
"C:/UnrealProyects/MotoresComerciales/Motorescomerciales1/MotoresComerciales/Content/ModelsStudio/Studio__2__Studio_Setup_Screw_56.uasset" 4082
"C:/UnrealProyects/MotoresComerciales/Motorescomerciales1/MotoresComerciales/Content/ModelsStudio/Studio__2__Studio_Setup_Screw_59.uasset" 4083
"C:/UnrealProyects/MotoresComerciales/Motorescomerciales1/MotoresComerciales/Content/ModelsStudio/Studio__2__Studio_Setup_Screw_53.uasset" 4084
"C:/UnrealProyects/MotoresComerciales/Motorescomerciales1/MotoresComerciales/Content/ModelsStudio/Studio__2__Studio_Setup_Screw_52.uasset" 4085
"C:/UnrealProyects/MotoresComerciales/Motorescomerciales1/MotoresComerciales/Content/ModelsStudio/Studio__2__Studio_Setup_Screw_57.uasset" 4086
"C:/UnrealProyects/MotoresComerciales/Motorescomerciales1/MotoresComerciales/Content/ModelsStudio/Studio__2__Studio_Setup_Screw_51.uasset" 4087
"C:/UnrealProyects/MotoresComerciales/Motorescomerciales1/MotoresComerciales/Content/ModelsStudio/Studio__2__Studio_Setup_Screw_50.uasset" 4088
"C:/UnrealProyects/MotoresComerciales/Motorescomerciales1/MotoresComerciales/Content/ModelsStudio/Studio__2__Studio_Setup_Screw_49.uasset" 4089
"C:/UnrealProyects/MotoresComerciales/Motorescomerciales1/MotoresComerciales/Content/ModelsStudio/Studio__2__Studio_Setup_Screw_47.uasset" 4090
"C:/UnrealProyects/MotoresComerciales/Motorescomerciales1/MotoresComerciales/Content/ModelsStudio/Studio__2__Studio_Setup_Screw_5.uasset" 4091
"C:/UnrealProyects/MotoresComerciales/Motorescomerciales1/MotoresComerciales/Content/ModelsStudio/Studio__2__Studio_Setup_Screw_48.uasset" 4092
"C:/UnrealProyects/MotoresComerciales/Motorescomerciales1/MotoresComerciales/Content/ModelsStudio/Studio__2__Studio_Setup_Screw_46.uasset" 4093
"C:/UnrealProyects/MotoresComerciales/Motorescomerciales1/MotoresComerciales/Content/ModelsStudio/Studio__2__Studio_Setup_Screw_43.uasset" 4094
"C:/UnrealProyects/MotoresComerciales/Motorescomerciales1/MotoresComerciales/Content/ModelsStudio/Studio__2__Studio_Setup_Screw_45.uasset" 4095
"C:/UnrealProyects/MotoresComerciales/Motorescomerciales1/MotoresComerciales/Content/ModelsStudio/Studio__2__Studio_Setup_Screw_44.uasset" 4096
"C:/UnrealProyects/MotoresComerciales/Motorescomerciales1/MotoresComerciales/Content/ModelsStudio/Studio__2__Studio_Setup_Screw_41.uasset" 4097
"C:/UnrealProyects/MotoresComerciales/Motorescomerciales1/MotoresComerciales/Content/ModelsStudio/Studio__2__Studio_Setup_Screw_42.uasset" 4098
"C:/UnrealProyects/MotoresComerciales/Motorescomerciales1/MotoresComerciales/Content/ModelsStudio/Studio__2__Studio_Setup_Screw_4.uasset" 4099
"C:/UnrealProyects/MotoresComerciales/Motorescomerciales1/MotoresComerciales/Content/ModelsStudio/Studio__2__Studio_Setup_Screw_40.uasset" 4100
"C:/UnrealProyects/MotoresComerciales/Motorescomerciales1/MotoresComerciales/Content/ModelsStudio/Studio__2__Studio_Setup_Screw_38.uasset" 4101
"C:/UnrealProyects/MotoresComerciales/Motorescomerciales1/MotoresComerciales/Content/ModelsStudio/Studio__2__Studio_Setup_Screw_35.uasset" 4102
"C:/UnrealProyects/MotoresComerciales/Motorescomerciales1/MotoresComerciales/Content/ModelsStudio/Studio__2__Studio_Setup_Screw_36.uasset" 4103
"C:/UnrealProyects/MotoresComerciales/Motorescomerciales1/MotoresComerciales/Content/ModelsStudio/Studio__2__Studio_Setup_Screw_39.uasset" 4104
"C:/UnrealProyects/MotoresComerciales/Motorescomerciales1/MotoresComerciales/Content/ModelsStudio/Studio__2__Studio_Setup_Screw_33.uasset" 4105
"C:/UnrealProyects/MotoresComerciales/Motorescomerciales1/MotoresComerciales/Content/ModelsStudio/Studio__2__Studio_Setup_Screw_32.uasset" 4106
"C:/UnrealProyects/MotoresComerciales/Motorescomerciales1/MotoresComerciales/Content/ModelsStudio/Studio__2__Studio_Setup_Screw_34.uasset" 4107
"C:/UnrealProyects/MotoresComerciales/Motorescomerciales1/MotoresComerciales/Content/ModelsStudio/Studio__2__Studio_Setup_Screw_37.uasset" 4108
"C:/UnrealProyects/MotoresComerciales/Motorescomerciales1/MotoresComerciales/Content/ModelsStudio/Studio__2__Studio_Setup_Screw_31.uasset" 4109
"C:/UnrealProyects/MotoresComerciales/Motorescomerciales1/MotoresComerciales/Content/ModelsStudio/Studio__2__Studio_Setup_Screw_29.uasset" 4110
"C:/UnrealProyects/MotoresComerciales/Motorescomerciales1/MotoresComerciales/Content/ModelsStudio/Studio__2__Studio_Setup_Screw_28.uasset" 4111
"C:/UnrealProyects/MotoresComerciales/Motorescomerciales1/MotoresComerciales/Content/ModelsStudio/Studio__2__Studio_Setup_Screw_26.uasset" 4112
"C:/UnrealProyects/MotoresComerciales/Motorescomerciales1/MotoresComerciales/Content/ModelsStudio/Studio__2__Studio_Setup_Screw_27.uasset" 4113
"C:/UnrealProyects/MotoresComerciales/Motorescomerciales1/MotoresComerciales/Content/ModelsStudio/Studio__2__Studio_Setup_Screw_30.uasset" 4114
"C:/UnrealProyects/MotoresComerciales/Motorescomerciales1/MotoresComerciales/Content/ModelsStudio/Studio__2__Studio_Setup_Screw_25.uasset" 4115
"C:/UnrealProyects/MotoresComerciales/Motorescomerciales1/MotoresComerciales/Content/ModelsStudio/Studio__2__Studio_Setup_Screw_23.uasset" 4116
"C:/UnrealProyects/MotoresComerciales/Motorescomerciales1/MotoresComerciales/Content/ModelsStudio/Studio__2__Studio_Setup_Screw_24.uasset" 4117
"C:/UnrealProyects/MotoresComerciales/Motorescomerciales1/MotoresComerciales/Content/ModelsStudio/Studio__2__Studio_Setup_Screw_3.uasset" 4118
"C:/UnrealProyects/MotoresComerciales/Motorescomerciales1/MotoresComerciales/Content/ModelsStudio/Studio__2__Studio_Setup_Screw_2.uasset" 4119
"C:/UnrealProyects/MotoresComerciales/Motorescomerciales1/MotoresComerciales/Content/ModelsStudio/Studio__2__Studio_Setup_Screw_21.uasset" 4120
"C:/UnrealProyects/MotoresComerciales/Motorescomerciales1/MotoresComerciales/Content/ModelsStudio/Studio__2__Studio_Setup_Screw_20.uasset" 4121
"C:/UnrealProyects/MotoresComerciales/Motorescomerciales1/MotoresComerciales/Content/ModelsStudio/Studio__2__Studio_Setup_Screw_22.uasset" 4122
"C:/UnrealProyects/MotoresComerciales/Motorescomerciales1/MotoresComerciales/Content/ModelsStudio/Studio__2__Studio_Setup_Screw_16.uasset" 4123
"C:/UnrealProyects/MotoresComerciales/Motorescomerciales1/MotoresComerciales/Content/ModelsStudio/Studio__2__Studio_Setup_Screw_19.uasset" 4124
"C:/UnrealProyects/MotoresComerciales/Motorescomerciales1/MotoresComerciales/Content/ModelsStudio/Studio__2__Studio_Setup_Screw_18.uasset" 4125
"C:/UnrealProyects/MotoresComerciales/Motorescomerciales1/MotoresComerciales/Content/ModelsStudio/Studio__2__Studio_Setup_Screw_15.uasset" 4126
"C:/UnrealProyects/MotoresComerciales/Motorescomerciales1/MotoresComerciales/Content/ModelsStudio/Studio__2__Studio_Setup_Screw_13.uasset" 4127
"C:/UnrealProyects/MotoresComerciales/Motorescomerciales1/MotoresComerciales/Content/ModelsStudio/Studio__2__Studio_Setup_Screw_12.uasset" 4128
"C:/UnrealProyects/MotoresComerciales/Motorescomerciales1/MotoresComerciales/Content/ModelsStudio/Studio__2__Studio_Setup_Screw_17.uasset" 4129
"C:/UnrealProyects/MotoresComerciales/Motorescomerciales1/MotoresComerciales/Content/ModelsStudio/Studio__2__Studio_Setup_Screw_112.uasset" 4130
"C:/UnrealProyects/MotoresComerciales/Motorescomerciales1/MotoresComerciales/Content/ModelsStudio/Studio__2__Studio_Setup_Screw_111.uasset" 4131
"C:/UnrealProyects/MotoresComerciales/Motorescomerciales1/MotoresComerciales/Content/ModelsStudio/Studio__2__Studio_Setup_Screw_113.uasset" 4132
"C:/UnrealProyects/MotoresComerciales/Motorescomerciales1/MotoresComerciales/Content/ModelsStudio/Studio__2__Studio_Setup_Screw_110.uasset" 4133
"C:/UnrealProyects/MotoresComerciales/Motorescomerciales1/MotoresComerciales/Content/ModelsStudio/Studio__2__Studio_Setup_Screw_11.uasset" 4134
"C:/UnrealProyects/MotoresComerciales/Motorescomerciales1/MotoresComerciales/Content/ModelsStudio/Studio__2__Studio_Setup_Screw_14.uasset" 4135
"C:/UnrealProyects/MotoresComerciales/Motorescomerciales1/MotoresComerciales/Content/ModelsStudio/Studio__2__Studio_Setup_Screw_109.uasset" 4136
"C:/UnrealProyects/MotoresComerciales/Motorescomerciales1/MotoresComerciales/Content/ModelsStudio/Studio__2__Studio_Setup_Screw_108.uasset" 4137
"C:/UnrealProyects/MotoresComerciales/Motorescomerciales1/MotoresComerciales/Content/ModelsStudio/Studio__2__Studio_Setup_Screw_107.uasset" 4138
"C:/UnrealProyects/MotoresComerciales/Motorescomerciales1/MotoresComerciales/Content/ModelsStudio/Studio__2__Studio_Setup_Screw_106.uasset" 4139
"C:/UnrealProyects/MotoresComerciales/Motorescomerciales1/MotoresComerciales/Content/ModelsStudio/Studio__2__Studio_Setup_Screw_103.uasset" 4140
"C:/UnrealProyects/MotoresComerciales/Motorescomerciales1/MotoresComerciales/Content/ModelsStudio/Studio__2__Studio_Setup_Screw_105.uasset" 4141
"C:/UnrealProyects/MotoresComerciales/Motorescomerciales1/MotoresComerciales/Content/ModelsStudio/Studio__2__Studio_Setup_Screw_104.uasset" 4142
"C:/UnrealProyects/MotoresComerciales/Motorescomerciales1/MotoresComerciales/Content/ModelsStudio/Studio__2__Studio_Setup_Screw_102.uasset" 4143
"C:/UnrealProyects/MotoresComerciales/Motorescomerciales1/MotoresComerciales/Content/ModelsStudio/Studio__2__Studio_Setup_Screw_101.uasset" 4144
"C:/UnrealProyects/MotoresComerciales/Motorescomerciales1/MotoresComerciales/Content/ModelsStudio/Studio__2__Studio_Setup_Knob_50.uasset" 4145
"C:/UnrealProyects/MotoresComerciales/Motorescomerciales1/MotoresComerciales/Content/ModelsStudio/Studio__2__Studio_Setup_Knob_9.uasset" 4146
"C:/UnrealProyects/MotoresComerciales/Motorescomerciales1/MotoresComerciales/Content/ModelsStudio/Studio__2__Studio_Setup_Knob_6.uasset" 4147
"C:/UnrealProyects/MotoresComerciales/Motorescomerciales1/MotoresComerciales/Content/ModelsStudio/Studio__2__Studio_Setup_Knob_8.uasset" 4148
"C:/UnrealProyects/MotoresComerciales/Motorescomerciales1/MotoresComerciales/Content/ModelsStudio/Studio__2__Studio_Setup_Knob_7.uasset" 4149
"C:/UnrealProyects/MotoresComerciales/Motorescomerciales1/MotoresComerciales/Content/ModelsStudio/Studio__2__Studio_Setup_Screw_100.uasset" 4150
"C:/UnrealProyects/MotoresComerciales/Motorescomerciales1/MotoresComerciales/Content/ModelsStudio/Studio__2__Studio_Setup_Screw_10.uasset" 4151
"C:/UnrealProyects/MotoresComerciales/Motorescomerciales1/MotoresComerciales/Content/ModelsStudio/Studio__2__Studio_Setup_Knob_5.uasset" 4152
"C:/UnrealProyects/MotoresComerciales/Motorescomerciales1/MotoresComerciales/Content/ModelsStudio/Studio__2__Studio_Setup_Knob_46.uasset" 4153
"C:/UnrealProyects/MotoresComerciales/Motorescomerciales1/MotoresComerciales/Content/ModelsStudio/Studio__2__Studio_Setup_Knob_44.uasset" 4154
"C:/UnrealProyects/MotoresComerciales/Motorescomerciales1/MotoresComerciales/Content/ModelsStudio/Studio__2__Studio_Setup_Knob_47.uasset" 4155
"C:/UnrealProyects/MotoresComerciales/Motorescomerciales1/MotoresComerciales/Content/ModelsStudio/Studio__2__Studio_Setup_Knob_45.uasset" 4156
"C:/UnrealProyects/MotoresComerciales/Motorescomerciales1/MotoresComerciales/Content/ModelsStudio/Studio__2__Studio_Setup_Knob_49.uasset" 4157
"C:/UnrealProyects/MotoresComerciales/Motorescomerciales1/MotoresComerciales/Content/ModelsStudio/Studio__2__Studio_Setup_Knob_48.uasset" 4158
"C:/UnrealProyects/MotoresComerciales/Motorescomerciales1/MotoresComerciales/Content/ModelsStudio/Studio__2__Studio_Setup_Knob_42.uasset" 4159
"C:/UnrealProyects/MotoresComerciales/Motorescomerciales1/MotoresComerciales/Content/ModelsStudio/Studio__2__Studio_Setup_Knob_41.uasset" 4160
"C:/UnrealProyects/MotoresComerciales/Motorescomerciales1/MotoresComerciales/Content/ModelsStudio/Studio__2__Studio_Setup_Knob_37.uasset" 4161
"C:/UnrealProyects/MotoresComerciales/Motorescomerciales1/MotoresComerciales/Content/ModelsStudio/Studio__2__Studio_Setup_Knob_38.uasset" 4162
"C:/UnrealProyects/MotoresComerciales/Motorescomerciales1/MotoresComerciales/Content/ModelsStudio/Studio__2__Studio_Setup_Knob_36.uasset" 4163
"C:/UnrealProyects/MotoresComerciales/Motorescomerciales1/MotoresComerciales/Content/ModelsStudio/Studio__2__Studio_Setup_Knob_40.uasset" 4164
"C:/UnrealProyects/MotoresComerciales/Motorescomerciales1/MotoresComerciales/Content/ModelsStudio/Studio__2__Studio_Setup_Knob_34.uasset" 4165
"C:/UnrealProyects/MotoresComerciales/Motorescomerciales1/MotoresComerciales/Content/ModelsStudio/Studio__2__Studio_Setup_Knob_39.uasset" 4166
"C:/UnrealProyects/MotoresComerciales/Motorescomerciales1/MotoresComerciales/Content/ModelsStudio/Studio__2__Studio_Setup_Knob_43.uasset" 4167
"C:/UnrealProyects/MotoresComerciales/Motorescomerciales1/MotoresComerciales/Content/ModelsStudio/Studio__2__Studio_Setup_Knob_31.uasset" 4168
"C:/UnrealProyects/MotoresComerciales/Motorescomerciales1/MotoresComerciales/Content/ModelsStudio/Studio__2__Studio_Setup_Knob_33.uasset" 4169
"C:/UnrealProyects/MotoresComerciales/Motorescomerciales1/MotoresComerciales/Content/ModelsStudio/Studio__2__Studio_Setup_Knob_35.uasset" 4170
"C:/UnrealProyects/MotoresComerciales/Motorescomerciales1/MotoresComerciales/Content/ModelsStudio/Studio__2__Studio_Setup_Knob_24.uasset" 4171
"C:/UnrealProyects/MotoresComerciales/Motorescomerciales1/MotoresComerciales/Content/ModelsStudio/Studio__2__Studio_Setup_Knob_30.uasset" 4172
"C:/UnrealProyects/MotoresComerciales/Motorescomerciales1/MotoresComerciales/Content/ModelsStudio/Studio__2__Studio_Setup_Knob_22.uasset" 4173
"C:/UnrealProyects/MotoresComerciales/Motorescomerciales1/MotoresComerciales/Content/ModelsStudio/Studio__2__Studio_Setup_Knob_29.uasset" 4174
"C:/UnrealProyects/MotoresComerciales/Motorescomerciales1/MotoresComerciales/Content/ModelsStudio/Studio__2__Studio_Setup_Knob_32.uasset" 4175
"C:/UnrealProyects/MotoresComerciales/Motorescomerciales1/MotoresComerciales/Content/ModelsStudio/Studio__2__Studio_Setup_Knob_23.uasset" 4176
"C:/UnrealProyects/MotoresComerciales/Motorescomerciales1/MotoresComerciales/Content/ModelsStudio/Studio__2__Studio_Setup_Knob_19.uasset" 4177
"C:/UnrealProyects/MotoresComerciales/Motorescomerciales1/MotoresComerciales/Content/ModelsStudio/Studio__2__Studio_Setup_Knob_14.uasset" 4178
"C:/UnrealProyects/MotoresComerciales/Motorescomerciales1/MotoresComerciales/Content/ModelsStudio/Studio__2__Studio_Setup_Knob_18.uasset" 4179
"C:/UnrealProyects/MotoresComerciales/Motorescomerciales1/MotoresComerciales/Content/ModelsStudio/Studio__2__Studio_Setup_Knob_2.uasset" 4180
"C:/UnrealProyects/MotoresComerciales/Motorescomerciales1/MotoresComerciales/Content/ModelsStudio/Studio__2__Studio_Setup_Connector_8.uasset" 4181
"C:/UnrealProyects/MotoresComerciales/Motorescomerciales1/MotoresComerciales/Content/ModelsStudio/Studio__2__Studio_Setup_Knob_15.uasset" 4182
"C:/UnrealProyects/MotoresComerciales/Motorescomerciales1/MotoresComerciales/Content/ModelsStudio/Studio__2__Studio_Setup_Knob_10.uasset" 4183
"C:/UnrealProyects/MotoresComerciales/Motorescomerciales1/MotoresComerciales/Content/ModelsStudio/Studio__2__Studio_Setup_Knob_11.uasset" 4184
"C:/UnrealProyects/MotoresComerciales/Motorescomerciales1/MotoresComerciales/Content/ModelsStudio/Studio__2__Studio_Setup_Knob_1.uasset" 4185
"C:/UnrealProyects/MotoresComerciales/Motorescomerciales1/MotoresComerciales/Content/ModelsStudio/Studio__2__Studio_Setup_Connector_9.uasset" 4186
"C:/UnrealProyects/MotoresComerciales/Motorescomerciales1/MotoresComerciales/Content/ModelsStudio/Studio__2__Studio_Setup_Connector_3.uasset" 4187
"C:/UnrealProyects/MotoresComerciales/Motorescomerciales1/MotoresComerciales/Content/ModelsStudio/Studio__2__Studio_Setup_Connector_7.uasset" 4188
"C:/UnrealProyects/MotoresComerciales/Motorescomerciales1/MotoresComerciales/Content/ModelsStudio/Studio__2__Studio_Setup_Connector_4.uasset" 4189
"C:/UnrealProyects/MotoresComerciales/Motorescomerciales1/MotoresComerciales/Content/ModelsStudio/Studio__2__Studio_Setup_Connector_6.uasset" 4190
"C:/UnrealProyects/MotoresComerciales/Motorescomerciales1/MotoresComerciales/Content/ModelsStudio/Studio__2__Studio_Setup_Connector_5.uasset" 4191
"C:/UnrealProyects/MotoresComerciales/Motorescomerciales1/MotoresComerciales/Content/ModelsStudio/Studio__2__Studio_Setup_Connector_2.uasset" 4192
"C:/UnrealProyects/MotoresComerciales/Motorescomerciales1/MotoresComerciales/Content/ModelsStudio/Studio__2__Studio_Setup_Connector_1.uasset" 4193
"C:/UnrealProyects/MotoresComerciales/Motorescomerciales1/MotoresComerciales/Content/ModelsStudio/Studio__2__Studio_Setup_Holder_1.uasset" 4194
"C:/UnrealProyects/MotoresComerciales/Motorescomerciales1/MotoresComerciales/Content/ModelsStudio/Studio__2__Studio_Setup_Spotlight_Ceiling_Tube_5.uasset" 4195
"C:/UnrealProyects/MotoresComerciales/Motorescomerciales1/MotoresComerciales/Content/ModelsStudio/Studio__2__Studio_Setup_Rail_1.uasset" 4196
"C:/UnrealProyects/MotoresComerciales/Motorescomerciales1/MotoresComerciales/Content/ModelsStudio/Studio__2__Studio_Setup_Spotlight_Ceiling_Tube_6.uasset" 4197
"C:/UnrealProyects/MotoresComerciales/Motorescomerciales1/MotoresComerciales/Content/ModelsStudio/Studio__2__Studio_Setup_Holder_2.uasset" 4198
"C:/UnrealProyects/MotoresComerciales/Motorescomerciales1/MotoresComerciales/Content/ModelsStudio/Studio__2__Studio_Setup_Rail_2.uasset" 4199
"../../../../../../UnrealProyects/MotoresComerciales/Motorescomerciales1/MotoresComerciales/Content/ModelsStudio/Studio_Setup_Mtl_5_001.uasset" 4200
"C:/UnrealProyects/MotoresComerciales/Motorescomerciales1/MotoresComerciales/Content/ModelsStudio/Studio__2__Studio_Setup_Spotlight_Ceiling_Tube_4.uasset" 4201
"C:/UnrealProyects/MotoresComerciales/Motorescomerciales1/MotoresComerciales/Content/ModelsStudio/Studio__2__Studio_Setup_Spotlight_Ceiling_Arm_3.uasset" 4202
"C:/UnrealProyects/MotoresComerciales/Motorescomerciales1/MotoresComerciales/Content/ModelsStudio/Studio__2__Studio_Setup_Spotlight_Ceiling_Arm_4.uasset" 4203
"C:/UnrealProyects/MotoresComerciales/Motorescomerciales1/MotoresComerciales/Content/ModelsStudio/Studio__2__Studio_Setup_Spotlight_Ceiling_Tube_3.uasset" 4204
"C:/UnrealProyects/MotoresComerciales/Motorescomerciales1/MotoresComerciales/Content/ModelsStudio/Studio__2__Studio_Setup_Spotlight_Ceiling_Tube_2.uasset" 4205
"../../../../../../UnrealProyects/MotoresComerciales/Motorescomerciales1/MotoresComerciales/Content/ModelsStudio/Studio_Setup_Mtl_3_001.uasset" 4206
"C:/UnrealProyects/MotoresComerciales/Motorescomerciales1/MotoresComerciales/Content/ModelsStudio/Studio__2__Studio_Setup_Spotlight_Ceiling_Tube_1.uasset" 4207
"C:/UnrealProyects/MotoresComerciales/Motorescomerciales1/MotoresComerciales/Content/ModelsStudio/Studio__2__Studio_Setup_Knob_28.uasset" 4208
"C:/UnrealProyects/MotoresComerciales/Motorescomerciales1/MotoresComerciales/Content/ModelsStudio/Studio__2__Studio_Setup_Spotlight_Ceiling_Arm_6.uasset" 4209
"C:/UnrealProyects/MotoresComerciales/Motorescomerciales1/MotoresComerciales/Content/ModelsStudio/Studio__2__Studio_Setup_Spotlight_Ceiling_Arm_5.uasset" 4210
"C:/UnrealProyects/MotoresComerciales/Motorescomerciales1/MotoresComerciales/Content/ModelsStudio/Studio__2__Studio_Setup_Spotlight_Ceiling_Arm_1.uasset" 4211
"C:/UnrealProyects/MotoresComerciales/Motorescomerciales1/MotoresComerciales/Content/ModelsStudio/Studio__2__Studio_Setup_Knob_3.uasset" 4212
"C:/UnrealProyects/MotoresComerciales/Motorescomerciales1/MotoresComerciales/Content/ModelsStudio/Studio__2__Studio_Setup_Knob_4.uasset" 4213
"C:/UnrealProyects/MotoresComerciales/Motorescomerciales1/MotoresComerciales/Content/ModelsStudio/Studio__2__Studio_Setup_Knob_27.uasset" 4214
"C:/UnrealProyects/MotoresComerciales/Motorescomerciales1/MotoresComerciales/Content/ModelsStudio/Studio__2__Studio_Setup_Knob_26.uasset" 4215
"C:/UnrealProyects/MotoresComerciales/Motorescomerciales1/MotoresComerciales/Content/ModelsStudio/Studio__2__Studio_Setup_Spotlight_Ceiling_Arm_2.uasset" 4216
"C:/UnrealProyects/MotoresComerciales/Motorescomerciales1/MotoresComerciales/Content/ModelsStudio/Studio__2__Studio_Setup_Knob_25.uasset" 4217
"C:/UnrealProyects/MotoresComerciales/Motorescomerciales1/MotoresComerciales/Content/ModelsStudio/Studio__2__Studio_Setup_Knob_21.uasset" 4218
"C:/UnrealProyects/MotoresComerciales/Motorescomerciales1/MotoresComerciales/Content/ModelsStudio/Studio__2__Studio_Setup_Knob_20.uasset" 4219
"C:/UnrealProyects/MotoresComerciales/Motorescomerciales1/MotoresComerciales/Content/ModelsStudio/Studio__2__Studio_Setup_Knob_17.uasset" 4220
"C:/UnrealProyects/MotoresComerciales/Motorescomerciales1/MotoresComerciales/Content/ModelsStudio/Studio__2__Studio_Setup_Knob_13.uasset" 4221
"C:/UnrealProyects/MotoresComerciales/Motorescomerciales1/MotoresComerciales/Content/ModelsStudio/Studio__2__Studio_Setup_Knob_16.uasset" 4222
"C:/UnrealProyects/MotoresComerciales/Motorescomerciales1/MotoresComerciales/Content/ModelsStudio/Studio__2__Studio_Setup_Joint_8.uasset" 4223
"C:/UnrealProyects/MotoresComerciales/Motorescomerciales1/MotoresComerciales/Content/ModelsStudio/Studio__2__Studio_Setup_Joint_9.uasset" 4224
"C:/UnrealProyects/MotoresComerciales/Motorescomerciales1/MotoresComerciales/Content/ModelsStudio/Studio__2__Studio_Setup_Joint_4.uasset" 4225
"C:/UnrealProyects/MotoresComerciales/Motorescomerciales1/MotoresComerciales/Content/ModelsStudio/Studio__2__Studio_Setup_Joint_7.uasset" 4226
"C:/UnrealProyects/MotoresComerciales/Motorescomerciales1/MotoresComerciales/Content/ModelsStudio/Studio__2__Studio_Setup_Joint_2.uasset" 4227
"C:/UnrealProyects/MotoresComerciales/Motorescomerciales1/MotoresComerciales/Content/ModelsStudio/Studio__2__Studio_Setup_Joint_3.uasset" 4228
"C:/UnrealProyects/MotoresComerciales/Motorescomerciales1/MotoresComerciales/Content/ModelsStudio/Studio__2__Studio_Setup_Knob_12.uasset" 4229
"C:/UnrealProyects/MotoresComerciales/Motorescomerciales1/MotoresComerciales/Content/ModelsStudio/Studio__2__Studio_Setup_Joint_5.uasset" 4230
"C:/UnrealProyects/MotoresComerciales/Motorescomerciales1/MotoresComerciales/Content/ModelsStudio/Studio__2__Studio_Setup_Joint_10.uasset" 4231
"C:/UnrealProyects/MotoresComerciales/Motorescomerciales1/MotoresComerciales/Content/ModelsStudio/Studio__2__Studio_Setup_Handle_5.uasset" 4232
"C:/UnrealProyects/MotoresComerciales/Motorescomerciales1/MotoresComerciales/Content/ModelsStudio/Studio__2__Studio_Setup_Handle_9.uasset" 4233
"C:/UnrealProyects/MotoresComerciales/Motorescomerciales1/MotoresComerciales/Content/ModelsStudio/Studio__2__Studio_Setup_Joint_6.uasset" 4234
"C:/UnrealProyects/MotoresComerciales/Motorescomerciales1/MotoresComerciales/Content/ModelsStudio/Studio__2__Studio_Setup_Joint_1.uasset" 4235
"C:/UnrealProyects/MotoresComerciales/Motorescomerciales1/MotoresComerciales/Content/ModelsStudio/Studio__2__Studio_Setup_Handle_8.uasset" 4236
"C:/UnrealProyects/MotoresComerciales/Motorescomerciales1/MotoresComerciales/Content/ModelsStudio/Studio__2__Studio_Setup_Joint_11.uasset" 4237
"C:/UnrealProyects/MotoresComerciales/Motorescomerciales1/MotoresComerciales/Content/ModelsStudio/Studio__2__Studio_Setup_Joint_12.uasset" 4238
"C:/UnrealProyects/MotoresComerciales/Motorescomerciales1/MotoresComerciales/Content/ModelsStudio/Studio__2__Studio_Setup_Handle_7.uasset" 4239
"C:/UnrealProyects/MotoresComerciales/Motorescomerciales1/MotoresComerciales/Content/ModelsStudio/Studio__2__Studio_Setup_Handle_4.uasset" 4240
"C:/UnrealProyects/MotoresComerciales/Motorescomerciales1/MotoresComerciales/Content/ModelsStudio/Studio__2__Studio_Setup_Backdrop_1.uasset" 4241
"C:/UnrealProyects/MotoresComerciales/Motorescomerciales1/MotoresComerciales/Content/ModelsStudio/Studio__2__Studio_Setup_Handle_6.uasset" 4242
"C:/UnrealProyects/MotoresComerciales/Motorescomerciales1/MotoresComerciales/Content/ModelsStudio/Studio__2__Studio_Setup_Handle_2.uasset" 4243
"C:/UnrealProyects/MotoresComerciales/Motorescomerciales1/MotoresComerciales/Content/ModelsStudio/Studio__2__Studio_Setup_Handle_10.uasset" 4244
"C:/UnrealProyects/MotoresComerciales/Motorescomerciales1/MotoresComerciales/Content/ModelsStudio/Studio__2__Studio_Setup_Handle_3.uasset" 4245
"C:/UnrealProyects/MotoresComerciales/Motorescomerciales1/MotoresComerciales/Content/ModelsStudio/Studio__2__Studio_Setup_Softbox_Diffuser_2.uasset" 4246
"C:/UnrealProyects/MotoresComerciales/Motorescomerciales1/MotoresComerciales/Content/ModelsStudio/Studio__2__Studio_Setup_Handle_1.uasset" 4247
"C:/UnrealProyects/MotoresComerciales/Motorescomerciales1/MotoresComerciales/Content/ModelsStudio/Studio__2__Studio_Setup_Softbox_Diffuser_1.uasset" 4248
"../../../../../../UnrealProyects/MotoresComerciales/Motorescomerciales1/MotoresComerciales/Content/ModelsStudio/Studio_Setup_Mtl_2_001.uasset" 4249
"C:/UnrealProyects/MotoresComerciales/Motorescomerciales1/MotoresComerciales/Content/ModelsStudio/Studio__2__Studio_Setup_Softbox_Adapter_2.uasset" 4250
"C:/UnrealProyects/MotoresComerciales/Motorescomerciales1/MotoresComerciales/Content/ModelsStudio/Studio__2__Studio_Setup_Backdrop_Axis_1.uasset" 4251
"C:/UnrealProyects/MotoresComerciales/Motorescomerciales1/MotoresComerciales/Content/ModelsStudio/Studio__2__Studio_Setup_Socket_9.uasset" 4252
"C:/UnrealProyects/MotoresComerciales/Motorescomerciales1/MotoresComerciales/Content/ModelsStudio/Studio__2__Studio_Setup_Socket_8.uasset" 4253
"C:/UnrealProyects/MotoresComerciales/Motorescomerciales1/MotoresComerciales/Content/ModelsStudio/Studio__2__Studio_Setup_Ceiling.uasset" 4254
"../../../../../../UnrealProyects/MotoresComerciales/Motorescomerciales1/MotoresComerciales/Content/ModelsStudio/Studio_Setup_Mtl_1_001.uasset" 4255
"C:/UnrealProyects/MotoresComerciales/Motorescomerciales1/MotoresComerciales/Content/ModelsStudio/Studio__2__Studio_Setup_Softbox_Adapter_1.uasset" 4256
"C:/UnrealProyects/MotoresComerciales/Motorescomerciales1/MotoresComerciales/Content/ModelsStudio/Studio__2__Studio_Setup_Socket_7.uasset" 4257
"C:/UnrealProyects/MotoresComerciales/Motorescomerciales1/MotoresComerciales/Content/ModelsStudio/Studio__2__Studio_Setup_Socket_4.uasset" 4258
"C:/UnrealProyects/MotoresComerciales/Motorescomerciales1/MotoresComerciales/Content/ModelsStudio/Studio__2__Studio_Setup_Socket_6.uasset" 4259
"../../../../../../UnrealProyects/MotoresComerciales/Motorescomerciales1/MotoresComerciales/Content/ModelsStudio/Studio_Setup_Mtl_4_001.uasset" 4260
"C:/UnrealProyects/MotoresComerciales/Motorescomerciales1/MotoresComerciales/Content/ModelsStudio/Studio__2__Studio_Setup_Socket_3.uasset" 4261
"C:/UnrealProyects/MotoresComerciales/Motorescomerciales1/MotoresComerciales/Content/ModelsStudio/Studio__2__Studio_Setup_Spotlight_Flap_Top_2.uasset" 4262
"../../../../../../UnrealProyects/MotoresComerciales/Motorescomerciales1/MotoresComerciales/Content/ModelsStudio/Studio_Setup_Mtl_19_001.uasset" 4263
"C:/UnrealProyects/MotoresComerciales/Motorescomerciales1/MotoresComerciales/Content/ModelsStudio/Studio__2__Studio_Setup_Socket_5.uasset" 4264
"../../../../../../UnrealProyects/MotoresComerciales/Motorescomerciales1/MotoresComerciales/Content/ModelsStudio/Studio_Setup_Mtl_13_001.uasset" 4265
"../../../../../../UnrealProyects/MotoresComerciales/Motorescomerciales1/MotoresComerciales/Content/ModelsStudio/Studio_Setup_Mtl_12_001.uasset" 4266
"C:/UnrealProyects/MotoresComerciales/Motorescomerciales1/MotoresComerciales/Content/ModelsStudio/Studio__2__Studio_Setup_Socket_1.uasset" 4267
"C:/UnrealProyects/MotoresComerciales/Motorescomerciales1/MotoresComerciales/Content/ModelsStudio/Studio__2__Studio_Setup_Spotlight_9.uasset" 4268
"C:/UnrealProyects/MotoresComerciales/Motorescomerciales1/MotoresComerciales/Content/ModelsStudio/Studio__2__Studio_Setup_Spotlight_Flap_Side_1.uasset" 4269
"C:/UnrealProyects/MotoresComerciales/Motorescomerciales1/MotoresComerciales/Content/ModelsStudio/Studio__2__Studio_Setup_Socket_2.uasset" 4270
"C:/UnrealProyects/MotoresComerciales/Motorescomerciales1/MotoresComerciales/Content/ModelsStudio/Studio__2__Studio_Setup_Spotlight_Flap_Top_1.uasset" 4271
"C:/UnrealProyects/MotoresComerciales/Motorescomerciales1/MotoresComerciales/Content/ModelsStudio/Studio__2__Studio_Setup_Spotlight_Flap_Side_2.uasset" 4272
"C:/UnrealProyects/MotoresComerciales/Motorescomerciales1/MotoresComerciales/Content/ModelsStudio/Studio__2__Studio_Setup_Spotlight_5.uasset" 4273
"C:/UnrealProyects/MotoresComerciales/Motorescomerciales1/MotoresComerciales/Content/ModelsStudio/Studio__2__Studio_Setup_Spotlight_6.uasset" 4274
"C:/UnrealProyects/MotoresComerciales/Motorescomerciales1/MotoresComerciales/Content/ModelsStudio/Studio__2__Studio_Setup_Spotlight_Flaps_1.uasset" 4275
"C:/UnrealProyects/MotoresComerciales/Motorescomerciales1/MotoresComerciales/Content/ModelsStudio/Studio__2__Studio_Setup_Spotlight_8.uasset" 4276
"C:/UnrealProyects/MotoresComerciales/Motorescomerciales1/MotoresComerciales/Content/ModelsStudio/Studio__2__Studio_Setup_Spotlight_10.uasset" 4277
"C:/UnrealProyects/MotoresComerciales/Motorescomerciales1/MotoresComerciales/Content/ModelsStudio/Studio__2__Studio_Setup_Spotlight_3.uasset" 4278
"../../../../../../UnrealProyects/MotoresComerciales/Motorescomerciales1/MotoresComerciales/Content/ModelsStudio/Studio_Setup_Mtl_10_001.uasset" 4279
"C:/UnrealProyects/MotoresComerciales/Motorescomerciales1/MotoresComerciales/Content/ModelsStudio/Studio__2__Studio_Setup_Spotlight_4.uasset" 4280
"C:/UnrealProyects/MotoresComerciales/Motorescomerciales1/MotoresComerciales/Content/ModelsStudio/Studio__2__Studio_Setup_Spotlight_1.uasset" 4281
"C:/UnrealProyects/MotoresComerciales/Motorescomerciales1/MotoresComerciales/Content/ModelsStudio/Studio__2__Studio_Setup_Spotlight_2.uasset" 4282
"C:/UnrealProyects/MotoresComerciales/Motorescomerciales1/MotoresComerciales/Content/ModelsStudio/Studio__2__Shader_Ball.uasset" 4283
"../../../../../../UnrealProyects/MotoresComerciales/Motorescomerciales1/MotoresComerciales/Content/ModelsStudio/Studio_Setup_Mtl_15_001.uasset" 4284
"C:/UnrealProyects/MotoresComerciales/Motorescomerciales1/MotoresComerciales/Content/ModelsStudio/Studio__2__Studio_Setup_Curtain_8.uasset" 4285
"C:/UnrealProyects/MotoresComerciales/Motorescomerciales1/MotoresComerciales/Content/MetaHumans/Common/Materials/Textures/Clothing/MaterialFunction/MF_PrintRepeats.uasset" 4286
"C:/UnrealProyects/MotoresComerciales/Motorescomerciales1/MotoresComerciales/Content/ModelsStudio/Studio__2__Studio_Setup_Floor_001.uasset" 4287
"C:/UnrealProyects/MotoresComerciales/Motorescomerciales1/MotoresComerciales/Content/MetaHumans/Common/Materials/Textures/Clothing/MaterialFunction/MF_PrintGraphic.uasset" 4288
"../../../../../../UnrealProyects/MotoresComerciales/Motorescomerciales1/MotoresComerciales/Content/ModelsStudio/Studio_Setup_Mtl_17_001.uasset" 4289
"C:/UnrealProyects/MotoresComerciales/Motorescomerciales1/MotoresComerciales/Content/ModelsStudio/Studio__2__Studio_Setup_Spotlight_7.uasset" 4290
"C:/UnrealProyects/MotoresComerciales/Motorescomerciales1/MotoresComerciales/Content/ModelsStudio/Studio__2__Studio_Setup_Curtain_2.uasset" 4291
"C:/UnrealProyects/MotoresComerciales/Motorescomerciales1/MotoresComerciales/Content/MetaHumans/Vincent/Face/FaceRoughness_MAIN_LOD.uasset" 4292
"C:/UnrealProyects/MotoresComerciales/Motorescomerciales1/MotoresComerciales/Content/ModelsStudio/Studio__2__Studio_Setup_Curtain_1.uasset" 4293
"../../../../../../UnrealProyects/MotoresComerciales/Motorescomerciales1/MotoresComerciales/Content/ModelsStudio/Studio_Setup_Mtl_18_001.uasset" 4294
"C:/UnrealProyects/MotoresComerciales/Motorescomerciales1/MotoresComerciales/Content/MetaHumans/Common/Male/Textures/male_001/2K/male_body_roughness_map.uasset" 4295
"C:/UnrealProyects/MotoresComerciales/Motorescomerciales1/MotoresComerciales/Content/ModelsStudio/Studio__2__Studio_Setup_Curtain_3_001.uasset" 4296
"C:/UnrealProyects/MotoresComerciales/Motorescomerciales1/MotoresComerciales/Content/MetaHumans/Common/Controls/faceboard_followGrp.uasset" 4297
"C:/UnrealProyects/MotoresComerciales/Motorescomerciales1/MotoresComerciales/Content/MetaHumans/Common/Controls/faceboard_2x.uasset" 4298
"C:/UnrealProyects/MotoresComerciales/Motorescomerciales1/MotoresComerciales/Content/MetaHumans/Vincent/Face/FaceRoughness_MAIN.uasset" 4299
"C:/UnrealProyects/MotoresComerciales/Motorescomerciales1/MotoresComerciales/Content/MetaHumans/Common/Controls/convergence_3l.uasset" 4300
"C:/UnrealProyects/MotoresComerciales/Motorescomerciales1/MotoresComerciales/Content/MetaHumans/Common/Common/RTG_metahuman_base_skel_AnimBP.uasset" 4301
"../../../../../../UnrealProyects/MotoresComerciales/Motorescomerciales1/MotoresComerciales/Content/ModelsStudio/Studio_Setup_Mtl_11_001.uasset" 4302
"C:/UnrealProyects/MotoresComerciales/Motorescomerciales1/MotoresComerciales/Content/MetaHumans/Common/Face/Materials/MI_EyeOcclusion_Inst.uasset" 4303
"../../../../../../UnrealProyects/MotoresComerciales/Motorescomerciales1/MotoresComerciales/Content/ModelsStudio/Studio_Setup_Mtl_14_001.uasset" 4304
"C:/UnrealProyects/MotoresComerciales/Motorescomerciales1/MotoresComerciales/Content/MetaHumans/Common/Face/Textures/Utilities/AnimMasks/T_head_wm_msk_Array.uasset" 4305
"C:/UnrealProyects/MotoresComerciales/Motorescomerciales1/MotoresComerciales/Content/MetaHumans/Common/Face/MaterialFunctions/Head/MF_RoughnessMult.uasset" 4306
"../../../../../../UnrealProyects/MotoresComerciales/Motorescomerciales1/MotoresComerciales/Content/ModelsStudio/Studio_Setup_Mtl_16_001.uasset" 4307
"C:/UnrealProyects/MotoresComerciales/Motorescomerciales1/MotoresComerciales/Content/Houses/House2/Material_003.uasset" 4308
"C:/UnrealProyects/MotoresComerciales/Motorescomerciales1/MotoresComerciales/Content/MetaHumans/Common/Face/Textures/T_lacrimal_h.uasset" 4309
"C:/UnrealProyects/MotoresComerciales/Motorescomerciales1/MotoresComerciales/Content/MetaHumans/Common/Common/m_med_nrw_body_preview.uasset" 4310
"C:/UnrealProyects/MotoresComerciales/Motorescomerciales1/MotoresComerciales/Content/LevelPrototyping/Materials/MI_Solid_Blue.uasset" 4311
"C:/UnrealProyects/MotoresComerciales/Motorescomerciales1/MotoresComerciales/Content/Houses/House1/roof.uasset" 4312
"C:/UnrealProyects/MotoresComerciales/Motorescomerciales1/MotoresComerciales/Content/Houses/House1/Block02.uasset" 4313
"C:/UnrealProyects/MotoresComerciales/Motorescomerciales1/MotoresComerciales/Content/Houses/House1/WindowMetal.uasset" 4314
"../../../../../../UnrealProyects/MotoresComerciales/Motorescomerciales1/MotoresComerciales/Content/ModelsStudio/Studio_Plastic_1.uasset" 4315
"C:/UnrealProyects/MotoresComerciales/Motorescomerciales1/MotoresComerciales/Content/Houses/House1/Concrete02_basecolor.uasset" 4316
"C:/UnrealProyects/MotoresComerciales/Motorescomerciales1/MotoresComerciales/Content/Houses/House1/Wood.uasset" 4317
"C:/UnrealProyects/MotoresComerciales/Motorescomerciales1/MotoresComerciales/Content/FoliageLandscape/WildGrass/Atlas.uasset" 4318
"../../../../../../UnrealProyects/MotoresComerciales/Motorescomerciales1/MotoresComerciales/Content/ModelsStudio/Studio_Fabric_3.uasset" 4319
"C:/UnrealProyects/MotoresComerciales/Motorescomerciales1/MotoresComerciales/Content/FoliageLandscape/WildGrass/Wild_Grass_vlkhcbxia_Mid_vlkhcbxia_VarH_LOD3.uasset" 4320
"C:/UnrealProyects/MotoresComerciales/Motorescomerciales1/MotoresComerciales/Content/Houses/House1/Glass01.uasset" 4321
"C:/UnrealProyects/MotoresComerciales/Motorescomerciales1/MotoresComerciales/Content/Houses/House1/Door.uasset" 4322
"../../../../../../UnrealProyects/MotoresComerciales/Motorescomerciales1/MotoresComerciales/Content/ModelsStudio/Black_001.uasset" 4323
"../../../../../../UnrealProyects/MotoresComerciales/Motorescomerciales1/MotoresComerciales/Content/ModelsStudio/Metal_002.uasset" 4324
"../../../../../../UnrealProyects/MotoresComerciales/Motorescomerciales1/MotoresComerciales/Content/ModelsStudio/QS_002.uasset" 4325
"../../../../../../UnrealProyects/MotoresComerciales/Motorescomerciales1/MotoresComerciales/Content/ModelsStudio/White_002.uasset" 4326
"C:/UnrealProyects/MotoresComerciales/Motorescomerciales1/MotoresComerciales/Content/Houses/House1/Gutter.uasset" 4327
"C:/UnrealProyects/MotoresComerciales/Motorescomerciales1/MotoresComerciales/Content/FoliageLandscape/WildGrass/Wild_Grass_vlkhcbxia_Mid_vlkhcbxia_VarG_LOD3.uasset" 4328
"C:/UnrealProyects/MotoresComerciales/Motorescomerciales1/MotoresComerciales/Content/FoliageLandscape/WildGrass/Wild_Grass_vlkhcbxia_Mid_vlkhcbxia_VarF_LOD3.uasset" 4329
"C:/UnrealProyects/MotoresComerciales/Motorescomerciales1/MotoresComerciales/Content/FoliageLandscape/WildGrass/Wild_Grass_vlkhcbxia_Mid_vlkhcbxia_VarE_LOD3.uasset" 4330
"C:/UnrealProyects/MotoresComerciales/Motorescomerciales1/MotoresComerciales/Content/FoliageLandscape/WildGrass/Wild_Grass_vlkhcbxia_Mid_vlkhcbxia_VarD_LOD3.uasset" 4331
"C:/UnrealProyects/MotoresComerciales/Motorescomerciales1/MotoresComerciales/Content/FoliageLandscape/KikuyuGrass/Atlas.uasset" 4332
"C:/UnrealProyects/MotoresComerciales/Motorescomerciales1/MotoresComerciales/Content/FoliageLandscape/WildGrass/Wild_Grass_vlkhcbxia_Mid_vlkhcbxia_VarC_LOD3.uasset" 4333
"C:/UnrealProyects/MotoresComerciales/Motorescomerciales1/MotoresComerciales/Content/FoliageLandscape/WildGrass/Wild_Grass_vlkhcbxia_Mid_vlkhcbxia_VarA_LOD3.uasset" 4334
"C:/UnrealProyects/MotoresComerciales/Motorescomerciales1/MotoresComerciales/Content/FoliageLandscape/WildGrass/Wild_Grass_vlkhcbxia_Mid_vlkhcbxia_VarB_LOD3.uasset" 4335
"../../../../../../UnrealProyects/MotoresComerciales/Motorescomerciales1/MotoresComerciales/Content/MetaHumans/Common/Female/Medium/NormalWeight/Body/metahuman_base_skel.uasset" 4336
"C:/UnrealProyects/MotoresComerciales/Motorescomerciales1/MotoresComerciales/Content/FoliageLandscape/StoneFlore/MatID_1.uasset" 4337
"C:/UnrealProyects/MotoresComerciales/Motorescomerciales1/MotoresComerciales/Content/FoliageLandscape/KikuyuGrass/Kikuyu_Grass_wiljearqx_Mid_wiljearqx_VarH_LOD3.uasset" 4338
"C:/UnrealProyects/MotoresComerciales/Motorescomerciales1/MotoresComerciales/Content/FoliageLandscape/KikuyuGrass/Kikuyu_Grass_wiljearqx_Mid_wiljearqx_VarG_LOD3.uasset" 4339
"C:/UnrealProyects/MotoresComerciales/Motorescomerciales1/MotoresComerciales/Content/FoliageLandscape/KikuyuGrass/Kikuyu_Grass_wiljearqx_Mid_wiljearqx_VarF_LOD3.uasset" 4340
"C:/UnrealProyects/MotoresComerciales/Motorescomerciales1/MotoresComerciales/Content/FoliageLandscape/KikuyuGrass/Kikuyu_Grass_wiljearqx_Mid_wiljearqx_VarE_LOD3.uasset" 4341
"../../../../../../UnrealProyects/MotoresComerciales/Motorescomerciales1/MotoresComerciales/Content/MetaHumans/Common/Face/Materials/M_EyeOcclusion.uasset" 4342
"../../../../../../UnrealProyects/MotoresComerciales/Motorescomerciales1/MotoresComerciales/Content/MetaHumans/Common/Controls/M_RigControlActor_Black.uasset" 4343
"C:/UnrealProyects/MotoresComerciales/Motorescomerciales1/MotoresComerciales/Content/FoliageLandscape/KikuyuGrass/Kikuyu_Grass_wiljearqx_Mid_wiljearqx_VarC_LOD3.uasset" 4344
"C:/UnrealProyects/MotoresComerciales/Motorescomerciales1/MotoresComerciales/Content/FoliageLandscape/KikuyuGrass/Kikuyu_Grass_wiljearqx_Mid_wiljearqx_VarD_LOD3.uasset" 4345
"../../../../../../UnrealProyects/MotoresComerciales/Motorescomerciales1/MotoresComerciales/Content/MetaHumans/Common/Common/RTG_metahuman.uasset" 4346
"C:/UnrealProyects/MotoresComerciales/Motorescomerciales1/MotoresComerciales/Content/FoliageLandscape/KikuyuGrass/Kikuyu_Grass_wiljearqx_Mid_wiljearqx_VarB_LOD3.uasset" 4347
"C:/UnrealProyects/MotoresComerciales/Motorescomerciales1/MotoresComerciales/Content/FoliageLandscape/KikuyuGrass/Kikuyu_Grass_wiljearqx_Mid_wiljearqx_VarA_LOD3.uasset" 4348
"C:/UnrealProyects/MotoresComerciales/Motorescomerciales1/MotoresComerciales/Content/Characters/Mannequin_UE4/Materials/Layers/ML_ShinyPlastic_Beige_Logo.uasset" 4349
"C:/UnrealProyects/MotoresComerciales/Motorescomerciales1/MotoresComerciales/Content/Characters/Mannequin_UE4/Materials/Layers/ML_Latex_Black.uasset" 4350
"../../../../../../UnrealProyects/MotoresComerciales/Motorescomerciales1/MotoresComerciales/Content/MetaHumans/Common/Common/IK_metahuman.uasset" 4351
"../../../../../../UnrealProyects/MotoresComerciales/Motorescomerciales1/MotoresComerciales/Content/LevelPrototyping/Materials/M_Solid.uasset" 4352
"C:/UnrealProyects/MotoresComerciales/Motorescomerciales1/MotoresComerciales/Content/ThirdPerson/Input/IMC_Default.uasset" 4353
"C:/UnrealProyects/MotoresComerciales/Motorescomerciales1/MotoresComerciales/Content/Characters/Mannequins/Materials/Functions/CA_Mannequin.uasset" 4354
"C:/UnrealProyects/MotoresComerciales/Motorescomerciales1/MotoresComerciales/Content/Characters/Mannequin_UE4/Materials/Layers/ML_SoftMetal.uasset" 4355
"../../../../../../UnrealProyects/MotoresComerciales/Motorescomerciales1/MotoresComerciales/Content/FoliageLandscape/WildGrass/Billboard.uasset" 4356
"C:/UnrealProyects/MotoresComerciales/Motorescomerciales1/MotoresComerciales/Content/Audio/Owl_Sound/BP_BuhoAleatorio.uasset" 4357
"../../../Engine/Plugins/Interchange/Runtime/Content/Functions/MX_Surface.uasset" 4358
"../../../../../../UnrealProyects/MotoresComerciales/Motorescomerciales1/MotoresComerciales/Content/FoliageLandscape/KikuyuGrass/Billboard.uasset" 4359
"C:/UnrealProyects/MotoresComerciales/Motorescomerciales1/MotoresComerciales/Content/Audio/Ambience/Ambience_Forest_Town.uasset" 4360
"../../../Engine/Content/EngineMaterials/PPM_DefaultCalibrationColor.uasset" 4361
"../../../Engine/Content/EngineMaterials/PPM_DefaultCalibrationGrayscale.uasset" 4362
"../../../Engine/Content/MobileResources/HUD/DefaultVirtualJoysticks.uasset" 4363
"../../../../../../UnrealProyects/MotoresComerciales/Motorescomerciales1/MotoresComerciales/Content/Characters/Mannequin_UE4/Input/IA_Ragdoll.uasset" 4364
"../../../Engine/Content/EngineMaterials/Substrate/Volume/SubstrateSimpleVolumeLUT3D.uasset" 4365
"../../../Engine/Content/EditorMaterials/PreviewShadowIndicatorMaterial.uasset" 4366
"../../../Engine/Content/EngineMaterials/Substrate/Volume/SubstrateSimpleVolumeEnvLUT3D.uasset" 4367
"../../../../../../UnrealProyects/MotoresComerciales/Motorescomerciales1/MotoresComerciales/Content/ThirdPerson/Input/Actions/IA_Jump.uasset" 4368
"../../../../../../UnrealProyects/MotoresComerciales/Motorescomerciales1/MotoresComerciales/Content/ThirdPerson/Input/Actions/IA_Look.uasset" 4369
"../../../Engine/Content/EngineMaterials/Substrate/GLints2/AGlintTex2dArray2.uasset" 4370
"C:/UnrealProyects/MotoresComerciales/Motorescomerciales1/MotoresComerciales/Content/PN_interactiveSpruceForest/Blueprints/PN_GlobalUpdater.uasset" 4371
"../../../../../../UnrealProyects/MotoresComerciales/Motorescomerciales1/MotoresComerciales/Content/ThirdPerson/Input/Actions/IA_Move.uasset" 4372
"C:/UnrealProyects/MotoresComerciales/Motorescomerciales1/MotoresComerciales/Content/MetaHumans/Common/Common/Utilities/MH_CR_Picker.uasset" 4373
"../../../Engine/Content/EngineMaterials/Substrate/GLints/AGlintTex2dArray.uasset" 4374
"C:/UnrealProyects/MotoresComerciales/Motorescomerciales1/MotoresComerciales/Content/MetaHumans/Common/Materials/M_BodySkin.uasset" 4375
"../../../../../../UnrealProyects/MotoresComerciales/Motorescomerciales1/MotoresComerciales/Content/Characters/Mannequins/Materials/Functions/ChromaticCurve.uasset" 4376
"../../../Engine/Content/Functions/MaterialLayerFunctions/MatLayerBlend_NormalBlend.uasset" 4377
"C:/UnrealProyects/MotoresComerciales/Motorescomerciales1/MotoresComerciales/Content/StylizedKitchen/Materials/MM_Grass.uasset" 4378
"../../../Engine/Content/Functions/Engine_MaterialFunctions01/ImageAdjustment/CheapContrast.uasset" 4379
"C:/UnrealProyects/MotoresComerciales/Motorescomerciales1/MotoresComerciales/Content/PN_interactiveSpruceForest/Materials/MaterialFunctions/PN_Bending.uasset" 4380
"../../../Engine/Content/Functions/Engine_MaterialFunctions02/Lerp_Multiple_Float.uasset" 4381
"../../../Engine/Content/Functions/Engine_MaterialFunctions02/Masking/ThresholdWithRange.uasset" 4382
"../../../Engine/Content/Functions/Engine_MaterialFunctions02/Gradients/SmoothCurve.uasset" 4383
"../../../Engine/Content/Functions/Engine_MaterialFunctions03/Blends/Blend_Overlay.uasset" 4384
"../../../Engine/Content/Functions/Engine_MaterialFunctions02/Lerp_Multiple_Float2.uasset" 4385
"../../../Engine/Content/ArtTools/RenderToTexture/MaterialFunctions/FoliageZRotation.uasset" 4386
"../../../Engine/Content/Functions/Engine_MaterialFunctions02/Utility/Round.uasset" 4387
"../../../Engine/Content/Functions/Engine_MaterialFunctions03/Blends/Blend_Lighten.uasset" 4388
"C:/UnrealProyects/MotoresComerciales/Motorescomerciales1/MotoresComerciales/Content/Characters/Mannequins/Animations/Manny/MM_Walk_InPlace.uasset" 4389
"../../../Engine/Content/Functions/Engine_MaterialFunctions03/Blends/Blend_SoftLight.uasset" 4390
"C:/UnrealProyects/MotoresComerciales/Motorescomerciales1/MotoresComerciales/Content/MetaHumans/Common/Common/Mocap/mh_arkit_mapping_anim.uasset" 4391
"C:/UnrealProyects/MotoresComerciales/Motorescomerciales1/MotoresComerciales/Content/MetaHumans/Common/Male/Medium/NormalWeight/Poses/m_med_nrw_upperarm_r_anim.uasset" 4392
"C:/UnrealProyects/MotoresComerciales/Motorescomerciales1/MotoresComerciales/Content/MetaHumans/Common/Male/Medium/NormalWeight/Poses/m_med_nrw_thumb_03_l_anim.uasset" 4393
"C:/UnrealProyects/MotoresComerciales/Motorescomerciales1/MotoresComerciales/Content/MetaHumans/Common/Male/Medium/NormalWeight/Poses/m_med_nrw_upperarm_l_anim.uasset" 4394
"../../../Engine/Content/Functions/MaterialLayerFunctions/MatLayerBlend_OverrideOpacity.uasset" 4395
"C:/UnrealProyects/MotoresComerciales/Motorescomerciales1/MotoresComerciales/Content/MetaHumans/Common/Male/Medium/NormalWeight/Poses/m_med_nrw_thumb_02_r_anim.uasset" 4396
"C:/UnrealProyects/MotoresComerciales/Motorescomerciales1/MotoresComerciales/Content/MetaHumans/Common/Male/Medium/NormalWeight/Poses/m_med_nrw_thumb_02_l_anim.uasset" 4397
"C:/UnrealProyects/MotoresComerciales/Motorescomerciales1/MotoresComerciales/Content/MetaHumans/Common/Male/Medium/NormalWeight/Poses/m_med_nrw_thumb_01_l_anim.uasset" 4398
"C:/UnrealProyects/MotoresComerciales/Motorescomerciales1/MotoresComerciales/Content/MetaHumans/Common/Male/Medium/NormalWeight/Poses/m_med_nrw_thumb_01_r_anim.uasset" 4399
"../../../Engine/Content/EngineMaterials/Substrate/Volume/SubstrateSimpleVolumeEnvLUT2D.uasset" 4400
"C:/UnrealProyects/MotoresComerciales/Motorescomerciales1/MotoresComerciales/Content/MetaHumans/Common/Male/Medium/NormalWeight/Poses/m_med_nrw_thigh_l_anim.uasset" 4401
"../../../Engine/Content/EngineMaterials/Substrate/Volume/SubstrateSimpleVolumeLUT2D.uasset" 4402
"C:/UnrealProyects/MotoresComerciales/Motorescomerciales1/MotoresComerciales/Content/MetaHumans/Common/Male/Medium/NormalWeight/Poses/m_med_nrw_thumb_03_r_anim.uasset" 4403
"C:/UnrealProyects/MotoresComerciales/Motorescomerciales1/MotoresComerciales/Content/MetaHumans/Common/Male/Medium/NormalWeight/Poses/m_med_nrw_thigh_r_anim.uasset" 4404
"C:/UnrealProyects/MotoresComerciales/Motorescomerciales1/MotoresComerciales/Content/MetaHumans/Common/Male/Medium/NormalWeight/Poses/m_med_nrw_ring_03_r_anim.uasset" 4405
"../../../Engine/Content/EngineMaterials/Substrate/Glints2/dict_0000_0000.uasset" 4406
"../../../Engine/Content/EngineMaterials/Substrate/Glints2/dict_0000_0001.uasset" 4407
"../../../Engine/Content/EngineMaterials/Substrate/Glints2/dict_0000_0002.uasset" 4408
"../../../Engine/Content/EngineMaterials/Substrate/Glints2/dict_0000_0003.uasset" 4409
"../../../Engine/Content/EngineMaterials/Substrate/Glints2/dict_0000_0004.uasset" 4410
"../../../Engine/Content/EngineMaterials/Substrate/Glints2/dict_0000_0005.uasset" 4411
"../../../Engine/Content/EngineMaterials/Substrate/Glints2/dict_0000_0006.uasset" 4412
"../../../Engine/Content/EngineMaterials/Substrate/Glints2/dict_0000_0007.uasset" 4413
"../../../Engine/Content/EngineMaterials/Substrate/Glints2/dict_0000_0008.uasset" 4414
"../../../Engine/Content/EngineMaterials/Substrate/Glints2/dict_0000_0009.uasset" 4415
"../../../Engine/Content/EngineMaterials/Substrate/Glints2/dict_0000_0010.uasset" 4416
"../../../Engine/Content/EngineMaterials/Substrate/Glints2/dict_0000_0011.uasset" 4417
"../../../Engine/Content/EngineMaterials/Substrate/Glints2/dict_0000_0012.uasset" 4418
"../../../Engine/Content/EngineMaterials/Substrate/Glints2/dict_0000_0013.uasset" 4419
"../../../Engine/Content/EngineMaterials/Substrate/Glints2/dict_0000_0014.uasset" 4420
"../../../Engine/Content/EngineMaterials/Substrate/Glints2/dict_0000_0015.uasset" 4421
"../../../Engine/Content/EngineMaterials/Substrate/Glints2/dict_0000_0016.uasset" 4422
"../../../Engine/Content/EngineMaterials/Substrate/Glints2/dict_0000_0017.uasset" 4423
"../../../Engine/Content/EngineMaterials/Substrate/Glints2/dict_0000_0018.uasset" 4424
"../../../Engine/Content/EngineMaterials/Substrate/Glints2/dict_0000_0019.uasset" 4425
"../../../Engine/Content/EngineMaterials/Substrate/Glints2/dict_0000_0020.uasset" 4426
"../../../Engine/Content/EngineMaterials/Substrate/Glints2/dict_0000_0021.uasset" 4427
"../../../Engine/Content/EngineMaterials/Substrate/Glints2/dict_0000_0022.uasset" 4428
"../../../Engine/Content/EngineMaterials/Substrate/Glints2/dict_0000_0023.uasset" 4429
"../../../Engine/Content/EngineMaterials/Substrate/Glints2/dict_0000_0024.uasset" 4430
"../../../Engine/Content/EngineMaterials/Substrate/Glints2/dict_0000_0025.uasset" 4431
"../../../Engine/Content/EngineMaterials/Substrate/Glints2/dict_0000_0026.uasset" 4432
"../../../Engine/Content/EngineMaterials/Substrate/Glints2/dict_0000_0027.uasset" 4433
"../../../Engine/Content/EngineMaterials/Substrate/Glints2/dict_0000_0028.uasset" 4434
"../../../Engine/Content/EngineMaterials/Substrate/Glints2/dict_0000_0029.uasset" 4435
"../../../Engine/Content/EngineMaterials/Substrate/Glints2/dict_0000_0030.uasset" 4436
"../../../Engine/Content/EngineMaterials/Substrate/Glints2/dict_0000_0031.uasset" 4437
"../../../Engine/Content/EngineMaterials/Substrate/Glints2/dict_0000_0032.uasset" 4438
"../../../Engine/Content/EngineMaterials/Substrate/Glints2/dict_0000_0033.uasset" 4439
"../../../Engine/Content/EngineMaterials/Substrate/Glints2/dict_0000_0034.uasset" 4440
"../../../Engine/Content/EngineMaterials/Substrate/Glints2/dict_0000_0035.uasset" 4441
"../../../Engine/Content/EngineMaterials/Substrate/Glints2/dict_0000_0036.uasset" 4442
"../../../Engine/Content/EngineMaterials/Substrate/Glints2/dict_0000_0037.uasset" 4443
"../../../Engine/Content/EngineMaterials/Substrate/Glints2/dict_0000_0038.uasset" 4444
"../../../Engine/Content/EngineMaterials/Substrate/Glints2/dict_0000_0039.uasset" 4445
"../../../Engine/Content/EngineMaterials/Substrate/Glints2/dict_0000_0040.uasset" 4446
"../../../Engine/Content/EngineMaterials/Substrate/Glints2/dict_0000_0041.uasset" 4447
"../../../Engine/Content/EngineMaterials/Substrate/Glints2/dict_0000_0042.uasset" 4448
"../../../Engine/Content/EngineMaterials/Substrate/Glints2/dict_0000_0043.uasset" 4449
"../../../Engine/Content/EngineMaterials/Substrate/Glints2/dict_0000_0044.uasset" 4450
"../../../Engine/Content/EngineMaterials/Substrate/Glints2/dict_0000_0045.uasset" 4451
"../../../Engine/Content/EngineMaterials/Substrate/Glints2/dict_0000_0046.uasset" 4452
"../../../Engine/Content/EngineMaterials/Substrate/Glints2/dict_0000_0047.uasset" 4453
"../../../Engine/Content/EngineMaterials/Substrate/Glints2/dict_0000_0048.uasset" 4454
"../../../Engine/Content/EngineMaterials/Substrate/Glints2/dict_0000_0049.uasset" 4455
"../../../Engine/Content/EngineMaterials/Substrate/Glints2/dict_0000_0050.uasset" 4456
"../../../Engine/Content/EngineMaterials/Substrate/Glints2/dict_0000_0051.uasset" 4457
"../../../Engine/Content/EngineMaterials/Substrate/Glints2/dict_0000_0052.uasset" 4458
"../../../Engine/Content/EngineMaterials/Substrate/Glints2/dict_0000_0053.uasset" 4459
"../../../Engine/Content/EngineMaterials/Substrate/Glints2/dict_0000_0054.uasset" 4460
"../../../Engine/Content/EngineMaterials/Substrate/Glints2/dict_0000_0055.uasset" 4461
"../../../Engine/Content/EngineMaterials/Substrate/Glints2/dict_0000_0056.uasset" 4462
"../../../Engine/Content/EngineMaterials/Substrate/Glints2/dict_0000_0057.uasset" 4463
"../../../Engine/Content/EngineMaterials/Substrate/Glints2/dict_0000_0058.uasset" 4464
"../../../Engine/Content/EngineMaterials/Substrate/Glints2/dict_0000_0059.uasset" 4465
"../../../Engine/Content/EngineMaterials/Substrate/Glints2/dict_0000_0060.uasset" 4466
"../../../Engine/Content/EngineMaterials/Substrate/Glints2/dict_0000_0061.uasset" 4467
"../../../Engine/Content/EngineMaterials/Substrate/Glints2/dict_0000_0062.uasset" 4468
"../../../Engine/Content/EngineMaterials/Substrate/Glints2/dict_0000_0063.uasset" 4469
"../../../Engine/Content/EngineMaterials/Substrate/Glints2/dict_0000_0064.uasset" 4470
"../../../Engine/Content/EngineMaterials/Substrate/Glints2/dict_0000_0065.uasset" 4471
"../../../Engine/Content/EngineMaterials/Substrate/Glints2/dict_0000_0066.uasset" 4472
"../../../Engine/Content/EngineMaterials/Substrate/Glints2/dict_0000_0067.uasset" 4473
"../../../Engine/Content/EngineMaterials/Substrate/Glints2/dict_0000_0068.uasset" 4474
"../../../Engine/Content/EngineMaterials/Substrate/Glints2/dict_0000_0069.uasset" 4475
"../../../Engine/Content/EngineMaterials/Substrate/Glints2/dict_0000_0070.uasset" 4476
"../../../Engine/Content/EngineMaterials/Substrate/Glints2/dict_0000_0071.uasset" 4477
"../../../Engine/Content/EngineMaterials/Substrate/Glints2/dict_0000_0072.uasset" 4478
"../../../Engine/Content/EngineMaterials/Substrate/Glints2/dict_0000_0073.uasset" 4479
"../../../Engine/Content/EngineMaterials/Substrate/Glints2/dict_0000_0074.uasset" 4480
"../../../Engine/Content/EngineMaterials/Substrate/Glints2/dict_0000_0075.uasset" 4481
"../../../Engine/Content/EngineMaterials/Substrate/Glints2/dict_0000_0076.uasset" 4482
"../../../Engine/Content/EngineMaterials/Substrate/Glints2/dict_0000_0077.uasset" 4483
"../../../Engine/Content/EngineMaterials/Substrate/Glints2/dict_0000_0078.uasset" 4484
"../../../Engine/Content/EngineMaterials/Substrate/Glints2/dict_0000_0079.uasset" 4485
"../../../Engine/Content/EngineMaterials/Substrate/Glints2/dict_0000_0080.uasset" 4486
"../../../Engine/Content/EngineMaterials/Substrate/Glints2/dict_0000_0081.uasset" 4487
"../../../Engine/Content/EngineMaterials/Substrate/Glints2/dict_0000_0082.uasset" 4488
"../../../Engine/Content/EngineMaterials/Substrate/Glints2/dict_0000_0083.uasset" 4489
"../../../Engine/Content/EngineMaterials/Substrate/Glints2/dict_0000_0084.uasset" 4490
"../../../Engine/Content/EngineMaterials/Substrate/Glints2/dict_0000_0085.uasset" 4491
"../../../Engine/Content/EngineMaterials/Substrate/Glints2/dict_0000_0086.uasset" 4492
"../../../Engine/Content/EngineMaterials/Substrate/Glints2/dict_0000_0087.uasset" 4493
"../../../Engine/Content/EngineMaterials/Substrate/Glints2/dict_0000_0088.uasset" 4494
"../../../Engine/Content/EngineMaterials/Substrate/Glints2/dict_0000_0089.uasset" 4495
"../../../Engine/Content/EngineMaterials/Substrate/Glints2/dict_0000_0090.uasset" 4496
"../../../Engine/Content/EngineMaterials/Substrate/Glints2/dict_0000_0091.uasset" 4497
"../../../Engine/Content/EngineMaterials/Substrate/Glints2/dict_0000_0092.uasset" 4498
"../../../Engine/Content/EngineMaterials/Substrate/Glints2/dict_0000_0093.uasset" 4499
"../../../Engine/Content/EngineMaterials/Substrate/Glints2/dict_0000_0094.uasset" 4500
"../../../Engine/Content/EngineMaterials/Substrate/Glints2/dict_0000_0095.uasset" 4501
"../../../Engine/Content/EngineMaterials/Substrate/Glints2/dict_0000_0096.uasset" 4502
"../../../Engine/Content/EngineMaterials/Substrate/Glints2/dict_0000_0097.uasset" 4503
"../../../Engine/Content/EngineMaterials/Substrate/Glints2/dict_0000_0098.uasset" 4504
"../../../Engine/Content/EngineMaterials/Substrate/Glints2/dict_0000_0099.uasset" 4505
"../../../Engine/Content/EngineMaterials/Substrate/Glints2/dict_0000_0100.uasset" 4506
"../../../Engine/Content/EngineMaterials/Substrate/Glints2/dict_0000_0101.uasset" 4507
"../../../Engine/Content/EngineMaterials/Substrate/Glints2/dict_0000_0102.uasset" 4508
"../../../Engine/Content/EngineMaterials/Substrate/Glints2/dict_0000_0103.uasset" 4509
"../../../Engine/Content/EngineMaterials/Substrate/Glints2/dict_0000_0104.uasset" 4510
"../../../Engine/Content/EngineMaterials/Substrate/Glints2/dict_0000_0105.uasset" 4511
"../../../Engine/Content/EngineMaterials/Substrate/Glints2/dict_0000_0106.uasset" 4512
"../../../Engine/Content/EngineMaterials/Substrate/Glints2/dict_0000_0107.uasset" 4513
"../../../Engine/Content/EngineMaterials/Substrate/Glints2/dict_0000_0108.uasset" 4514
"../../../Engine/Content/EngineMaterials/Substrate/Glints2/dict_0000_0109.uasset" 4515
"../../../Engine/Content/EngineMaterials/Substrate/Glints2/dict_0000_0110.uasset" 4516
"../../../Engine/Content/EngineMaterials/Substrate/Glints2/dict_0000_0111.uasset" 4517
"../../../Engine/Content/EngineMaterials/Substrate/Glints2/dict_0000_0112.uasset" 4518
"../../../Engine/Content/EngineMaterials/Substrate/Glints2/dict_0000_0113.uasset" 4519
"../../../Engine/Content/EngineMaterials/Substrate/Glints2/dict_0000_0114.uasset" 4520
"../../../Engine/Content/EngineMaterials/Substrate/Glints2/dict_0000_0115.uasset" 4521
"../../../Engine/Content/EngineMaterials/Substrate/Glints2/dict_0000_0116.uasset" 4522
"../../../Engine/Content/EngineMaterials/Substrate/Glints2/dict_0000_0117.uasset" 4523
"../../../Engine/Content/EngineMaterials/Substrate/Glints2/dict_0000_0118.uasset" 4524
"../../../Engine/Content/EngineMaterials/Substrate/Glints2/dict_0000_0119.uasset" 4525
"../../../Engine/Content/EngineMaterials/Substrate/Glints2/dict_0000_0120.uasset" 4526
"../../../Engine/Content/EngineMaterials/Substrate/Glints2/dict_0000_0121.uasset" 4527
"../../../Engine/Content/EngineMaterials/Substrate/Glints2/dict_0000_0122.uasset" 4528
"../../../Engine/Content/EngineMaterials/Substrate/Glints2/dict_0000_0123.uasset" 4529
"../../../Engine/Content/EngineMaterials/Substrate/Glints2/dict_0000_0124.uasset" 4530
"../../../Engine/Content/EngineMaterials/Substrate/Glints2/dict_0000_0125.uasset" 4531
"../../../Engine/Content/EngineMaterials/Substrate/Glints2/dict_0000_0126.uasset" 4532
"../../../Engine/Content/EngineMaterials/Substrate/Glints2/dict_0000_0127.uasset" 4533
"../../../Engine/Content/EngineMaterials/Substrate/Glints2/dict_0000_0128.uasset" 4534
"../../../Engine/Content/EngineMaterials/Substrate/Glints2/dict_0000_0129.uasset" 4535
"../../../Engine/Content/EngineMaterials/Substrate/Glints2/dict_0000_0130.uasset" 4536
"../../../Engine/Content/EngineMaterials/Substrate/Glints2/dict_0000_0131.uasset" 4537
"../../../Engine/Content/EngineMaterials/Substrate/Glints2/dict_0000_0132.uasset" 4538
"../../../Engine/Content/EngineMaterials/Substrate/Glints2/dict_0000_0133.uasset" 4539
"../../../Engine/Content/EngineMaterials/Substrate/Glints2/dict_0000_0134.uasset" 4540
"../../../Engine/Content/EngineMaterials/Substrate/Glints2/dict_0000_0135.uasset" 4541
"../../../Engine/Content/EngineMaterials/Substrate/Glints2/dict_0000_0136.uasset" 4542
"../../../Engine/Content/EngineMaterials/Substrate/Glints2/dict_0000_0137.uasset" 4543
"../../../Engine/Content/EngineMaterials/Substrate/Glints2/dict_0000_0138.uasset" 4544
"../../../Engine/Content/EngineMaterials/Substrate/Glints2/dict_0000_0139.uasset" 4545
"../../../Engine/Content/EngineMaterials/Substrate/Glints2/dict_0000_0140.uasset" 4546
"../../../Engine/Content/EngineMaterials/Substrate/Glints2/dict_0000_0141.uasset" 4547
"../../../Engine/Content/EngineMaterials/Substrate/Glints2/dict_0000_0142.uasset" 4548
"../../../Engine/Content/EngineMaterials/Substrate/Glints2/dict_0000_0143.uasset" 4549
"../../../Engine/Content/EngineMaterials/Substrate/Glints2/dict_0000_0144.uasset" 4550
"../../../Engine/Content/EngineMaterials/Substrate/Glints2/dict_0000_0145.uasset" 4551
"../../../Engine/Content/EngineMaterials/Substrate/Glints2/dict_0000_0146.uasset" 4552
"../../../Engine/Content/EngineMaterials/Substrate/Glints2/dict_0000_0147.uasset" 4553
"../../../Engine/Content/EngineMaterials/Substrate/Glints2/dict_0000_0148.uasset" 4554
"../../../Engine/Content/EngineMaterials/Substrate/Glints2/dict_0000_0149.uasset" 4555
"../../../Engine/Content/EngineMaterials/Substrate/Glints2/dict_0000_0150.uasset" 4556
"../../../Engine/Content/EngineMaterials/Substrate/Glints2/dict_0000_0151.uasset" 4557
"../../../Engine/Content/EngineMaterials/Substrate/Glints2/dict_0000_0152.uasset" 4558
"../../../Engine/Content/EngineMaterials/Substrate/Glints2/dict_0000_0153.uasset" 4559
"../../../Engine/Content/EngineMaterials/Substrate/Glints2/dict_0000_0154.uasset" 4560
"../../../Engine/Content/EngineMaterials/Substrate/Glints2/dict_0000_0155.uasset" 4561
"../../../Engine/Content/EngineMaterials/Substrate/Glints2/dict_0000_0156.uasset" 4562
"../../../Engine/Content/EngineMaterials/Substrate/Glints2/dict_0000_0157.uasset" 4563
"../../../Engine/Content/EngineMaterials/Substrate/Glints2/dict_0000_0158.uasset" 4564
"../../../Engine/Content/EngineMaterials/Substrate/Glints2/dict_0000_0159.uasset" 4565
"../../../Engine/Content/EngineMaterials/Substrate/Glints2/dict_0000_0160.uasset" 4566
"../../../Engine/Content/EngineMaterials/Substrate/Glints2/dict_0000_0161.uasset" 4567
"../../../Engine/Content/EngineMaterials/Substrate/Glints2/dict_0000_0162.uasset" 4568
"../../../Engine/Content/EngineMaterials/Substrate/Glints2/dict_0000_0163.uasset" 4569
"../../../Engine/Content/EngineMaterials/Substrate/Glints2/dict_0000_0164.uasset" 4570
"../../../Engine/Content/EngineMaterials/Substrate/Glints2/dict_0000_0165.uasset" 4571
"../../../Engine/Content/EngineMaterials/Substrate/Glints2/dict_0000_0166.uasset" 4572
"../../../Engine/Content/EngineMaterials/Substrate/Glints2/dict_0000_0167.uasset" 4573
"../../../Engine/Content/EngineMaterials/Substrate/Glints2/dict_0000_0168.uasset" 4574
"../../../Engine/Content/EngineMaterials/Substrate/Glints2/dict_0000_0169.uasset" 4575
"../../../Engine/Content/EngineMaterials/Substrate/Glints2/dict_0000_0170.uasset" 4576
"../../../Engine/Content/EngineMaterials/Substrate/Glints2/dict_0000_0171.uasset" 4577
"../../../Engine/Content/EngineMaterials/Substrate/Glints2/dict_0000_0172.uasset" 4578
"../../../Engine/Content/EngineMaterials/Substrate/Glints2/dict_0000_0173.uasset" 4579
"../../../Engine/Content/EngineMaterials/Substrate/Glints2/dict_0000_0174.uasset" 4580
"../../../Engine/Content/EngineMaterials/Substrate/Glints2/dict_0000_0175.uasset" 4581
"../../../Engine/Content/EngineMaterials/Substrate/Glints2/dict_0000_0176.uasset" 4582
"../../../Engine/Content/EngineMaterials/Substrate/Glints2/dict_0000_0177.uasset" 4583
"../../../Engine/Content/EngineMaterials/Substrate/Glints2/dict_0000_0178.uasset" 4584
"../../../Engine/Content/EngineMaterials/Substrate/Glints2/dict_0000_0179.uasset" 4585
"../../../Engine/Content/EngineMaterials/Substrate/Glints2/dict_0000_0180.uasset" 4586
"../../../Engine/Content/EngineMaterials/Substrate/Glints2/dict_0000_0181.uasset" 4587
"../../../Engine/Content/EngineMaterials/Substrate/Glints2/dict_0000_0182.uasset" 4588
"../../../Engine/Content/EngineMaterials/Substrate/Glints2/dict_0000_0183.uasset" 4589
"../../../Engine/Content/EngineMaterials/Substrate/Glints2/dict_0000_0184.uasset" 4590
"../../../Engine/Content/EngineMaterials/Substrate/Glints2/dict_0000_0185.uasset" 4591
"../../../Engine/Content/EngineMaterials/Substrate/Glints2/dict_0000_0186.uasset" 4592
"../../../Engine/Content/EngineMaterials/Substrate/Glints2/dict_0000_0187.uasset" 4593
"../../../Engine/Content/EngineMaterials/Substrate/Glints2/dict_0000_0188.uasset" 4594
"../../../Engine/Content/EngineMaterials/Substrate/Glints2/dict_0000_0189.uasset" 4595
"../../../Engine/Content/EngineMaterials/Substrate/Glints2/dict_0000_0190.uasset" 4596
"../../../Engine/Content/EngineMaterials/Substrate/Glints2/dict_0000_0191.uasset" 4597
"../../../Engine/Content/EngineMaterials/Substrate/Glints2/dict_0000_0192.uasset" 4598
"../../../Engine/Content/EngineMaterials/Substrate/Glints2/dict_0000_0193.uasset" 4599
"../../../Engine/Content/EngineMaterials/Substrate/Glints2/dict_0000_0194.uasset" 4600
"../../../Engine/Content/EngineMaterials/Substrate/Glints2/dict_0000_0195.uasset" 4601
"../../../Engine/Content/EngineMaterials/Substrate/Glints2/dict_0000_0196.uasset" 4602
"../../../Engine/Content/EngineMaterials/Substrate/Glints2/dict_0000_0197.uasset" 4603
"../../../Engine/Content/EngineMaterials/Substrate/Glints2/dict_0000_0198.uasset" 4604
"../../../Engine/Content/EngineMaterials/Substrate/Glints2/dict_0000_0199.uasset" 4605
"../../../Engine/Content/EngineMaterials/Substrate/Glints2/dict_0000_0200.uasset" 4606
"../../../Engine/Content/EngineMaterials/Substrate/Glints2/dict_0000_0201.uasset" 4607
"../../../Engine/Content/EngineMaterials/Substrate/Glints2/dict_0000_0202.uasset" 4608
"../../../Engine/Content/EngineMaterials/Substrate/Glints2/dict_0000_0203.uasset" 4609
"../../../Engine/Content/EngineMaterials/Substrate/Glints2/dict_0000_0204.uasset" 4610
"../../../Engine/Content/EngineMaterials/Substrate/Glints2/dict_0000_0205.uasset" 4611
"../../../Engine/Content/EngineMaterials/Substrate/Glints2/dict_0000_0206.uasset" 4612
"../../../Engine/Content/EngineMaterials/Substrate/Glints2/dict_0000_0207.uasset" 4613
"../../../Engine/Content/EngineMaterials/Substrate/Glints2/dict_0000_0208.uasset" 4614
"../../../Engine/Content/EngineMaterials/Substrate/Glints2/dict_0000_0209.uasset" 4615
"../../../Engine/Content/EngineMaterials/Substrate/Glints2/dict_0000_0210.uasset" 4616
"../../../Engine/Content/EngineMaterials/Substrate/Glints2/dict_0000_0211.uasset" 4617
"../../../Engine/Content/EngineMaterials/Substrate/Glints2/dict_0000_0212.uasset" 4618
"../../../Engine/Content/EngineMaterials/Substrate/Glints2/dict_0000_0213.uasset" 4619
"../../../Engine/Content/EngineMaterials/Substrate/Glints2/dict_0000_0214.uasset" 4620
"../../../Engine/Content/EngineMaterials/Substrate/Glints2/dict_0000_0215.uasset" 4621
"../../../Engine/Content/EngineMaterials/Substrate/Glints2/dict_0000_0216.uasset" 4622
"../../../Engine/Content/EngineMaterials/Substrate/Glints2/dict_0000_0217.uasset" 4623
"../../../Engine/Content/EngineMaterials/Substrate/Glints2/dict_0000_0218.uasset" 4624
"../../../Engine/Content/EngineMaterials/Substrate/Glints2/dict_0000_0219.uasset" 4625
"../../../Engine/Content/EngineMaterials/Substrate/Glints2/dict_0000_0220.uasset" 4626
"../../../Engine/Content/EngineMaterials/Substrate/Glints2/dict_0000_0221.uasset" 4627
"../../../Engine/Content/EngineMaterials/Substrate/Glints2/dict_0000_0222.uasset" 4628
"../../../Engine/Content/EngineMaterials/Substrate/Glints2/dict_0000_0223.uasset" 4629
"../../../Engine/Content/EngineMaterials/Substrate/Glints2/dict_0000_0224.uasset" 4630
"../../../Engine/Content/EngineMaterials/Substrate/Glints2/dict_0000_0225.uasset" 4631
"../../../Engine/Content/EngineMaterials/Substrate/Glints2/dict_0000_0226.uasset" 4632
"../../../Engine/Content/EngineMaterials/Substrate/Glints2/dict_0000_0227.uasset" 4633
"../../../Engine/Content/EngineMaterials/Substrate/Glints2/dict_0000_0228.uasset" 4634
"../../../Engine/Content/EngineMaterials/Substrate/Glints2/dict_0000_0229.uasset" 4635
"../../../Engine/Content/EngineMaterials/Substrate/Glints2/dict_0000_0230.uasset" 4636
"../../../Engine/Content/EngineMaterials/Substrate/Glints2/dict_0000_0231.uasset" 4637
"../../../Engine/Content/EngineMaterials/Substrate/Glints2/dict_0000_0232.uasset" 4638
"../../../Engine/Content/EngineMaterials/Substrate/Glints2/dict_0000_0233.uasset" 4639
"../../../Engine/Content/EngineMaterials/Substrate/Glints2/dict_0000_0234.uasset" 4640
"../../../Engine/Content/EngineMaterials/Substrate/Glints2/dict_0000_0235.uasset" 4641
"../../../Engine/Content/EngineMaterials/Substrate/Glints2/dict_0000_0236.uasset" 4642
"../../../Engine/Content/EngineMaterials/Substrate/Glints2/dict_0000_0237.uasset" 4643
"../../../Engine/Content/EngineMaterials/Substrate/Glints2/dict_0000_0238.uasset" 4644
"../../../Engine/Content/EngineMaterials/Substrate/Glints2/dict_0000_0239.uasset" 4645
"../../../Engine/Content/EngineMaterials/Substrate/Glints2/dict_0000_0240.uasset" 4646
"../../../Engine/Content/EngineMaterials/Substrate/Glints2/dict_0000_0241.uasset" 4647
"../../../Engine/Content/EngineMaterials/Substrate/Glints2/dict_0000_0242.uasset" 4648
"../../../Engine/Content/EngineMaterials/Substrate/Glints2/dict_0000_0243.uasset" 4649
"../../../Engine/Content/EngineMaterials/Substrate/Glints2/dict_0000_0244.uasset" 4650
"../../../Engine/Content/EngineMaterials/Substrate/Glints2/dict_0000_0245.uasset" 4651
"../../../Engine/Content/EngineMaterials/Substrate/Glints2/dict_0000_0246.uasset" 4652
"../../../Engine/Content/EngineMaterials/Substrate/Glints2/dict_0000_0247.uasset" 4653
"../../../Engine/Content/EngineMaterials/Substrate/Glints2/dict_0000_0248.uasset" 4654
"../../../Engine/Content/EngineMaterials/Substrate/Glints2/dict_0000_0249.uasset" 4655
"../../../Engine/Content/EngineMaterials/Substrate/Glints2/dict_0000_0250.uasset" 4656
"../../../Engine/Content/EngineMaterials/Substrate/Glints2/dict_0000_0251.uasset" 4657
"../../../Engine/Content/EngineMaterials/Substrate/Glints2/dict_0000_0252.uasset" 4658
"../../../Engine/Content/EngineMaterials/Substrate/Glints2/dict_0000_0253.uasset" 4659
"../../../Engine/Content/EngineMaterials/Substrate/Glints2/dict_0000_0254.uasset" 4660
"../../../Engine/Content/EngineMaterials/Substrate/Glints2/dict_0000_0255.uasset" 4661
"../../../Engine/Content/EngineMaterials/Substrate/Glints2/dict_0001_0000.uasset" 4662
"../../../Engine/Content/EngineMaterials/Substrate/Glints2/dict_0001_0001.uasset" 4663
"../../../Engine/Content/EngineMaterials/Substrate/Glints2/dict_0001_0002.uasset" 4664
"../../../Engine/Content/EngineMaterials/Substrate/Glints2/dict_0001_0003.uasset" 4665
"../../../Engine/Content/EngineMaterials/Substrate/Glints2/dict_0001_0004.uasset" 4666
"../../../Engine/Content/EngineMaterials/Substrate/Glints2/dict_0001_0005.uasset" 4667
"../../../Engine/Content/EngineMaterials/Substrate/Glints2/dict_0001_0006.uasset" 4668
"../../../Engine/Content/EngineMaterials/Substrate/Glints2/dict_0001_0007.uasset" 4669
"../../../Engine/Content/EngineMaterials/Substrate/Glints2/dict_0001_0008.uasset" 4670
"../../../Engine/Content/EngineMaterials/Substrate/Glints2/dict_0001_0009.uasset" 4671
"../../../Engine/Content/EngineMaterials/Substrate/Glints2/dict_0001_0010.uasset" 4672
"../../../Engine/Content/EngineMaterials/Substrate/Glints2/dict_0001_0011.uasset" 4673
"../../../Engine/Content/EngineMaterials/Substrate/Glints2/dict_0001_0012.uasset" 4674
"../../../Engine/Content/EngineMaterials/Substrate/Glints2/dict_0001_0013.uasset" 4675
"../../../Engine/Content/EngineMaterials/Substrate/Glints2/dict_0001_0014.uasset" 4676
"../../../Engine/Content/EngineMaterials/Substrate/Glints2/dict_0001_0015.uasset" 4677
"../../../Engine/Content/EngineMaterials/Substrate/Glints2/dict_0001_0016.uasset" 4678
"../../../Engine/Content/EngineMaterials/Substrate/Glints2/dict_0001_0017.uasset" 4679
"../../../Engine/Content/EngineMaterials/Substrate/Glints2/dict_0001_0018.uasset" 4680
"../../../Engine/Content/EngineMaterials/Substrate/Glints2/dict_0001_0019.uasset" 4681
"../../../Engine/Content/EngineMaterials/Substrate/Glints2/dict_0001_0020.uasset" 4682
"../../../Engine/Content/EngineMaterials/Substrate/Glints2/dict_0001_0021.uasset" 4683
"../../../Engine/Content/EngineMaterials/Substrate/Glints2/dict_0001_0022.uasset" 4684
"../../../Engine/Content/EngineMaterials/Substrate/Glints2/dict_0001_0023.uasset" 4685
"../../../Engine/Content/EngineMaterials/Substrate/Glints2/dict_0001_0024.uasset" 4686
"../../../Engine/Content/EngineMaterials/Substrate/Glints2/dict_0001_0025.uasset" 4687
"../../../Engine/Content/EngineMaterials/Substrate/Glints2/dict_0001_0026.uasset" 4688
"../../../Engine/Content/EngineMaterials/Substrate/Glints2/dict_0001_0027.uasset" 4689
"../../../Engine/Content/EngineMaterials/Substrate/Glints2/dict_0001_0028.uasset" 4690
"../../../Engine/Content/EngineMaterials/Substrate/Glints2/dict_0001_0029.uasset" 4691
"../../../Engine/Content/EngineMaterials/Substrate/Glints2/dict_0001_0030.uasset" 4692
"../../../Engine/Content/EngineMaterials/Substrate/Glints2/dict_0001_0031.uasset" 4693
"../../../Engine/Content/EngineMaterials/Substrate/Glints2/dict_0001_0032.uasset" 4694
"../../../Engine/Content/EngineMaterials/Substrate/Glints2/dict_0001_0033.uasset" 4695
"../../../Engine/Content/EngineMaterials/Substrate/Glints2/dict_0001_0034.uasset" 4696
"../../../Engine/Content/EngineMaterials/Substrate/Glints2/dict_0001_0035.uasset" 4697
"../../../Engine/Content/EngineMaterials/Substrate/Glints2/dict_0001_0036.uasset" 4698
"../../../Engine/Content/EngineMaterials/Substrate/Glints2/dict_0001_0037.uasset" 4699
"../../../Engine/Content/EngineMaterials/Substrate/Glints2/dict_0001_0038.uasset" 4700
"../../../Engine/Content/EngineMaterials/Substrate/Glints2/dict_0001_0039.uasset" 4701
"../../../Engine/Content/EngineMaterials/Substrate/Glints2/dict_0001_0040.uasset" 4702
"../../../Engine/Content/EngineMaterials/Substrate/Glints2/dict_0001_0041.uasset" 4703
"../../../Engine/Content/EngineMaterials/Substrate/Glints2/dict_0001_0042.uasset" 4704
"../../../Engine/Content/EngineMaterials/Substrate/Glints2/dict_0001_0043.uasset" 4705
"../../../Engine/Content/EngineMaterials/Substrate/Glints2/dict_0001_0044.uasset" 4706
"../../../Engine/Content/EngineMaterials/Substrate/Glints2/dict_0001_0045.uasset" 4707
"../../../Engine/Content/EngineMaterials/Substrate/Glints2/dict_0001_0046.uasset" 4708
"../../../Engine/Content/EngineMaterials/Substrate/Glints2/dict_0001_0047.uasset" 4709
"../../../Engine/Content/EngineMaterials/Substrate/Glints2/dict_0001_0048.uasset" 4710
"../../../Engine/Content/EngineMaterials/Substrate/Glints2/dict_0001_0049.uasset" 4711
"../../../Engine/Content/EngineMaterials/Substrate/Glints2/dict_0001_0050.uasset" 4712
"../../../Engine/Content/EngineMaterials/Substrate/Glints2/dict_0001_0051.uasset" 4713
"../../../Engine/Content/EngineMaterials/Substrate/Glints2/dict_0001_0052.uasset" 4714
"../../../Engine/Content/EngineMaterials/Substrate/Glints2/dict_0001_0053.uasset" 4715
"../../../Engine/Content/EngineMaterials/Substrate/Glints2/dict_0001_0054.uasset" 4716
"../../../Engine/Content/EngineMaterials/Substrate/Glints2/dict_0001_0055.uasset" 4717
"../../../Engine/Content/EngineMaterials/Substrate/Glints2/dict_0001_0056.uasset" 4718
"../../../Engine/Content/EngineMaterials/Substrate/Glints2/dict_0001_0057.uasset" 4719
"../../../Engine/Content/EngineMaterials/Substrate/Glints2/dict_0001_0058.uasset" 4720
"../../../Engine/Content/EngineMaterials/Substrate/Glints2/dict_0001_0059.uasset" 4721
"../../../Engine/Content/EngineMaterials/Substrate/Glints2/dict_0001_0060.uasset" 4722
"../../../Engine/Content/EngineMaterials/Substrate/Glints2/dict_0001_0061.uasset" 4723
"../../../Engine/Content/EngineMaterials/Substrate/Glints2/dict_0001_0062.uasset" 4724
"../../../Engine/Content/EngineMaterials/Substrate/Glints2/dict_0001_0063.uasset" 4725
"../../../Engine/Content/EngineMaterials/Substrate/Glints2/dict_0001_0064.uasset" 4726
"../../../Engine/Content/EngineMaterials/Substrate/Glints2/dict_0001_0065.uasset" 4727
"../../../Engine/Content/EngineMaterials/Substrate/Glints2/dict_0001_0066.uasset" 4728
"../../../Engine/Content/EngineMaterials/Substrate/Glints2/dict_0001_0067.uasset" 4729
"../../../Engine/Content/EngineMaterials/Substrate/Glints2/dict_0001_0068.uasset" 4730
"../../../Engine/Content/EngineMaterials/Substrate/Glints2/dict_0001_0069.uasset" 4731
"../../../Engine/Content/EngineMaterials/Substrate/Glints2/dict_0001_0070.uasset" 4732
"../../../Engine/Content/EngineMaterials/Substrate/Glints2/dict_0001_0071.uasset" 4733
"../../../Engine/Content/EngineMaterials/Substrate/Glints2/dict_0001_0072.uasset" 4734
"../../../Engine/Content/EngineMaterials/Substrate/Glints2/dict_0001_0073.uasset" 4735
"../../../Engine/Content/EngineMaterials/Substrate/Glints2/dict_0001_0074.uasset" 4736
"../../../Engine/Content/EngineMaterials/Substrate/Glints2/dict_0001_0075.uasset" 4737
"../../../Engine/Content/EngineMaterials/Substrate/Glints2/dict_0001_0076.uasset" 4738
"../../../Engine/Content/EngineMaterials/Substrate/Glints2/dict_0001_0077.uasset" 4739
"../../../Engine/Content/EngineMaterials/Substrate/Glints2/dict_0001_0078.uasset" 4740
"../../../Engine/Content/EngineMaterials/Substrate/Glints2/dict_0001_0079.uasset" 4741
"../../../Engine/Content/EngineMaterials/Substrate/Glints2/dict_0001_0080.uasset" 4742
"../../../Engine/Content/EngineMaterials/Substrate/Glints2/dict_0001_0081.uasset" 4743
"../../../Engine/Content/EngineMaterials/Substrate/Glints2/dict_0001_0082.uasset" 4744
"../../../Engine/Content/EngineMaterials/Substrate/Glints2/dict_0001_0083.uasset" 4745
"../../../Engine/Content/EngineMaterials/Substrate/Glints2/dict_0001_0084.uasset" 4746
"../../../Engine/Content/EngineMaterials/Substrate/Glints2/dict_0001_0085.uasset" 4747
"../../../Engine/Content/EngineMaterials/Substrate/Glints2/dict_0001_0086.uasset" 4748
"../../../Engine/Content/EngineMaterials/Substrate/Glints2/dict_0001_0087.uasset" 4749
"../../../Engine/Content/EngineMaterials/Substrate/Glints2/dict_0001_0088.uasset" 4750
"../../../Engine/Content/EngineMaterials/Substrate/Glints2/dict_0001_0089.uasset" 4751
"../../../Engine/Content/EngineMaterials/Substrate/Glints2/dict_0001_0090.uasset" 4752
"../../../Engine/Content/EngineMaterials/Substrate/Glints2/dict_0001_0091.uasset" 4753
"../../../Engine/Content/EngineMaterials/Substrate/Glints2/dict_0001_0092.uasset" 4754
"../../../Engine/Content/EngineMaterials/Substrate/Glints2/dict_0001_0093.uasset" 4755
"../../../Engine/Content/EngineMaterials/Substrate/Glints2/dict_0001_0094.uasset" 4756
"../../../Engine/Content/EngineMaterials/Substrate/Glints2/dict_0001_0095.uasset" 4757
"../../../Engine/Content/EngineMaterials/Substrate/Glints2/dict_0001_0096.uasset" 4758
"../../../Engine/Content/EngineMaterials/Substrate/Glints2/dict_0001_0097.uasset" 4759
"../../../Engine/Content/EngineMaterials/Substrate/Glints2/dict_0001_0098.uasset" 4760
"../../../Engine/Content/EngineMaterials/Substrate/Glints2/dict_0001_0099.uasset" 4761
"../../../Engine/Content/EngineMaterials/Substrate/Glints2/dict_0001_0100.uasset" 4762
"../../../Engine/Content/EngineMaterials/Substrate/Glints2/dict_0001_0101.uasset" 4763
"../../../Engine/Content/EngineMaterials/Substrate/Glints2/dict_0001_0102.uasset" 4764
"../../../Engine/Content/EngineMaterials/Substrate/Glints2/dict_0001_0103.uasset" 4765
"../../../Engine/Content/EngineMaterials/Substrate/Glints2/dict_0001_0104.uasset" 4766
"../../../Engine/Content/EngineMaterials/Substrate/Glints2/dict_0001_0105.uasset" 4767
"../../../Engine/Content/EngineMaterials/Substrate/Glints2/dict_0001_0106.uasset" 4768
"../../../Engine/Content/EngineMaterials/Substrate/Glints2/dict_0001_0107.uasset" 4769
"../../../Engine/Content/EngineMaterials/Substrate/Glints2/dict_0001_0108.uasset" 4770
"../../../Engine/Content/EngineMaterials/Substrate/Glints2/dict_0001_0109.uasset" 4771
"../../../Engine/Content/EngineMaterials/Substrate/Glints2/dict_0001_0110.uasset" 4772
"../../../Engine/Content/EngineMaterials/Substrate/Glints2/dict_0001_0111.uasset" 4773
"../../../Engine/Content/EngineMaterials/Substrate/Glints2/dict_0001_0112.uasset" 4774
"../../../Engine/Content/EngineMaterials/Substrate/Glints2/dict_0001_0113.uasset" 4775
"../../../Engine/Content/EngineMaterials/Substrate/Glints2/dict_0001_0114.uasset" 4776
"../../../Engine/Content/EngineMaterials/Substrate/Glints2/dict_0001_0115.uasset" 4777
"../../../Engine/Content/EngineMaterials/Substrate/Glints2/dict_0001_0116.uasset" 4778
"../../../Engine/Content/EngineMaterials/Substrate/Glints2/dict_0001_0117.uasset" 4779
"../../../Engine/Content/EngineMaterials/Substrate/Glints2/dict_0001_0118.uasset" 4780
"../../../Engine/Content/EngineMaterials/Substrate/Glints2/dict_0001_0119.uasset" 4781
"../../../Engine/Content/EngineMaterials/Substrate/Glints2/dict_0001_0120.uasset" 4782
"../../../Engine/Content/EngineMaterials/Substrate/Glints2/dict_0001_0121.uasset" 4783
"../../../Engine/Content/EngineMaterials/Substrate/Glints2/dict_0001_0122.uasset" 4784
"../../../Engine/Content/EngineMaterials/Substrate/Glints2/dict_0001_0123.uasset" 4785
"../../../Engine/Content/EngineMaterials/Substrate/Glints2/dict_0001_0124.uasset" 4786
"../../../Engine/Content/EngineMaterials/Substrate/Glints2/dict_0001_0125.uasset" 4787
"../../../Engine/Content/EngineMaterials/Substrate/Glints2/dict_0001_0126.uasset" 4788
"../../../Engine/Content/EngineMaterials/Substrate/Glints2/dict_0001_0127.uasset" 4789
"../../../Engine/Content/EngineMaterials/Substrate/Glints2/dict_0001_0128.uasset" 4790
"../../../Engine/Content/EngineMaterials/Substrate/Glints2/dict_0001_0129.uasset" 4791
"../../../Engine/Content/EngineMaterials/Substrate/Glints2/dict_0001_0130.uasset" 4792
"../../../Engine/Content/EngineMaterials/Substrate/Glints2/dict_0001_0131.uasset" 4793
"../../../Engine/Content/EngineMaterials/Substrate/Glints2/dict_0001_0132.uasset" 4794
"../../../Engine/Content/EngineMaterials/Substrate/Glints2/dict_0001_0133.uasset" 4795
"../../../Engine/Content/EngineMaterials/Substrate/Glints2/dict_0001_0134.uasset" 4796
"../../../Engine/Content/EngineMaterials/Substrate/Glints2/dict_0001_0135.uasset" 4797
"../../../Engine/Content/EngineMaterials/Substrate/Glints2/dict_0001_0136.uasset" 4798
"../../../Engine/Content/EngineMaterials/Substrate/Glints2/dict_0001_0137.uasset" 4799
"../../../Engine/Content/EngineMaterials/Substrate/Glints2/dict_0001_0138.uasset" 4800
"../../../Engine/Content/EngineMaterials/Substrate/Glints2/dict_0001_0139.uasset" 4801
"../../../Engine/Content/EngineMaterials/Substrate/Glints2/dict_0001_0140.uasset" 4802
"../../../Engine/Content/EngineMaterials/Substrate/Glints2/dict_0001_0141.uasset" 4803
"../../../Engine/Content/EngineMaterials/Substrate/Glints2/dict_0001_0142.uasset" 4804
"../../../Engine/Content/EngineMaterials/Substrate/Glints2/dict_0001_0143.uasset" 4805
"../../../Engine/Content/EngineMaterials/Substrate/Glints2/dict_0001_0144.uasset" 4806
"../../../Engine/Content/EngineMaterials/Substrate/Glints2/dict_0001_0145.uasset" 4807
"../../../Engine/Content/EngineMaterials/Substrate/Glints2/dict_0001_0146.uasset" 4808
"../../../Engine/Content/EngineMaterials/Substrate/Glints2/dict_0001_0147.uasset" 4809
"../../../Engine/Content/EngineMaterials/Substrate/Glints2/dict_0001_0148.uasset" 4810
"../../../Engine/Content/EngineMaterials/Substrate/Glints2/dict_0001_0149.uasset" 4811
"../../../Engine/Content/EngineMaterials/Substrate/Glints2/dict_0001_0150.uasset" 4812
"../../../Engine/Content/EngineMaterials/Substrate/Glints2/dict_0001_0151.uasset" 4813
"../../../Engine/Content/EngineMaterials/Substrate/Glints2/dict_0001_0152.uasset" 4814
"../../../Engine/Content/EngineMaterials/Substrate/Glints2/dict_0001_0153.uasset" 4815
"../../../Engine/Content/EngineMaterials/Substrate/Glints2/dict_0001_0154.uasset" 4816
"../../../Engine/Content/EngineMaterials/Substrate/Glints2/dict_0001_0155.uasset" 4817
"../../../Engine/Content/EngineMaterials/Substrate/Glints2/dict_0001_0156.uasset" 4818
"../../../Engine/Content/EngineMaterials/Substrate/Glints2/dict_0001_0157.uasset" 4819
"../../../Engine/Content/EngineMaterials/Substrate/Glints2/dict_0001_0158.uasset" 4820
"../../../Engine/Content/EngineMaterials/Substrate/Glints2/dict_0001_0159.uasset" 4821
"../../../Engine/Content/EngineMaterials/Substrate/Glints2/dict_0001_0160.uasset" 4822
"../../../Engine/Content/EngineMaterials/Substrate/Glints2/dict_0001_0161.uasset" 4823
"../../../Engine/Content/EngineMaterials/Substrate/Glints2/dict_0001_0162.uasset" 4824
"../../../Engine/Content/EngineMaterials/Substrate/Glints2/dict_0001_0163.uasset" 4825
"../../../Engine/Content/EngineMaterials/Substrate/Glints2/dict_0001_0164.uasset" 4826
"../../../Engine/Content/EngineMaterials/Substrate/Glints2/dict_0001_0165.uasset" 4827
"../../../Engine/Content/EngineMaterials/Substrate/Glints2/dict_0001_0166.uasset" 4828
"../../../Engine/Content/EngineMaterials/Substrate/Glints2/dict_0001_0167.uasset" 4829
"../../../Engine/Content/EngineMaterials/Substrate/Glints2/dict_0001_0168.uasset" 4830
"../../../Engine/Content/EngineMaterials/Substrate/Glints2/dict_0001_0169.uasset" 4831
"../../../Engine/Content/EngineMaterials/Substrate/Glints2/dict_0001_0170.uasset" 4832
"../../../Engine/Content/EngineMaterials/Substrate/Glints2/dict_0001_0171.uasset" 4833
"../../../Engine/Content/EngineMaterials/Substrate/Glints2/dict_0001_0172.uasset" 4834
"../../../Engine/Content/EngineMaterials/Substrate/Glints2/dict_0001_0173.uasset" 4835
"../../../Engine/Content/EngineMaterials/Substrate/Glints2/dict_0001_0174.uasset" 4836
"../../../Engine/Content/EngineMaterials/Substrate/Glints2/dict_0001_0175.uasset" 4837
"../../../Engine/Content/EngineMaterials/Substrate/Glints2/dict_0001_0176.uasset" 4838
"../../../Engine/Content/EngineMaterials/Substrate/Glints2/dict_0001_0177.uasset" 4839
"../../../Engine/Content/EngineMaterials/Substrate/Glints2/dict_0001_0178.uasset" 4840
"../../../Engine/Content/EngineMaterials/Substrate/Glints2/dict_0001_0179.uasset" 4841
"../../../Engine/Content/EngineMaterials/Substrate/Glints2/dict_0001_0180.uasset" 4842
"../../../Engine/Content/EngineMaterials/Substrate/Glints2/dict_0001_0181.uasset" 4843
"../../../Engine/Content/EngineMaterials/Substrate/Glints2/dict_0001_0182.uasset" 4844
"../../../Engine/Content/EngineMaterials/Substrate/Glints2/dict_0001_0183.uasset" 4845
"../../../Engine/Content/EngineMaterials/Substrate/Glints2/dict_0001_0184.uasset" 4846
"../../../Engine/Content/EngineMaterials/Substrate/Glints2/dict_0001_0185.uasset" 4847
"../../../Engine/Content/EngineMaterials/Substrate/Glints2/dict_0001_0186.uasset" 4848
"../../../Engine/Content/EngineMaterials/Substrate/Glints2/dict_0001_0187.uasset" 4849
"../../../Engine/Content/EngineMaterials/Substrate/Glints2/dict_0001_0188.uasset" 4850
"../../../Engine/Content/EngineMaterials/Substrate/Glints2/dict_0001_0189.uasset" 4851
"../../../Engine/Content/EngineMaterials/Substrate/Glints2/dict_0001_0190.uasset" 4852
"../../../Engine/Content/EngineMaterials/Substrate/Glints2/dict_0001_0191.uasset" 4853
"../../../Engine/Content/EngineMaterials/Substrate/Glints2/dict_0001_0192.uasset" 4854
"../../../Engine/Content/EngineMaterials/Substrate/Glints2/dict_0001_0193.uasset" 4855
"../../../Engine/Content/EngineMaterials/Substrate/Glints2/dict_0001_0194.uasset" 4856
"../../../Engine/Content/EngineMaterials/Substrate/Glints2/dict_0001_0195.uasset" 4857
"../../../Engine/Content/EngineMaterials/Substrate/Glints2/dict_0001_0196.uasset" 4858
"../../../Engine/Content/EngineMaterials/Substrate/Glints2/dict_0001_0197.uasset" 4859
"../../../Engine/Content/EngineMaterials/Substrate/Glints2/dict_0001_0198.uasset" 4860
"../../../Engine/Content/EngineMaterials/Substrate/Glints2/dict_0001_0199.uasset" 4861
"../../../Engine/Content/EngineMaterials/Substrate/Glints2/dict_0001_0200.uasset" 4862
"../../../Engine/Content/EngineMaterials/Substrate/Glints2/dict_0001_0201.uasset" 4863
"../../../Engine/Content/EngineMaterials/Substrate/Glints2/dict_0001_0202.uasset" 4864
"../../../Engine/Content/EngineMaterials/Substrate/Glints2/dict_0001_0203.uasset" 4865
"../../../Engine/Content/EngineMaterials/Substrate/Glints2/dict_0001_0204.uasset" 4866
"../../../Engine/Content/EngineMaterials/Substrate/Glints2/dict_0001_0205.uasset" 4867
"../../../Engine/Content/EngineMaterials/Substrate/Glints2/dict_0001_0206.uasset" 4868
"../../../Engine/Content/EngineMaterials/Substrate/Glints2/dict_0001_0207.uasset" 4869
"../../../Engine/Content/EngineMaterials/Substrate/Glints2/dict_0001_0208.uasset" 4870
"../../../Engine/Content/EngineMaterials/Substrate/Glints2/dict_0001_0209.uasset" 4871
"../../../Engine/Content/EngineMaterials/Substrate/Glints2/dict_0001_0210.uasset" 4872
"../../../Engine/Content/EngineMaterials/Substrate/Glints2/dict_0001_0211.uasset" 4873
"../../../Engine/Content/EngineMaterials/Substrate/Glints2/dict_0001_0212.uasset" 4874
"../../../Engine/Content/EngineMaterials/Substrate/Glints2/dict_0001_0213.uasset" 4875
"../../../Engine/Content/EngineMaterials/Substrate/Glints2/dict_0001_0214.uasset" 4876
"../../../Engine/Content/EngineMaterials/Substrate/Glints2/dict_0001_0215.uasset" 4877
"../../../Engine/Content/EngineMaterials/Substrate/Glints2/dict_0001_0216.uasset" 4878
"../../../Engine/Content/EngineMaterials/Substrate/Glints2/dict_0001_0217.uasset" 4879
"../../../Engine/Content/EngineMaterials/Substrate/Glints2/dict_0001_0218.uasset" 4880
"../../../Engine/Content/EngineMaterials/Substrate/Glints2/dict_0001_0219.uasset" 4881
"../../../Engine/Content/EngineMaterials/Substrate/Glints2/dict_0001_0220.uasset" 4882
"../../../Engine/Content/EngineMaterials/Substrate/Glints2/dict_0001_0221.uasset" 4883
"../../../Engine/Content/EngineMaterials/Substrate/Glints2/dict_0001_0222.uasset" 4884
"../../../Engine/Content/EngineMaterials/Substrate/Glints2/dict_0001_0223.uasset" 4885
"../../../Engine/Content/EngineMaterials/Substrate/Glints2/dict_0001_0224.uasset" 4886
"../../../Engine/Content/EngineMaterials/Substrate/Glints2/dict_0001_0225.uasset" 4887
"../../../Engine/Content/EngineMaterials/Substrate/Glints2/dict_0001_0226.uasset" 4888
"../../../Engine/Content/EngineMaterials/Substrate/Glints2/dict_0001_0227.uasset" 4889
"../../../Engine/Content/EngineMaterials/Substrate/Glints2/dict_0001_0228.uasset" 4890
"../../../Engine/Content/EngineMaterials/Substrate/Glints2/dict_0001_0229.uasset" 4891
"../../../Engine/Content/EngineMaterials/Substrate/Glints2/dict_0001_0230.uasset" 4892
"../../../Engine/Content/EngineMaterials/Substrate/Glints2/dict_0001_0231.uasset" 4893
"../../../Engine/Content/EngineMaterials/Substrate/Glints2/dict_0001_0232.uasset" 4894
"../../../Engine/Content/EngineMaterials/Substrate/Glints2/dict_0001_0233.uasset" 4895
"../../../Engine/Content/EngineMaterials/Substrate/Glints2/dict_0001_0234.uasset" 4896
"../../../Engine/Content/EngineMaterials/Substrate/Glints2/dict_0001_0235.uasset" 4897
"../../../Engine/Content/EngineMaterials/Substrate/Glints2/dict_0001_0236.uasset" 4898
"../../../Engine/Content/EngineMaterials/Substrate/Glints2/dict_0001_0237.uasset" 4899
"../../../Engine/Content/EngineMaterials/Substrate/Glints2/dict_0001_0238.uasset" 4900
"../../../Engine/Content/EngineMaterials/Substrate/Glints2/dict_0001_0239.uasset" 4901
"../../../Engine/Content/EngineMaterials/Substrate/Glints2/dict_0001_0240.uasset" 4902
"../../../Engine/Content/EngineMaterials/Substrate/Glints2/dict_0001_0241.uasset" 4903
"../../../Engine/Content/EngineMaterials/Substrate/Glints2/dict_0001_0242.uasset" 4904
"../../../Engine/Content/EngineMaterials/Substrate/Glints2/dict_0001_0243.uasset" 4905
"../../../Engine/Content/EngineMaterials/Substrate/Glints2/dict_0001_0244.uasset" 4906
"../../../Engine/Content/EngineMaterials/Substrate/Glints2/dict_0001_0245.uasset" 4907
"../../../Engine/Content/EngineMaterials/Substrate/Glints2/dict_0001_0246.uasset" 4908
"../../../Engine/Content/EngineMaterials/Substrate/Glints2/dict_0001_0247.uasset" 4909
"../../../Engine/Content/EngineMaterials/Substrate/Glints2/dict_0001_0248.uasset" 4910
"../../../Engine/Content/EngineMaterials/Substrate/Glints2/dict_0001_0249.uasset" 4911
"../../../Engine/Content/EngineMaterials/Substrate/Glints2/dict_0001_0250.uasset" 4912
"../../../Engine/Content/EngineMaterials/Substrate/Glints2/dict_0001_0251.uasset" 4913
"../../../Engine/Content/EngineMaterials/Substrate/Glints2/dict_0001_0252.uasset" 4914
"../../../Engine/Content/EngineMaterials/Substrate/Glints2/dict_0001_0253.uasset" 4915
"../../../Engine/Content/EngineMaterials/Substrate/Glints2/dict_0001_0254.uasset" 4916
"../../../Engine/Content/EngineMaterials/Substrate/Glints2/dict_0001_0255.uasset" 4917
"../../../Engine/Content/EngineMaterials/Substrate/Glints2/dict_0002_0000.uasset" 4918
"../../../Engine/Content/EngineMaterials/Substrate/Glints2/dict_0002_0001.uasset" 4919
"../../../Engine/Content/EngineMaterials/Substrate/Glints2/dict_0002_0002.uasset" 4920
"../../../Engine/Content/EngineMaterials/Substrate/Glints2/dict_0002_0003.uasset" 4921
"../../../Engine/Content/EngineMaterials/Substrate/Glints2/dict_0002_0004.uasset" 4922
"../../../Engine/Content/EngineMaterials/Substrate/Glints2/dict_0002_0005.uasset" 4923
"../../../Engine/Content/EngineMaterials/Substrate/Glints2/dict_0002_0006.uasset" 4924
"../../../Engine/Content/EngineMaterials/Substrate/Glints2/dict_0002_0007.uasset" 4925
"../../../Engine/Content/EngineMaterials/Substrate/Glints2/dict_0002_0008.uasset" 4926
"../../../Engine/Content/EngineMaterials/Substrate/Glints2/dict_0002_0009.uasset" 4927
"../../../Engine/Content/EngineMaterials/Substrate/Glints2/dict_0002_0010.uasset" 4928
"../../../Engine/Content/EngineMaterials/Substrate/Glints2/dict_0002_0011.uasset" 4929
"../../../Engine/Content/EngineMaterials/Substrate/Glints2/dict_0002_0012.uasset" 4930
"../../../Engine/Content/EngineMaterials/Substrate/Glints2/dict_0002_0013.uasset" 4931
"../../../Engine/Content/EngineMaterials/Substrate/Glints2/dict_0002_0014.uasset" 4932
"../../../Engine/Content/EngineMaterials/Substrate/Glints2/dict_0002_0015.uasset" 4933
"../../../Engine/Content/EngineMaterials/Substrate/Glints2/dict_0002_0016.uasset" 4934
"../../../Engine/Content/EngineMaterials/Substrate/Glints2/dict_0002_0017.uasset" 4935
"../../../Engine/Content/EngineMaterials/Substrate/Glints2/dict_0002_0018.uasset" 4936
"../../../Engine/Content/EngineMaterials/Substrate/Glints2/dict_0002_0019.uasset" 4937
"../../../Engine/Content/EngineMaterials/Substrate/Glints2/dict_0002_0020.uasset" 4938
"../../../Engine/Content/EngineMaterials/Substrate/Glints2/dict_0002_0021.uasset" 4939
"../../../Engine/Content/EngineMaterials/Substrate/Glints2/dict_0002_0022.uasset" 4940
"../../../Engine/Content/EngineMaterials/Substrate/Glints2/dict_0002_0023.uasset" 4941
"../../../Engine/Content/EngineMaterials/Substrate/Glints2/dict_0002_0024.uasset" 4942
"../../../Engine/Content/EngineMaterials/Substrate/Glints2/dict_0002_0025.uasset" 4943
"../../../Engine/Content/EngineMaterials/Substrate/Glints2/dict_0002_0026.uasset" 4944
"../../../Engine/Content/EngineMaterials/Substrate/Glints2/dict_0002_0027.uasset" 4945
"../../../Engine/Content/EngineMaterials/Substrate/Glints2/dict_0002_0028.uasset" 4946
"../../../Engine/Content/EngineMaterials/Substrate/Glints2/dict_0002_0029.uasset" 4947
"../../../Engine/Content/EngineMaterials/Substrate/Glints2/dict_0002_0030.uasset" 4948
"../../../Engine/Content/EngineMaterials/Substrate/Glints2/dict_0002_0031.uasset" 4949
"../../../Engine/Content/EngineMaterials/Substrate/Glints2/dict_0002_0032.uasset" 4950
"../../../Engine/Content/EngineMaterials/Substrate/Glints2/dict_0002_0033.uasset" 4951
"../../../Engine/Content/EngineMaterials/Substrate/Glints2/dict_0002_0034.uasset" 4952
"../../../Engine/Content/EngineMaterials/Substrate/Glints2/dict_0002_0035.uasset" 4953
"../../../Engine/Content/EngineMaterials/Substrate/Glints2/dict_0002_0036.uasset" 4954
"../../../Engine/Content/EngineMaterials/Substrate/Glints2/dict_0002_0037.uasset" 4955
"../../../Engine/Content/EngineMaterials/Substrate/Glints2/dict_0002_0038.uasset" 4956
"../../../Engine/Content/EngineMaterials/Substrate/Glints2/dict_0002_0039.uasset" 4957
"../../../Engine/Content/EngineMaterials/Substrate/Glints2/dict_0002_0040.uasset" 4958
"../../../Engine/Content/EngineMaterials/Substrate/Glints2/dict_0002_0041.uasset" 4959
"../../../Engine/Content/EngineMaterials/Substrate/Glints2/dict_0002_0042.uasset" 4960
"../../../Engine/Content/EngineMaterials/Substrate/Glints2/dict_0002_0043.uasset" 4961
"../../../Engine/Content/EngineMaterials/Substrate/Glints2/dict_0002_0044.uasset" 4962
"../../../Engine/Content/EngineMaterials/Substrate/Glints2/dict_0002_0045.uasset" 4963
"../../../Engine/Content/EngineMaterials/Substrate/Glints2/dict_0002_0046.uasset" 4964
"../../../Engine/Content/EngineMaterials/Substrate/Glints2/dict_0002_0047.uasset" 4965
"../../../Engine/Content/EngineMaterials/Substrate/Glints2/dict_0002_0048.uasset" 4966
"../../../Engine/Content/EngineMaterials/Substrate/Glints2/dict_0002_0049.uasset" 4967
"../../../Engine/Content/EngineMaterials/Substrate/Glints2/dict_0002_0050.uasset" 4968
"../../../Engine/Content/EngineMaterials/Substrate/Glints2/dict_0002_0051.uasset" 4969
"../../../Engine/Content/EngineMaterials/Substrate/Glints2/dict_0002_0052.uasset" 4970
"../../../Engine/Content/EngineMaterials/Substrate/Glints2/dict_0002_0053.uasset" 4971
"../../../Engine/Content/EngineMaterials/Substrate/Glints2/dict_0002_0054.uasset" 4972
"../../../Engine/Content/EngineMaterials/Substrate/Glints2/dict_0002_0055.uasset" 4973
"../../../Engine/Content/EngineMaterials/Substrate/Glints2/dict_0002_0056.uasset" 4974
"../../../Engine/Content/EngineMaterials/Substrate/Glints2/dict_0002_0057.uasset" 4975
"../../../Engine/Content/EngineMaterials/Substrate/Glints2/dict_0002_0058.uasset" 4976
"../../../Engine/Content/EngineMaterials/Substrate/Glints2/dict_0002_0059.uasset" 4977
"../../../Engine/Content/EngineMaterials/Substrate/Glints2/dict_0002_0060.uasset" 4978
"../../../Engine/Content/EngineMaterials/Substrate/Glints2/dict_0002_0061.uasset" 4979
"../../../Engine/Content/EngineMaterials/Substrate/Glints2/dict_0002_0062.uasset" 4980
"../../../Engine/Content/EngineMaterials/Substrate/Glints2/dict_0002_0063.uasset" 4981
"../../../Engine/Content/EngineMaterials/Substrate/Glints2/dict_0002_0064.uasset" 4982
"../../../Engine/Content/EngineMaterials/Substrate/Glints2/dict_0002_0065.uasset" 4983
"../../../Engine/Content/EngineMaterials/Substrate/Glints2/dict_0002_0066.uasset" 4984
"../../../Engine/Content/EngineMaterials/Substrate/Glints2/dict_0002_0067.uasset" 4985
"../../../Engine/Content/EngineMaterials/Substrate/Glints2/dict_0002_0068.uasset" 4986
"../../../Engine/Content/EngineMaterials/Substrate/Glints2/dict_0002_0069.uasset" 4987
"../../../Engine/Content/EngineMaterials/Substrate/Glints2/dict_0002_0070.uasset" 4988
"../../../Engine/Content/EngineMaterials/Substrate/Glints2/dict_0002_0071.uasset" 4989
"../../../Engine/Content/EngineMaterials/Substrate/Glints2/dict_0002_0072.uasset" 4990
"../../../Engine/Content/EngineMaterials/Substrate/Glints2/dict_0002_0073.uasset" 4991
"../../../Engine/Content/EngineMaterials/Substrate/Glints2/dict_0002_0074.uasset" 4992
"../../../Engine/Content/EngineMaterials/Substrate/Glints2/dict_0002_0075.uasset" 4993
"../../../Engine/Content/EngineMaterials/Substrate/Glints2/dict_0002_0076.uasset" 4994
"../../../Engine/Content/EngineMaterials/Substrate/Glints2/dict_0002_0077.uasset" 4995
"../../../Engine/Content/EngineMaterials/Substrate/Glints2/dict_0002_0078.uasset" 4996
"../../../Engine/Content/EngineMaterials/Substrate/Glints2/dict_0002_0079.uasset" 4997
"../../../Engine/Content/EngineMaterials/Substrate/Glints2/dict_0002_0080.uasset" 4998
"../../../Engine/Content/EngineMaterials/Substrate/Glints2/dict_0002_0081.uasset" 4999
"../../../Engine/Content/EngineMaterials/Substrate/Glints2/dict_0002_0082.uasset" 5000
"../../../Engine/Content/EngineMaterials/Substrate/Glints2/dict_0002_0083.uasset" 5001
"../../../Engine/Content/EngineMaterials/Substrate/Glints2/dict_0002_0084.uasset" 5002
"../../../Engine/Content/EngineMaterials/Substrate/Glints2/dict_0002_0085.uasset" 5003
"../../../Engine/Content/EngineMaterials/Substrate/Glints2/dict_0002_0086.uasset" 5004
"../../../Engine/Content/EngineMaterials/Substrate/Glints2/dict_0002_0087.uasset" 5005
"../../../Engine/Content/EngineMaterials/Substrate/Glints2/dict_0002_0088.uasset" 5006
"../../../Engine/Content/EngineMaterials/Substrate/Glints2/dict_0002_0089.uasset" 5007
"../../../Engine/Content/EngineMaterials/Substrate/Glints2/dict_0002_0090.uasset" 5008
"../../../Engine/Content/EngineMaterials/Substrate/Glints2/dict_0002_0091.uasset" 5009
"../../../Engine/Content/EngineMaterials/Substrate/Glints2/dict_0002_0092.uasset" 5010
"../../../Engine/Content/EngineMaterials/Substrate/Glints2/dict_0002_0093.uasset" 5011
"../../../Engine/Content/EngineMaterials/Substrate/Glints2/dict_0002_0094.uasset" 5012
"../../../Engine/Content/EngineMaterials/Substrate/Glints2/dict_0002_0095.uasset" 5013
"../../../Engine/Content/EngineMaterials/Substrate/Glints2/dict_0002_0096.uasset" 5014
"../../../Engine/Content/EngineMaterials/Substrate/Glints2/dict_0002_0097.uasset" 5015
"../../../Engine/Content/EngineMaterials/Substrate/Glints2/dict_0002_0098.uasset" 5016
"../../../Engine/Content/EngineMaterials/Substrate/Glints2/dict_0002_0099.uasset" 5017
"../../../Engine/Content/EngineMaterials/Substrate/Glints2/dict_0002_0100.uasset" 5018
"../../../Engine/Content/EngineMaterials/Substrate/Glints2/dict_0002_0101.uasset" 5019
"../../../Engine/Content/EngineMaterials/Substrate/Glints2/dict_0002_0102.uasset" 5020
"../../../Engine/Content/EngineMaterials/Substrate/Glints2/dict_0002_0103.uasset" 5021
"../../../Engine/Content/EngineMaterials/Substrate/Glints2/dict_0002_0104.uasset" 5022
"../../../Engine/Content/EngineMaterials/Substrate/Glints2/dict_0002_0105.uasset" 5023
"../../../Engine/Content/EngineMaterials/Substrate/Glints2/dict_0002_0106.uasset" 5024
"../../../Engine/Content/EngineMaterials/Substrate/Glints2/dict_0002_0107.uasset" 5025
"../../../Engine/Content/EngineMaterials/Substrate/Glints2/dict_0002_0108.uasset" 5026
"../../../Engine/Content/EngineMaterials/Substrate/Glints2/dict_0002_0109.uasset" 5027
"../../../Engine/Content/EngineMaterials/Substrate/Glints2/dict_0002_0110.uasset" 5028
"../../../Engine/Content/EngineMaterials/Substrate/Glints2/dict_0002_0111.uasset" 5029
"../../../Engine/Content/EngineMaterials/Substrate/Glints2/dict_0002_0112.uasset" 5030
"../../../Engine/Content/EngineMaterials/Substrate/Glints2/dict_0002_0113.uasset" 5031
"../../../Engine/Content/EngineMaterials/Substrate/Glints2/dict_0002_0114.uasset" 5032
"../../../Engine/Content/EngineMaterials/Substrate/Glints2/dict_0002_0115.uasset" 5033
"../../../Engine/Content/EngineMaterials/Substrate/Glints2/dict_0002_0116.uasset" 5034
"../../../Engine/Content/EngineMaterials/Substrate/Glints2/dict_0002_0117.uasset" 5035
"../../../Engine/Content/EngineMaterials/Substrate/Glints2/dict_0002_0118.uasset" 5036
"../../../Engine/Content/EngineMaterials/Substrate/Glints2/dict_0002_0119.uasset" 5037
"../../../Engine/Content/EngineMaterials/Substrate/Glints2/dict_0002_0120.uasset" 5038
"../../../Engine/Content/EngineMaterials/Substrate/Glints2/dict_0002_0121.uasset" 5039
"../../../Engine/Content/EngineMaterials/Substrate/Glints2/dict_0002_0122.uasset" 5040
"../../../Engine/Content/EngineMaterials/Substrate/Glints2/dict_0002_0123.uasset" 5041
"../../../Engine/Content/EngineMaterials/Substrate/Glints2/dict_0002_0124.uasset" 5042
"../../../Engine/Content/EngineMaterials/Substrate/Glints2/dict_0002_0125.uasset" 5043
"../../../Engine/Content/EngineMaterials/Substrate/Glints2/dict_0002_0126.uasset" 5044
"../../../Engine/Content/EngineMaterials/Substrate/Glints2/dict_0002_0127.uasset" 5045
"../../../Engine/Content/EngineMaterials/Substrate/Glints2/dict_0002_0128.uasset" 5046
"../../../Engine/Content/EngineMaterials/Substrate/Glints2/dict_0002_0129.uasset" 5047
"../../../Engine/Content/EngineMaterials/Substrate/Glints2/dict_0002_0130.uasset" 5048
"../../../Engine/Content/EngineMaterials/Substrate/Glints2/dict_0002_0131.uasset" 5049
"../../../Engine/Content/EngineMaterials/Substrate/Glints2/dict_0002_0132.uasset" 5050
"../../../Engine/Content/EngineMaterials/Substrate/Glints2/dict_0002_0133.uasset" 5051
"../../../Engine/Content/EngineMaterials/Substrate/Glints2/dict_0002_0134.uasset" 5052
"../../../Engine/Content/EngineMaterials/Substrate/Glints2/dict_0002_0135.uasset" 5053
"../../../Engine/Content/EngineMaterials/Substrate/Glints2/dict_0002_0136.uasset" 5054
"../../../Engine/Content/EngineMaterials/Substrate/Glints2/dict_0002_0137.uasset" 5055
"../../../Engine/Content/EngineMaterials/Substrate/Glints2/dict_0002_0138.uasset" 5056
"../../../Engine/Content/EngineMaterials/Substrate/Glints2/dict_0002_0139.uasset" 5057
"../../../Engine/Content/EngineMaterials/Substrate/Glints2/dict_0002_0140.uasset" 5058
"../../../Engine/Content/EngineMaterials/Substrate/Glints2/dict_0002_0141.uasset" 5059
"../../../Engine/Content/EngineMaterials/Substrate/Glints2/dict_0002_0142.uasset" 5060
"../../../Engine/Content/EngineMaterials/Substrate/Glints2/dict_0002_0143.uasset" 5061
"../../../Engine/Content/EngineMaterials/Substrate/Glints2/dict_0002_0144.uasset" 5062
"../../../Engine/Content/EngineMaterials/Substrate/Glints2/dict_0002_0145.uasset" 5063
"../../../Engine/Content/EngineMaterials/Substrate/Glints2/dict_0002_0146.uasset" 5064
"../../../Engine/Content/EngineMaterials/Substrate/Glints2/dict_0002_0147.uasset" 5065
"../../../Engine/Content/EngineMaterials/Substrate/Glints2/dict_0002_0148.uasset" 5066
"../../../Engine/Content/EngineMaterials/Substrate/Glints2/dict_0002_0149.uasset" 5067
"../../../Engine/Content/EngineMaterials/Substrate/Glints2/dict_0002_0150.uasset" 5068
"../../../Engine/Content/EngineMaterials/Substrate/Glints2/dict_0002_0151.uasset" 5069
"../../../Engine/Content/EngineMaterials/Substrate/Glints2/dict_0002_0152.uasset" 5070
"../../../Engine/Content/EngineMaterials/Substrate/Glints2/dict_0002_0153.uasset" 5071
"../../../Engine/Content/EngineMaterials/Substrate/Glints2/dict_0002_0154.uasset" 5072
"../../../Engine/Content/EngineMaterials/Substrate/Glints2/dict_0002_0155.uasset" 5073
"../../../Engine/Content/EngineMaterials/Substrate/Glints2/dict_0002_0156.uasset" 5074
"../../../Engine/Content/EngineMaterials/Substrate/Glints2/dict_0002_0157.uasset" 5075
"../../../Engine/Content/EngineMaterials/Substrate/Glints2/dict_0002_0158.uasset" 5076
"../../../Engine/Content/EngineMaterials/Substrate/Glints2/dict_0002_0159.uasset" 5077
"../../../Engine/Content/EngineMaterials/Substrate/Glints2/dict_0002_0160.uasset" 5078
"../../../Engine/Content/EngineMaterials/Substrate/Glints2/dict_0002_0161.uasset" 5079
"../../../Engine/Content/EngineMaterials/Substrate/Glints2/dict_0002_0162.uasset" 5080
"../../../Engine/Content/EngineMaterials/Substrate/Glints2/dict_0002_0163.uasset" 5081
"../../../Engine/Content/EngineMaterials/Substrate/Glints2/dict_0002_0164.uasset" 5082
"../../../Engine/Content/EngineMaterials/Substrate/Glints2/dict_0002_0165.uasset" 5083
"../../../Engine/Content/EngineMaterials/Substrate/Glints2/dict_0002_0166.uasset" 5084
"../../../Engine/Content/EngineMaterials/Substrate/Glints2/dict_0002_0167.uasset" 5085
"../../../Engine/Content/EngineMaterials/Substrate/Glints2/dict_0002_0168.uasset" 5086
"../../../Engine/Content/EngineMaterials/Substrate/Glints2/dict_0002_0169.uasset" 5087
"../../../Engine/Content/EngineMaterials/Substrate/Glints2/dict_0002_0170.uasset" 5088
"../../../Engine/Content/EngineMaterials/Substrate/Glints2/dict_0002_0171.uasset" 5089
"../../../Engine/Content/EngineMaterials/Substrate/Glints2/dict_0002_0172.uasset" 5090
"../../../Engine/Content/EngineMaterials/Substrate/Glints2/dict_0002_0173.uasset" 5091
"../../../Engine/Content/EngineMaterials/Substrate/Glints2/dict_0002_0174.uasset" 5092
"../../../Engine/Content/EngineMaterials/Substrate/Glints2/dict_0002_0175.uasset" 5093
"../../../Engine/Content/EngineMaterials/Substrate/Glints2/dict_0002_0176.uasset" 5094
"../../../Engine/Content/EngineMaterials/Substrate/Glints2/dict_0002_0177.uasset" 5095
"../../../Engine/Content/EngineMaterials/Substrate/Glints2/dict_0002_0178.uasset" 5096
"../../../Engine/Content/EngineMaterials/Substrate/Glints2/dict_0002_0179.uasset" 5097
"../../../Engine/Content/EngineMaterials/Substrate/Glints2/dict_0002_0180.uasset" 5098
"../../../Engine/Content/EngineMaterials/Substrate/Glints2/dict_0002_0181.uasset" 5099
"../../../Engine/Content/EngineMaterials/Substrate/Glints2/dict_0002_0182.uasset" 5100
"../../../Engine/Content/EngineMaterials/Substrate/Glints2/dict_0002_0183.uasset" 5101
"../../../Engine/Content/EngineMaterials/Substrate/Glints2/dict_0002_0184.uasset" 5102
"../../../Engine/Content/EngineMaterials/Substrate/Glints2/dict_0002_0185.uasset" 5103
"../../../Engine/Content/EngineMaterials/Substrate/Glints2/dict_0002_0186.uasset" 5104
"../../../Engine/Content/EngineMaterials/Substrate/Glints2/dict_0002_0187.uasset" 5105
"../../../Engine/Content/EngineMaterials/Substrate/Glints2/dict_0002_0188.uasset" 5106
"../../../Engine/Content/EngineMaterials/Substrate/Glints2/dict_0002_0189.uasset" 5107
"../../../Engine/Content/EngineMaterials/Substrate/Glints2/dict_0002_0190.uasset" 5108
"../../../Engine/Content/EngineMaterials/Substrate/Glints2/dict_0002_0191.uasset" 5109
"../../../Engine/Content/EngineMaterials/Substrate/Glints2/dict_0002_0192.uasset" 5110
"../../../Engine/Content/EngineMaterials/Substrate/Glints2/dict_0002_0193.uasset" 5111
"../../../Engine/Content/EngineMaterials/Substrate/Glints2/dict_0002_0194.uasset" 5112
"../../../Engine/Content/EngineMaterials/Substrate/Glints2/dict_0002_0195.uasset" 5113
"../../../Engine/Content/EngineMaterials/Substrate/Glints2/dict_0002_0196.uasset" 5114
"../../../Engine/Content/EngineMaterials/Substrate/Glints2/dict_0002_0197.uasset" 5115
"../../../Engine/Content/EngineMaterials/Substrate/Glints2/dict_0002_0198.uasset" 5116
"../../../Engine/Content/EngineMaterials/Substrate/Glints2/dict_0002_0199.uasset" 5117
"../../../Engine/Content/EngineMaterials/Substrate/Glints2/dict_0002_0200.uasset" 5118
"../../../Engine/Content/EngineMaterials/Substrate/Glints2/dict_0002_0201.uasset" 5119
"../../../Engine/Content/EngineMaterials/Substrate/Glints2/dict_0002_0202.uasset" 5120
"../../../Engine/Content/EngineMaterials/Substrate/Glints2/dict_0002_0203.uasset" 5121
"../../../Engine/Content/EngineMaterials/Substrate/Glints2/dict_0002_0204.uasset" 5122
"../../../Engine/Content/EngineMaterials/Substrate/Glints2/dict_0002_0205.uasset" 5123
"../../../Engine/Content/EngineMaterials/Substrate/Glints2/dict_0002_0206.uasset" 5124
"../../../Engine/Content/EngineMaterials/Substrate/Glints2/dict_0002_0207.uasset" 5125
"../../../Engine/Content/EngineMaterials/Substrate/Glints2/dict_0002_0208.uasset" 5126
"../../../Engine/Content/EngineMaterials/Substrate/Glints2/dict_0002_0209.uasset" 5127
"../../../Engine/Content/EngineMaterials/Substrate/Glints2/dict_0002_0210.uasset" 5128
"../../../Engine/Content/EngineMaterials/Substrate/Glints2/dict_0002_0211.uasset" 5129
"../../../Engine/Content/EngineMaterials/Substrate/Glints2/dict_0002_0212.uasset" 5130
"../../../Engine/Content/EngineMaterials/Substrate/Glints2/dict_0002_0213.uasset" 5131
"../../../Engine/Content/EngineMaterials/Substrate/Glints2/dict_0002_0214.uasset" 5132
"../../../Engine/Content/EngineMaterials/Substrate/Glints2/dict_0002_0215.uasset" 5133
"../../../Engine/Content/EngineMaterials/Substrate/Glints2/dict_0002_0216.uasset" 5134
"../../../Engine/Content/EngineMaterials/Substrate/Glints2/dict_0002_0217.uasset" 5135
"../../../Engine/Content/EngineMaterials/Substrate/Glints2/dict_0002_0218.uasset" 5136
"../../../Engine/Content/EngineMaterials/Substrate/Glints2/dict_0002_0219.uasset" 5137
"../../../Engine/Content/EngineMaterials/Substrate/Glints2/dict_0002_0220.uasset" 5138
"../../../Engine/Content/EngineMaterials/Substrate/Glints2/dict_0002_0221.uasset" 5139
"../../../Engine/Content/EngineMaterials/Substrate/Glints2/dict_0002_0222.uasset" 5140
"../../../Engine/Content/EngineMaterials/Substrate/Glints2/dict_0002_0223.uasset" 5141
"../../../Engine/Content/EngineMaterials/Substrate/Glints2/dict_0002_0224.uasset" 5142
"../../../Engine/Content/EngineMaterials/Substrate/Glints2/dict_0002_0225.uasset" 5143
"../../../Engine/Content/EngineMaterials/Substrate/Glints2/dict_0002_0226.uasset" 5144
"../../../Engine/Content/EngineMaterials/Substrate/Glints2/dict_0002_0227.uasset" 5145
"../../../Engine/Content/EngineMaterials/Substrate/Glints2/dict_0002_0228.uasset" 5146
"../../../Engine/Content/EngineMaterials/Substrate/Glints2/dict_0002_0229.uasset" 5147
"../../../Engine/Content/EngineMaterials/Substrate/Glints2/dict_0002_0230.uasset" 5148
"../../../Engine/Content/EngineMaterials/Substrate/Glints2/dict_0002_0231.uasset" 5149
"../../../Engine/Content/EngineMaterials/Substrate/Glints2/dict_0002_0232.uasset" 5150
"../../../Engine/Content/EngineMaterials/Substrate/Glints2/dict_0002_0233.uasset" 5151
"../../../Engine/Content/EngineMaterials/Substrate/Glints2/dict_0002_0234.uasset" 5152
"../../../Engine/Content/EngineMaterials/Substrate/Glints2/dict_0002_0235.uasset" 5153
"../../../Engine/Content/EngineMaterials/Substrate/Glints2/dict_0002_0236.uasset" 5154
"../../../Engine/Content/EngineMaterials/Substrate/Glints2/dict_0002_0237.uasset" 5155
"../../../Engine/Content/EngineMaterials/Substrate/Glints2/dict_0002_0238.uasset" 5156
"../../../Engine/Content/EngineMaterials/Substrate/Glints2/dict_0002_0239.uasset" 5157
"../../../Engine/Content/EngineMaterials/Substrate/Glints2/dict_0002_0240.uasset" 5158
"../../../Engine/Content/EngineMaterials/Substrate/Glints2/dict_0002_0241.uasset" 5159
"../../../Engine/Content/EngineMaterials/Substrate/Glints2/dict_0002_0242.uasset" 5160
"../../../Engine/Content/EngineMaterials/Substrate/Glints2/dict_0002_0243.uasset" 5161
"../../../Engine/Content/EngineMaterials/Substrate/Glints2/dict_0002_0244.uasset" 5162
"../../../Engine/Content/EngineMaterials/Substrate/Glints2/dict_0002_0245.uasset" 5163
"../../../Engine/Content/EngineMaterials/Substrate/Glints2/dict_0002_0246.uasset" 5164
"../../../Engine/Content/EngineMaterials/Substrate/Glints2/dict_0002_0247.uasset" 5165
"../../../Engine/Content/EngineMaterials/Substrate/Glints2/dict_0002_0248.uasset" 5166
"../../../Engine/Content/EngineMaterials/Substrate/Glints2/dict_0002_0249.uasset" 5167
"../../../Engine/Content/EngineMaterials/Substrate/Glints2/dict_0002_0250.uasset" 5168
"../../../Engine/Content/EngineMaterials/Substrate/Glints2/dict_0002_0251.uasset" 5169
"../../../Engine/Content/EngineMaterials/Substrate/Glints2/dict_0002_0252.uasset" 5170
"../../../Engine/Content/EngineMaterials/Substrate/Glints2/dict_0002_0253.uasset" 5171
"../../../Engine/Content/EngineMaterials/Substrate/Glints2/dict_0002_0254.uasset" 5172
"../../../Engine/Content/EngineMaterials/Substrate/Glints2/dict_0002_0255.uasset" 5173
"../../../Engine/Content/EngineMaterials/Substrate/Glints2/dict_0003_0000.uasset" 5174
"../../../Engine/Content/EngineMaterials/Substrate/Glints2/dict_0003_0001.uasset" 5175
"../../../Engine/Content/EngineMaterials/Substrate/Glints2/dict_0003_0002.uasset" 5176
"../../../Engine/Content/EngineMaterials/Substrate/Glints2/dict_0003_0003.uasset" 5177
"../../../Engine/Content/EngineMaterials/Substrate/Glints2/dict_0003_0004.uasset" 5178
"../../../Engine/Content/EngineMaterials/Substrate/Glints2/dict_0003_0005.uasset" 5179
"../../../Engine/Content/EngineMaterials/Substrate/Glints2/dict_0003_0006.uasset" 5180
"../../../Engine/Content/EngineMaterials/Substrate/Glints2/dict_0003_0007.uasset" 5181
"../../../Engine/Content/EngineMaterials/Substrate/Glints2/dict_0003_0008.uasset" 5182
"../../../Engine/Content/EngineMaterials/Substrate/Glints2/dict_0003_0009.uasset" 5183
"../../../Engine/Content/EngineMaterials/Substrate/Glints2/dict_0003_0010.uasset" 5184
"../../../Engine/Content/EngineMaterials/Substrate/Glints2/dict_0003_0011.uasset" 5185
"../../../Engine/Content/EngineMaterials/Substrate/Glints2/dict_0003_0012.uasset" 5186
"../../../Engine/Content/EngineMaterials/Substrate/Glints2/dict_0003_0013.uasset" 5187
"../../../Engine/Content/EngineMaterials/Substrate/Glints2/dict_0003_0014.uasset" 5188
"../../../Engine/Content/EngineMaterials/Substrate/Glints2/dict_0003_0015.uasset" 5189
"../../../Engine/Content/EngineMaterials/Substrate/Glints2/dict_0003_0016.uasset" 5190
"../../../Engine/Content/EngineMaterials/Substrate/Glints2/dict_0003_0017.uasset" 5191
"../../../Engine/Content/EngineMaterials/Substrate/Glints2/dict_0003_0018.uasset" 5192
"../../../Engine/Content/EngineMaterials/Substrate/Glints2/dict_0003_0019.uasset" 5193
"../../../Engine/Content/EngineMaterials/Substrate/Glints2/dict_0003_0020.uasset" 5194
"../../../Engine/Content/EngineMaterials/Substrate/Glints2/dict_0003_0021.uasset" 5195
"../../../Engine/Content/EngineMaterials/Substrate/Glints2/dict_0003_0022.uasset" 5196
"../../../Engine/Content/EngineMaterials/Substrate/Glints2/dict_0003_0023.uasset" 5197
"../../../Engine/Content/EngineMaterials/Substrate/Glints2/dict_0003_0024.uasset" 5198
"../../../Engine/Content/EngineMaterials/Substrate/Glints2/dict_0003_0025.uasset" 5199
"../../../Engine/Content/EngineMaterials/Substrate/Glints2/dict_0003_0026.uasset" 5200
"../../../Engine/Content/EngineMaterials/Substrate/Glints2/dict_0003_0027.uasset" 5201
"../../../Engine/Content/EngineMaterials/Substrate/Glints2/dict_0003_0028.uasset" 5202
"../../../Engine/Content/EngineMaterials/Substrate/Glints2/dict_0003_0029.uasset" 5203
"../../../Engine/Content/EngineMaterials/Substrate/Glints2/dict_0003_0030.uasset" 5204
"../../../Engine/Content/EngineMaterials/Substrate/Glints2/dict_0003_0031.uasset" 5205
"../../../Engine/Content/EngineMaterials/Substrate/Glints2/dict_0003_0032.uasset" 5206
"../../../Engine/Content/EngineMaterials/Substrate/Glints2/dict_0003_0033.uasset" 5207
"../../../Engine/Content/EngineMaterials/Substrate/Glints2/dict_0003_0034.uasset" 5208
"../../../Engine/Content/EngineMaterials/Substrate/Glints2/dict_0003_0035.uasset" 5209
"../../../Engine/Content/EngineMaterials/Substrate/Glints2/dict_0003_0036.uasset" 5210
"../../../Engine/Content/EngineMaterials/Substrate/Glints2/dict_0003_0037.uasset" 5211
"../../../Engine/Content/EngineMaterials/Substrate/Glints2/dict_0003_0038.uasset" 5212
"../../../Engine/Content/EngineMaterials/Substrate/Glints2/dict_0003_0039.uasset" 5213
"../../../Engine/Content/EngineMaterials/Substrate/Glints2/dict_0003_0040.uasset" 5214
"../../../Engine/Content/EngineMaterials/Substrate/Glints2/dict_0003_0041.uasset" 5215
"../../../Engine/Content/EngineMaterials/Substrate/Glints2/dict_0003_0042.uasset" 5216
"../../../Engine/Content/EngineMaterials/Substrate/Glints2/dict_0003_0043.uasset" 5217
"../../../Engine/Content/EngineMaterials/Substrate/Glints2/dict_0003_0044.uasset" 5218
"../../../Engine/Content/EngineMaterials/Substrate/Glints2/dict_0003_0045.uasset" 5219
"../../../Engine/Content/EngineMaterials/Substrate/Glints2/dict_0003_0046.uasset" 5220
"../../../Engine/Content/EngineMaterials/Substrate/Glints2/dict_0003_0047.uasset" 5221
"../../../Engine/Content/EngineMaterials/Substrate/Glints2/dict_0003_0048.uasset" 5222
"../../../Engine/Content/EngineMaterials/Substrate/Glints2/dict_0003_0049.uasset" 5223
"../../../Engine/Content/EngineMaterials/Substrate/Glints2/dict_0003_0050.uasset" 5224
"../../../Engine/Content/EngineMaterials/Substrate/Glints2/dict_0003_0051.uasset" 5225
"../../../Engine/Content/EngineMaterials/Substrate/Glints2/dict_0003_0052.uasset" 5226
"../../../Engine/Content/EngineMaterials/Substrate/Glints2/dict_0003_0053.uasset" 5227
"../../../Engine/Content/EngineMaterials/Substrate/Glints2/dict_0003_0054.uasset" 5228
"../../../Engine/Content/EngineMaterials/Substrate/Glints2/dict_0003_0055.uasset" 5229
"../../../Engine/Content/EngineMaterials/Substrate/Glints2/dict_0003_0056.uasset" 5230
"../../../Engine/Content/EngineMaterials/Substrate/Glints2/dict_0003_0057.uasset" 5231
"../../../Engine/Content/EngineMaterials/Substrate/Glints2/dict_0003_0058.uasset" 5232
"../../../Engine/Content/EngineMaterials/Substrate/Glints2/dict_0003_0059.uasset" 5233
"../../../Engine/Content/EngineMaterials/Substrate/Glints2/dict_0003_0060.uasset" 5234
"../../../Engine/Content/EngineMaterials/Substrate/Glints2/dict_0003_0061.uasset" 5235
"../../../Engine/Content/EngineMaterials/Substrate/Glints2/dict_0003_0062.uasset" 5236
"../../../Engine/Content/EngineMaterials/Substrate/Glints2/dict_0003_0063.uasset" 5237
"../../../Engine/Content/EngineMaterials/Substrate/Glints2/dict_0003_0064.uasset" 5238
"../../../Engine/Content/EngineMaterials/Substrate/Glints2/dict_0003_0065.uasset" 5239
"../../../Engine/Content/EngineMaterials/Substrate/Glints2/dict_0003_0066.uasset" 5240
"../../../Engine/Content/EngineMaterials/Substrate/Glints2/dict_0003_0067.uasset" 5241
"../../../Engine/Content/EngineMaterials/Substrate/Glints2/dict_0003_0068.uasset" 5242
"../../../Engine/Content/EngineMaterials/Substrate/Glints2/dict_0003_0069.uasset" 5243
"../../../Engine/Content/EngineMaterials/Substrate/Glints2/dict_0003_0070.uasset" 5244
"../../../Engine/Content/EngineMaterials/Substrate/Glints2/dict_0003_0071.uasset" 5245
"../../../Engine/Content/EngineMaterials/Substrate/Glints2/dict_0003_0072.uasset" 5246
"../../../Engine/Content/EngineMaterials/Substrate/Glints2/dict_0003_0073.uasset" 5247
"../../../Engine/Content/EngineMaterials/Substrate/Glints2/dict_0003_0074.uasset" 5248
"../../../Engine/Content/EngineMaterials/Substrate/Glints2/dict_0003_0075.uasset" 5249
"../../../Engine/Content/EngineMaterials/Substrate/Glints2/dict_0003_0076.uasset" 5250
"../../../Engine/Content/EngineMaterials/Substrate/Glints2/dict_0003_0077.uasset" 5251
"../../../Engine/Content/EngineMaterials/Substrate/Glints2/dict_0003_0078.uasset" 5252
"../../../Engine/Content/EngineMaterials/Substrate/Glints2/dict_0003_0079.uasset" 5253
"../../../Engine/Content/EngineMaterials/Substrate/Glints2/dict_0003_0080.uasset" 5254
"../../../Engine/Content/EngineMaterials/Substrate/Glints2/dict_0003_0081.uasset" 5255
"../../../Engine/Content/EngineMaterials/Substrate/Glints2/dict_0003_0082.uasset" 5256
"../../../Engine/Content/EngineMaterials/Substrate/Glints2/dict_0003_0083.uasset" 5257
"../../../Engine/Content/EngineMaterials/Substrate/Glints2/dict_0003_0084.uasset" 5258
"../../../Engine/Content/EngineMaterials/Substrate/Glints2/dict_0003_0085.uasset" 5259
"../../../Engine/Content/EngineMaterials/Substrate/Glints2/dict_0003_0086.uasset" 5260
"../../../Engine/Content/EngineMaterials/Substrate/Glints2/dict_0003_0087.uasset" 5261
"../../../Engine/Content/EngineMaterials/Substrate/Glints2/dict_0003_0088.uasset" 5262
"../../../Engine/Content/EngineMaterials/Substrate/Glints2/dict_0003_0089.uasset" 5263
"../../../Engine/Content/EngineMaterials/Substrate/Glints2/dict_0003_0090.uasset" 5264
"../../../Engine/Content/EngineMaterials/Substrate/Glints2/dict_0003_0091.uasset" 5265
"../../../Engine/Content/EngineMaterials/Substrate/Glints2/dict_0003_0092.uasset" 5266
"../../../Engine/Content/EngineMaterials/Substrate/Glints2/dict_0003_0093.uasset" 5267
"../../../Engine/Content/EngineMaterials/Substrate/Glints2/dict_0003_0094.uasset" 5268
"../../../Engine/Content/EngineMaterials/Substrate/Glints2/dict_0003_0095.uasset" 5269
"../../../Engine/Content/EngineMaterials/Substrate/Glints2/dict_0003_0096.uasset" 5270
"../../../Engine/Content/EngineMaterials/Substrate/Glints2/dict_0003_0097.uasset" 5271
"../../../Engine/Content/EngineMaterials/Substrate/Glints2/dict_0003_0098.uasset" 5272
"../../../Engine/Content/EngineMaterials/Substrate/Glints2/dict_0003_0099.uasset" 5273
"../../../Engine/Content/EngineMaterials/Substrate/Glints2/dict_0003_0100.uasset" 5274
"../../../Engine/Content/EngineMaterials/Substrate/Glints2/dict_0003_0101.uasset" 5275
"../../../Engine/Content/EngineMaterials/Substrate/Glints2/dict_0003_0102.uasset" 5276
"../../../Engine/Content/EngineMaterials/Substrate/Glints2/dict_0003_0103.uasset" 5277
"../../../Engine/Content/EngineMaterials/Substrate/Glints2/dict_0003_0104.uasset" 5278
"../../../Engine/Content/EngineMaterials/Substrate/Glints2/dict_0003_0105.uasset" 5279
"../../../Engine/Content/EngineMaterials/Substrate/Glints2/dict_0003_0106.uasset" 5280
"../../../Engine/Content/EngineMaterials/Substrate/Glints2/dict_0003_0107.uasset" 5281
"../../../Engine/Content/EngineMaterials/Substrate/Glints2/dict_0003_0108.uasset" 5282
"../../../Engine/Content/EngineMaterials/Substrate/Glints2/dict_0003_0109.uasset" 5283
"../../../Engine/Content/EngineMaterials/Substrate/Glints2/dict_0003_0110.uasset" 5284
"../../../Engine/Content/EngineMaterials/Substrate/Glints2/dict_0003_0111.uasset" 5285
"../../../Engine/Content/EngineMaterials/Substrate/Glints2/dict_0003_0112.uasset" 5286
"../../../Engine/Content/EngineMaterials/Substrate/Glints2/dict_0003_0113.uasset" 5287
"../../../Engine/Content/EngineMaterials/Substrate/Glints2/dict_0003_0114.uasset" 5288
"../../../Engine/Content/EngineMaterials/Substrate/Glints2/dict_0003_0115.uasset" 5289
"../../../Engine/Content/EngineMaterials/Substrate/Glints2/dict_0003_0116.uasset" 5290
"../../../Engine/Content/EngineMaterials/Substrate/Glints2/dict_0003_0117.uasset" 5291
"../../../Engine/Content/EngineMaterials/Substrate/Glints2/dict_0003_0118.uasset" 5292
"../../../Engine/Content/EngineMaterials/Substrate/Glints2/dict_0003_0119.uasset" 5293
"../../../Engine/Content/EngineMaterials/Substrate/Glints2/dict_0003_0120.uasset" 5294
"../../../Engine/Content/EngineMaterials/Substrate/Glints2/dict_0003_0121.uasset" 5295
"../../../Engine/Content/EngineMaterials/Substrate/Glints2/dict_0003_0122.uasset" 5296
"../../../Engine/Content/EngineMaterials/Substrate/Glints2/dict_0003_0123.uasset" 5297
"../../../Engine/Content/EngineMaterials/Substrate/Glints2/dict_0003_0124.uasset" 5298
"../../../Engine/Content/EngineMaterials/Substrate/Glints2/dict_0003_0125.uasset" 5299
"../../../Engine/Content/EngineMaterials/Substrate/Glints2/dict_0003_0126.uasset" 5300
"../../../Engine/Content/EngineMaterials/Substrate/Glints2/dict_0003_0127.uasset" 5301
"../../../Engine/Content/EngineMaterials/Substrate/Glints2/dict_0003_0128.uasset" 5302
"../../../Engine/Content/EngineMaterials/Substrate/Glints2/dict_0003_0129.uasset" 5303
"../../../Engine/Content/EngineMaterials/Substrate/Glints2/dict_0003_0130.uasset" 5304
"../../../Engine/Content/EngineMaterials/Substrate/Glints2/dict_0003_0131.uasset" 5305
"../../../Engine/Content/EngineMaterials/Substrate/Glints2/dict_0003_0132.uasset" 5306
"../../../Engine/Content/EngineMaterials/Substrate/Glints2/dict_0003_0133.uasset" 5307
"../../../Engine/Content/EngineMaterials/Substrate/Glints2/dict_0003_0134.uasset" 5308
"../../../Engine/Content/EngineMaterials/Substrate/Glints2/dict_0003_0135.uasset" 5309
"../../../Engine/Content/EngineMaterials/Substrate/Glints2/dict_0003_0136.uasset" 5310
"../../../Engine/Content/EngineMaterials/Substrate/Glints2/dict_0003_0137.uasset" 5311
"../../../Engine/Content/EngineMaterials/Substrate/Glints2/dict_0003_0138.uasset" 5312
"../../../Engine/Content/EngineMaterials/Substrate/Glints2/dict_0003_0139.uasset" 5313
"../../../Engine/Content/EngineMaterials/Substrate/Glints2/dict_0003_0140.uasset" 5314
"../../../Engine/Content/EngineMaterials/Substrate/Glints2/dict_0003_0141.uasset" 5315
"../../../Engine/Content/EngineMaterials/Substrate/Glints2/dict_0003_0142.uasset" 5316
"../../../Engine/Content/EngineMaterials/Substrate/Glints2/dict_0003_0143.uasset" 5317
"../../../Engine/Content/EngineMaterials/Substrate/Glints2/dict_0003_0144.uasset" 5318
"../../../Engine/Content/EngineMaterials/Substrate/Glints2/dict_0003_0145.uasset" 5319
"../../../Engine/Content/EngineMaterials/Substrate/Glints2/dict_0003_0146.uasset" 5320
"../../../Engine/Content/EngineMaterials/Substrate/Glints2/dict_0003_0147.uasset" 5321
"../../../Engine/Content/EngineMaterials/Substrate/Glints2/dict_0003_0148.uasset" 5322
"../../../Engine/Content/EngineMaterials/Substrate/Glints2/dict_0003_0149.uasset" 5323
"../../../Engine/Content/EngineMaterials/Substrate/Glints2/dict_0003_0150.uasset" 5324
"../../../Engine/Content/EngineMaterials/Substrate/Glints2/dict_0003_0151.uasset" 5325
"../../../Engine/Content/EngineMaterials/Substrate/Glints2/dict_0003_0152.uasset" 5326
"../../../Engine/Content/EngineMaterials/Substrate/Glints2/dict_0003_0153.uasset" 5327
"../../../Engine/Content/EngineMaterials/Substrate/Glints2/dict_0003_0154.uasset" 5328
"../../../Engine/Content/EngineMaterials/Substrate/Glints2/dict_0003_0155.uasset" 5329
"../../../Engine/Content/EngineMaterials/Substrate/Glints2/dict_0003_0156.uasset" 5330
"../../../Engine/Content/EngineMaterials/Substrate/Glints2/dict_0003_0157.uasset" 5331
"../../../Engine/Content/EngineMaterials/Substrate/Glints2/dict_0003_0158.uasset" 5332
"../../../Engine/Content/EngineMaterials/Substrate/Glints2/dict_0003_0159.uasset" 5333
"../../../Engine/Content/EngineMaterials/Substrate/Glints2/dict_0003_0160.uasset" 5334
"../../../Engine/Content/EngineMaterials/Substrate/Glints2/dict_0003_0161.uasset" 5335
"../../../Engine/Content/EngineMaterials/Substrate/Glints2/dict_0003_0162.uasset" 5336
"../../../Engine/Content/EngineMaterials/Substrate/Glints2/dict_0003_0163.uasset" 5337
"../../../Engine/Content/EngineMaterials/Substrate/Glints2/dict_0003_0164.uasset" 5338
"../../../Engine/Content/EngineMaterials/Substrate/Glints2/dict_0003_0165.uasset" 5339
"../../../Engine/Content/EngineMaterials/Substrate/Glints2/dict_0003_0166.uasset" 5340
"../../../Engine/Content/EngineMaterials/Substrate/Glints2/dict_0003_0167.uasset" 5341
"../../../Engine/Content/EngineMaterials/Substrate/Glints2/dict_0003_0168.uasset" 5342
"../../../Engine/Content/EngineMaterials/Substrate/Glints2/dict_0003_0169.uasset" 5343
"../../../Engine/Content/EngineMaterials/Substrate/Glints2/dict_0003_0170.uasset" 5344
"../../../Engine/Content/EngineMaterials/Substrate/Glints2/dict_0003_0171.uasset" 5345
"../../../Engine/Content/EngineMaterials/Substrate/Glints2/dict_0003_0172.uasset" 5346
"../../../Engine/Content/EngineMaterials/Substrate/Glints2/dict_0003_0173.uasset" 5347
"../../../Engine/Content/EngineMaterials/Substrate/Glints2/dict_0003_0174.uasset" 5348
"../../../Engine/Content/EngineMaterials/Substrate/Glints2/dict_0003_0175.uasset" 5349
"../../../Engine/Content/EngineMaterials/Substrate/Glints2/dict_0003_0176.uasset" 5350
"../../../Engine/Content/EngineMaterials/Substrate/Glints2/dict_0003_0177.uasset" 5351
"../../../Engine/Content/EngineMaterials/Substrate/Glints2/dict_0003_0178.uasset" 5352
"../../../Engine/Content/EngineMaterials/Substrate/Glints2/dict_0003_0179.uasset" 5353
"../../../Engine/Content/EngineMaterials/Substrate/Glints2/dict_0003_0180.uasset" 5354
"../../../Engine/Content/EngineMaterials/Substrate/Glints2/dict_0003_0181.uasset" 5355
"../../../Engine/Content/EngineMaterials/Substrate/Glints2/dict_0003_0182.uasset" 5356
"../../../Engine/Content/EngineMaterials/Substrate/Glints2/dict_0003_0183.uasset" 5357
"../../../Engine/Content/EngineMaterials/Substrate/Glints2/dict_0003_0184.uasset" 5358
"../../../Engine/Content/EngineMaterials/Substrate/Glints2/dict_0003_0185.uasset" 5359
"../../../Engine/Content/EngineMaterials/Substrate/Glints2/dict_0003_0186.uasset" 5360
"../../../Engine/Content/EngineMaterials/Substrate/Glints2/dict_0003_0187.uasset" 5361
"../../../Engine/Content/EngineMaterials/Substrate/Glints2/dict_0003_0188.uasset" 5362
"../../../Engine/Content/EngineMaterials/Substrate/Glints2/dict_0003_0189.uasset" 5363
"../../../Engine/Content/EngineMaterials/Substrate/Glints2/dict_0003_0190.uasset" 5364
"../../../Engine/Content/EngineMaterials/Substrate/Glints2/dict_0003_0191.uasset" 5365
"../../../Engine/Content/EngineMaterials/Substrate/Glints2/dict_0003_0192.uasset" 5366
"../../../Engine/Content/EngineMaterials/Substrate/Glints2/dict_0003_0193.uasset" 5367
"../../../Engine/Content/EngineMaterials/Substrate/Glints2/dict_0003_0194.uasset" 5368
"../../../Engine/Content/EngineMaterials/Substrate/Glints2/dict_0003_0195.uasset" 5369
"../../../Engine/Content/EngineMaterials/Substrate/Glints2/dict_0003_0196.uasset" 5370
"../../../Engine/Content/EngineMaterials/Substrate/Glints2/dict_0003_0197.uasset" 5371
"../../../Engine/Content/EngineMaterials/Substrate/Glints2/dict_0003_0198.uasset" 5372
"../../../Engine/Content/EngineMaterials/Substrate/Glints2/dict_0003_0199.uasset" 5373
"../../../Engine/Content/EngineMaterials/Substrate/Glints2/dict_0003_0200.uasset" 5374
"../../../Engine/Content/EngineMaterials/Substrate/Glints2/dict_0003_0201.uasset" 5375
"../../../Engine/Content/EngineMaterials/Substrate/Glints2/dict_0003_0202.uasset" 5376
"../../../Engine/Content/EngineMaterials/Substrate/Glints2/dict_0003_0203.uasset" 5377
"../../../Engine/Content/EngineMaterials/Substrate/Glints2/dict_0003_0204.uasset" 5378
"../../../Engine/Content/EngineMaterials/Substrate/Glints2/dict_0003_0205.uasset" 5379
"../../../Engine/Content/EngineMaterials/Substrate/Glints2/dict_0003_0206.uasset" 5380
"../../../Engine/Content/EngineMaterials/Substrate/Glints2/dict_0003_0207.uasset" 5381
"../../../Engine/Content/EngineMaterials/Substrate/Glints2/dict_0003_0208.uasset" 5382
"../../../Engine/Content/EngineMaterials/Substrate/Glints2/dict_0003_0209.uasset" 5383
"../../../Engine/Content/EngineMaterials/Substrate/Glints2/dict_0003_0210.uasset" 5384
"../../../Engine/Content/EngineMaterials/Substrate/Glints2/dict_0003_0211.uasset" 5385
"../../../Engine/Content/EngineMaterials/Substrate/Glints2/dict_0003_0212.uasset" 5386
"../../../Engine/Content/EngineMaterials/Substrate/Glints2/dict_0003_0213.uasset" 5387
"../../../Engine/Content/EngineMaterials/Substrate/Glints2/dict_0003_0214.uasset" 5388
"../../../Engine/Content/EngineMaterials/Substrate/Glints2/dict_0003_0215.uasset" 5389
"../../../Engine/Content/EngineMaterials/Substrate/Glints2/dict_0003_0216.uasset" 5390
"../../../Engine/Content/EngineMaterials/Substrate/Glints2/dict_0003_0217.uasset" 5391
"../../../Engine/Content/EngineMaterials/Substrate/Glints2/dict_0003_0218.uasset" 5392
"../../../Engine/Content/EngineMaterials/Substrate/Glints2/dict_0003_0219.uasset" 5393
"../../../Engine/Content/EngineMaterials/Substrate/Glints2/dict_0003_0220.uasset" 5394
"../../../Engine/Content/EngineMaterials/Substrate/Glints2/dict_0003_0221.uasset" 5395
"../../../Engine/Content/EngineMaterials/Substrate/Glints2/dict_0003_0222.uasset" 5396
"../../../Engine/Content/EngineMaterials/Substrate/Glints2/dict_0003_0223.uasset" 5397
"../../../Engine/Content/EngineMaterials/Substrate/Glints2/dict_0003_0224.uasset" 5398
"../../../Engine/Content/EngineMaterials/Substrate/Glints2/dict_0003_0225.uasset" 5399
"../../../Engine/Content/EngineMaterials/Substrate/Glints2/dict_0003_0226.uasset" 5400
"../../../Engine/Content/EngineMaterials/Substrate/Glints2/dict_0003_0227.uasset" 5401
"../../../Engine/Content/EngineMaterials/Substrate/Glints2/dict_0003_0228.uasset" 5402
"../../../Engine/Content/EngineMaterials/Substrate/Glints2/dict_0003_0229.uasset" 5403
"../../../Engine/Content/EngineMaterials/Substrate/Glints2/dict_0003_0230.uasset" 5404
"../../../Engine/Content/EngineMaterials/Substrate/Glints2/dict_0003_0231.uasset" 5405
"../../../Engine/Content/EngineMaterials/Substrate/Glints2/dict_0003_0232.uasset" 5406
"../../../Engine/Content/EngineMaterials/Substrate/Glints2/dict_0003_0233.uasset" 5407
"../../../Engine/Content/EngineMaterials/Substrate/Glints2/dict_0003_0234.uasset" 5408
"../../../Engine/Content/EngineMaterials/Substrate/Glints2/dict_0003_0235.uasset" 5409
"../../../Engine/Content/EngineMaterials/Substrate/Glints2/dict_0003_0236.uasset" 5410
"../../../Engine/Content/EngineMaterials/Substrate/Glints2/dict_0003_0237.uasset" 5411
"../../../Engine/Content/EngineMaterials/Substrate/Glints2/dict_0003_0238.uasset" 5412
"../../../Engine/Content/EngineMaterials/Substrate/Glints2/dict_0003_0239.uasset" 5413
"../../../Engine/Content/EngineMaterials/Substrate/Glints2/dict_0003_0240.uasset" 5414
"../../../Engine/Content/EngineMaterials/Substrate/Glints2/dict_0003_0241.uasset" 5415
"../../../Engine/Content/EngineMaterials/Substrate/Glints2/dict_0003_0242.uasset" 5416
"../../../Engine/Content/EngineMaterials/Substrate/Glints2/dict_0003_0243.uasset" 5417
"../../../Engine/Content/EngineMaterials/Substrate/Glints2/dict_0003_0244.uasset" 5418
"../../../Engine/Content/EngineMaterials/Substrate/Glints2/dict_0003_0245.uasset" 5419
"../../../Engine/Content/EngineMaterials/Substrate/Glints2/dict_0003_0246.uasset" 5420
"../../../Engine/Content/EngineMaterials/Substrate/Glints2/dict_0003_0247.uasset" 5421
"../../../Engine/Content/EngineMaterials/Substrate/Glints2/dict_0003_0248.uasset" 5422
"../../../Engine/Content/EngineMaterials/Substrate/Glints2/dict_0003_0249.uasset" 5423
"../../../Engine/Content/EngineMaterials/Substrate/Glints2/dict_0003_0250.uasset" 5424
"../../../Engine/Content/EngineMaterials/Substrate/Glints2/dict_0003_0251.uasset" 5425
"../../../Engine/Content/EngineMaterials/Substrate/Glints2/dict_0003_0252.uasset" 5426
"../../../Engine/Content/EngineMaterials/Substrate/Glints2/dict_0003_0253.uasset" 5427
"../../../Engine/Content/EngineMaterials/Substrate/Glints2/dict_0003_0254.uasset" 5428
"../../../Engine/Content/EngineMaterials/Substrate/Glints2/dict_0003_0255.uasset" 5429
"../../../Engine/Content/EngineMaterials/Substrate/Glints2/dict_0004_0000.uasset" 5430
"../../../Engine/Content/EngineMaterials/Substrate/Glints2/dict_0004_0001.uasset" 5431
"../../../Engine/Content/EngineMaterials/Substrate/Glints2/dict_0004_0002.uasset" 5432
"../../../Engine/Content/EngineMaterials/Substrate/Glints2/dict_0004_0003.uasset" 5433
"../../../Engine/Content/EngineMaterials/Substrate/Glints2/dict_0004_0004.uasset" 5434
"../../../Engine/Content/EngineMaterials/Substrate/Glints2/dict_0004_0005.uasset" 5435
"../../../Engine/Content/EngineMaterials/Substrate/Glints2/dict_0004_0006.uasset" 5436
"../../../Engine/Content/EngineMaterials/Substrate/Glints2/dict_0004_0007.uasset" 5437
"../../../Engine/Content/EngineMaterials/Substrate/Glints2/dict_0004_0008.uasset" 5438
"../../../Engine/Content/EngineMaterials/Substrate/Glints2/dict_0004_0009.uasset" 5439
"../../../Engine/Content/EngineMaterials/Substrate/Glints2/dict_0004_0010.uasset" 5440
"../../../Engine/Content/EngineMaterials/Substrate/Glints2/dict_0004_0011.uasset" 5441
"../../../Engine/Content/EngineMaterials/Substrate/Glints2/dict_0004_0012.uasset" 5442
"../../../Engine/Content/EngineMaterials/Substrate/Glints2/dict_0004_0013.uasset" 5443
"../../../Engine/Content/EngineMaterials/Substrate/Glints2/dict_0004_0014.uasset" 5444
"../../../Engine/Content/EngineMaterials/Substrate/Glints2/dict_0004_0015.uasset" 5445
"../../../Engine/Content/EngineMaterials/Substrate/Glints2/dict_0004_0016.uasset" 5446
"../../../Engine/Content/EngineMaterials/Substrate/Glints2/dict_0004_0017.uasset" 5447
"../../../Engine/Content/EngineMaterials/Substrate/Glints2/dict_0004_0018.uasset" 5448
"../../../Engine/Content/EngineMaterials/Substrate/Glints2/dict_0004_0019.uasset" 5449
"../../../Engine/Content/EngineMaterials/Substrate/Glints2/dict_0004_0020.uasset" 5450
"../../../Engine/Content/EngineMaterials/Substrate/Glints2/dict_0004_0021.uasset" 5451
"../../../Engine/Content/EngineMaterials/Substrate/Glints2/dict_0004_0022.uasset" 5452
"../../../Engine/Content/EngineMaterials/Substrate/Glints2/dict_0004_0023.uasset" 5453
"../../../Engine/Content/EngineMaterials/Substrate/Glints2/dict_0004_0024.uasset" 5454
"../../../Engine/Content/EngineMaterials/Substrate/Glints2/dict_0004_0025.uasset" 5455
"../../../Engine/Content/EngineMaterials/Substrate/Glints2/dict_0004_0026.uasset" 5456
"../../../Engine/Content/EngineMaterials/Substrate/Glints2/dict_0004_0027.uasset" 5457
"../../../Engine/Content/EngineMaterials/Substrate/Glints2/dict_0004_0028.uasset" 5458
"../../../Engine/Content/EngineMaterials/Substrate/Glints2/dict_0004_0029.uasset" 5459
"../../../Engine/Content/EngineMaterials/Substrate/Glints2/dict_0004_0030.uasset" 5460
"../../../Engine/Content/EngineMaterials/Substrate/Glints2/dict_0004_0031.uasset" 5461
"../../../Engine/Content/EngineMaterials/Substrate/Glints2/dict_0004_0032.uasset" 5462
"../../../Engine/Content/EngineMaterials/Substrate/Glints2/dict_0004_0033.uasset" 5463
"../../../Engine/Content/EngineMaterials/Substrate/Glints2/dict_0004_0034.uasset" 5464
"../../../Engine/Content/EngineMaterials/Substrate/Glints2/dict_0004_0035.uasset" 5465
"../../../Engine/Content/EngineMaterials/Substrate/Glints2/dict_0004_0036.uasset" 5466
"../../../Engine/Content/EngineMaterials/Substrate/Glints2/dict_0004_0037.uasset" 5467
"../../../Engine/Content/EngineMaterials/Substrate/Glints2/dict_0004_0038.uasset" 5468
"../../../Engine/Content/EngineMaterials/Substrate/Glints2/dict_0004_0039.uasset" 5469
"../../../Engine/Content/EngineMaterials/Substrate/Glints2/dict_0004_0040.uasset" 5470
"../../../Engine/Content/EngineMaterials/Substrate/Glints2/dict_0004_0041.uasset" 5471
"../../../Engine/Content/EngineMaterials/Substrate/Glints2/dict_0004_0042.uasset" 5472
"../../../Engine/Content/EngineMaterials/Substrate/Glints2/dict_0004_0043.uasset" 5473
"../../../Engine/Content/EngineMaterials/Substrate/Glints2/dict_0004_0044.uasset" 5474
"../../../Engine/Content/EngineMaterials/Substrate/Glints2/dict_0004_0045.uasset" 5475
"../../../Engine/Content/EngineMaterials/Substrate/Glints2/dict_0004_0046.uasset" 5476
"../../../Engine/Content/EngineMaterials/Substrate/Glints2/dict_0004_0047.uasset" 5477
"../../../Engine/Content/EngineMaterials/Substrate/Glints2/dict_0004_0048.uasset" 5478
"../../../Engine/Content/EngineMaterials/Substrate/Glints2/dict_0004_0049.uasset" 5479
"../../../Engine/Content/EngineMaterials/Substrate/Glints2/dict_0004_0050.uasset" 5480
"../../../Engine/Content/EngineMaterials/Substrate/Glints2/dict_0004_0051.uasset" 5481
"../../../Engine/Content/EngineMaterials/Substrate/Glints2/dict_0004_0052.uasset" 5482
"../../../Engine/Content/EngineMaterials/Substrate/Glints2/dict_0004_0053.uasset" 5483
"../../../Engine/Content/EngineMaterials/Substrate/Glints2/dict_0004_0054.uasset" 5484
"../../../Engine/Content/EngineMaterials/Substrate/Glints2/dict_0004_0055.uasset" 5485
"../../../Engine/Content/EngineMaterials/Substrate/Glints2/dict_0004_0056.uasset" 5486
"../../../Engine/Content/EngineMaterials/Substrate/Glints2/dict_0004_0057.uasset" 5487
"../../../Engine/Content/EngineMaterials/Substrate/Glints2/dict_0004_0058.uasset" 5488
"../../../Engine/Content/EngineMaterials/Substrate/Glints2/dict_0004_0059.uasset" 5489
"../../../Engine/Content/EngineMaterials/Substrate/Glints2/dict_0004_0060.uasset" 5490
"../../../Engine/Content/EngineMaterials/Substrate/Glints2/dict_0004_0061.uasset" 5491
"../../../Engine/Content/EngineMaterials/Substrate/Glints2/dict_0004_0062.uasset" 5492
"../../../Engine/Content/EngineMaterials/Substrate/Glints2/dict_0004_0063.uasset" 5493
"../../../Engine/Content/EngineMaterials/Substrate/Glints2/dict_0004_0064.uasset" 5494
"../../../Engine/Content/EngineMaterials/Substrate/Glints2/dict_0004_0065.uasset" 5495
"../../../Engine/Content/EngineMaterials/Substrate/Glints2/dict_0004_0066.uasset" 5496
"../../../Engine/Content/EngineMaterials/Substrate/Glints2/dict_0004_0067.uasset" 5497
"../../../Engine/Content/EngineMaterials/Substrate/Glints2/dict_0004_0068.uasset" 5498
"../../../Engine/Content/EngineMaterials/Substrate/Glints2/dict_0004_0069.uasset" 5499
"../../../Engine/Content/EngineMaterials/Substrate/Glints2/dict_0004_0070.uasset" 5500
"../../../Engine/Content/EngineMaterials/Substrate/Glints2/dict_0004_0071.uasset" 5501
"../../../Engine/Content/EngineMaterials/Substrate/Glints2/dict_0004_0072.uasset" 5502
"../../../Engine/Content/EngineMaterials/Substrate/Glints2/dict_0004_0073.uasset" 5503
"../../../Engine/Content/EngineMaterials/Substrate/Glints2/dict_0004_0074.uasset" 5504
"../../../Engine/Content/EngineMaterials/Substrate/Glints2/dict_0004_0075.uasset" 5505
"../../../Engine/Content/EngineMaterials/Substrate/Glints2/dict_0004_0076.uasset" 5506
"../../../Engine/Content/EngineMaterials/Substrate/Glints2/dict_0004_0077.uasset" 5507
"../../../Engine/Content/EngineMaterials/Substrate/Glints2/dict_0004_0078.uasset" 5508
"../../../Engine/Content/EngineMaterials/Substrate/Glints2/dict_0004_0079.uasset" 5509
"../../../Engine/Content/EngineMaterials/Substrate/Glints2/dict_0004_0080.uasset" 5510
"../../../Engine/Content/EngineMaterials/Substrate/Glints2/dict_0004_0081.uasset" 5511
"../../../Engine/Content/EngineMaterials/Substrate/Glints2/dict_0004_0082.uasset" 5512
"../../../Engine/Content/EngineMaterials/Substrate/Glints2/dict_0004_0083.uasset" 5513
"../../../Engine/Content/EngineMaterials/Substrate/Glints2/dict_0004_0084.uasset" 5514
"../../../Engine/Content/EngineMaterials/Substrate/Glints2/dict_0004_0085.uasset" 5515
"../../../Engine/Content/EngineMaterials/Substrate/Glints2/dict_0004_0086.uasset" 5516
"../../../Engine/Content/EngineMaterials/Substrate/Glints2/dict_0004_0087.uasset" 5517
"../../../Engine/Content/EngineMaterials/Substrate/Glints2/dict_0004_0088.uasset" 5518
"../../../Engine/Content/EngineMaterials/Substrate/Glints2/dict_0004_0089.uasset" 5519
"../../../Engine/Content/EngineMaterials/Substrate/Glints2/dict_0004_0090.uasset" 5520
"../../../Engine/Content/EngineMaterials/Substrate/Glints2/dict_0004_0091.uasset" 5521
"../../../Engine/Content/EngineMaterials/Substrate/Glints2/dict_0004_0092.uasset" 5522
"../../../Engine/Content/EngineMaterials/Substrate/Glints2/dict_0004_0093.uasset" 5523
"../../../Engine/Content/EngineMaterials/Substrate/Glints2/dict_0004_0094.uasset" 5524
"../../../Engine/Content/EngineMaterials/Substrate/Glints2/dict_0004_0095.uasset" 5525
"../../../Engine/Content/EngineMaterials/Substrate/Glints2/dict_0004_0096.uasset" 5526
"../../../Engine/Content/EngineMaterials/Substrate/Glints2/dict_0004_0097.uasset" 5527
"../../../Engine/Content/EngineMaterials/Substrate/Glints2/dict_0004_0098.uasset" 5528
"../../../Engine/Content/EngineMaterials/Substrate/Glints2/dict_0004_0099.uasset" 5529
"../../../Engine/Content/EngineMaterials/Substrate/Glints2/dict_0004_0100.uasset" 5530
"../../../Engine/Content/EngineMaterials/Substrate/Glints2/dict_0004_0101.uasset" 5531
"../../../Engine/Content/EngineMaterials/Substrate/Glints2/dict_0004_0102.uasset" 5532
"../../../Engine/Content/EngineMaterials/Substrate/Glints2/dict_0004_0103.uasset" 5533
"../../../Engine/Content/EngineMaterials/Substrate/Glints2/dict_0004_0104.uasset" 5534
"../../../Engine/Content/EngineMaterials/Substrate/Glints2/dict_0004_0105.uasset" 5535
"../../../Engine/Content/EngineMaterials/Substrate/Glints2/dict_0004_0106.uasset" 5536
"../../../Engine/Content/EngineMaterials/Substrate/Glints2/dict_0004_0107.uasset" 5537
"../../../Engine/Content/EngineMaterials/Substrate/Glints2/dict_0004_0108.uasset" 5538
"../../../Engine/Content/EngineMaterials/Substrate/Glints2/dict_0004_0109.uasset" 5539
"../../../Engine/Content/EngineMaterials/Substrate/Glints2/dict_0004_0110.uasset" 5540
"../../../Engine/Content/EngineMaterials/Substrate/Glints2/dict_0004_0111.uasset" 5541
"../../../Engine/Content/EngineMaterials/Substrate/Glints2/dict_0004_0112.uasset" 5542
"../../../Engine/Content/EngineMaterials/Substrate/Glints2/dict_0004_0113.uasset" 5543
"../../../Engine/Content/EngineMaterials/Substrate/Glints2/dict_0004_0114.uasset" 5544
"../../../Engine/Content/EngineMaterials/Substrate/Glints2/dict_0004_0115.uasset" 5545
"../../../Engine/Content/EngineMaterials/Substrate/Glints2/dict_0004_0116.uasset" 5546
"../../../Engine/Content/EngineMaterials/Substrate/Glints2/dict_0004_0117.uasset" 5547
"../../../Engine/Content/EngineMaterials/Substrate/Glints2/dict_0004_0118.uasset" 5548
"../../../Engine/Content/EngineMaterials/Substrate/Glints2/dict_0004_0119.uasset" 5549
"../../../Engine/Content/EngineMaterials/Substrate/Glints2/dict_0004_0120.uasset" 5550
"../../../Engine/Content/EngineMaterials/Substrate/Glints2/dict_0004_0121.uasset" 5551
"../../../Engine/Content/EngineMaterials/Substrate/Glints2/dict_0004_0122.uasset" 5552
"../../../Engine/Content/EngineMaterials/Substrate/Glints2/dict_0004_0123.uasset" 5553
"../../../Engine/Content/EngineMaterials/Substrate/Glints2/dict_0004_0124.uasset" 5554
"../../../Engine/Content/EngineMaterials/Substrate/Glints2/dict_0004_0125.uasset" 5555
"../../../Engine/Content/EngineMaterials/Substrate/Glints2/dict_0004_0126.uasset" 5556
"../../../Engine/Content/EngineMaterials/Substrate/Glints2/dict_0004_0127.uasset" 5557
"../../../Engine/Content/EngineMaterials/Substrate/Glints2/dict_0004_0128.uasset" 5558
"../../../Engine/Content/EngineMaterials/Substrate/Glints2/dict_0004_0129.uasset" 5559
"../../../Engine/Content/EngineMaterials/Substrate/Glints2/dict_0004_0130.uasset" 5560
"../../../Engine/Content/EngineMaterials/Substrate/Glints2/dict_0004_0131.uasset" 5561
"../../../Engine/Content/EngineMaterials/Substrate/Glints2/dict_0004_0132.uasset" 5562
"../../../Engine/Content/EngineMaterials/Substrate/Glints2/dict_0004_0133.uasset" 5563
"../../../Engine/Content/EngineMaterials/Substrate/Glints2/dict_0004_0134.uasset" 5564
"../../../Engine/Content/EngineMaterials/Substrate/Glints2/dict_0004_0135.uasset" 5565
"../../../Engine/Content/EngineMaterials/Substrate/Glints2/dict_0004_0136.uasset" 5566
"../../../Engine/Content/EngineMaterials/Substrate/Glints2/dict_0004_0137.uasset" 5567
"../../../Engine/Content/EngineMaterials/Substrate/Glints2/dict_0004_0138.uasset" 5568
"../../../Engine/Content/EngineMaterials/Substrate/Glints2/dict_0004_0139.uasset" 5569
"../../../Engine/Content/EngineMaterials/Substrate/Glints2/dict_0004_0140.uasset" 5570
"../../../Engine/Content/EngineMaterials/Substrate/Glints2/dict_0004_0141.uasset" 5571
"../../../Engine/Content/EngineMaterials/Substrate/Glints2/dict_0004_0142.uasset" 5572
"../../../Engine/Content/EngineMaterials/Substrate/Glints2/dict_0004_0143.uasset" 5573
"../../../Engine/Content/EngineMaterials/Substrate/Glints2/dict_0004_0144.uasset" 5574
"../../../Engine/Content/EngineMaterials/Substrate/Glints2/dict_0004_0145.uasset" 5575
"../../../Engine/Content/EngineMaterials/Substrate/Glints2/dict_0004_0146.uasset" 5576
"../../../Engine/Content/EngineMaterials/Substrate/Glints2/dict_0004_0147.uasset" 5577
"../../../Engine/Content/EngineMaterials/Substrate/Glints2/dict_0004_0148.uasset" 5578
"../../../Engine/Content/EngineMaterials/Substrate/Glints2/dict_0004_0149.uasset" 5579
"../../../Engine/Content/EngineMaterials/Substrate/Glints2/dict_0004_0150.uasset" 5580
"../../../Engine/Content/EngineMaterials/Substrate/Glints2/dict_0004_0151.uasset" 5581
"../../../Engine/Content/EngineMaterials/Substrate/Glints2/dict_0004_0152.uasset" 5582
"../../../Engine/Content/EngineMaterials/Substrate/Glints2/dict_0004_0153.uasset" 5583
"../../../Engine/Content/EngineMaterials/Substrate/Glints2/dict_0004_0154.uasset" 5584
"../../../Engine/Content/EngineMaterials/Substrate/Glints2/dict_0004_0155.uasset" 5585
"../../../Engine/Content/EngineMaterials/Substrate/Glints2/dict_0004_0156.uasset" 5586
"../../../Engine/Content/EngineMaterials/Substrate/Glints2/dict_0004_0157.uasset" 5587
"../../../Engine/Content/EngineMaterials/Substrate/Glints2/dict_0004_0158.uasset" 5588
"../../../Engine/Content/EngineMaterials/Substrate/Glints2/dict_0004_0159.uasset" 5589
"../../../Engine/Content/EngineMaterials/Substrate/Glints2/dict_0004_0160.uasset" 5590
"../../../Engine/Content/EngineMaterials/Substrate/Glints2/dict_0004_0161.uasset" 5591
"../../../Engine/Content/EngineMaterials/Substrate/Glints2/dict_0004_0162.uasset" 5592
"../../../Engine/Content/EngineMaterials/Substrate/Glints2/dict_0004_0163.uasset" 5593
"../../../Engine/Content/EngineMaterials/Substrate/Glints2/dict_0004_0164.uasset" 5594
"../../../Engine/Content/EngineMaterials/Substrate/Glints2/dict_0004_0165.uasset" 5595
"../../../Engine/Content/EngineMaterials/Substrate/Glints2/dict_0004_0166.uasset" 5596
"../../../Engine/Content/EngineMaterials/Substrate/Glints2/dict_0004_0167.uasset" 5597
"../../../Engine/Content/EngineMaterials/Substrate/Glints2/dict_0004_0168.uasset" 5598
"../../../Engine/Content/EngineMaterials/Substrate/Glints2/dict_0004_0169.uasset" 5599
"../../../Engine/Content/EngineMaterials/Substrate/Glints2/dict_0004_0170.uasset" 5600
"../../../Engine/Content/EngineMaterials/Substrate/Glints2/dict_0004_0171.uasset" 5601
"../../../Engine/Content/EngineMaterials/Substrate/Glints2/dict_0004_0172.uasset" 5602
"../../../Engine/Content/EngineMaterials/Substrate/Glints2/dict_0004_0173.uasset" 5603
"../../../Engine/Content/EngineMaterials/Substrate/Glints2/dict_0004_0174.uasset" 5604
"../../../Engine/Content/EngineMaterials/Substrate/Glints2/dict_0004_0175.uasset" 5605
"../../../Engine/Content/EngineMaterials/Substrate/Glints2/dict_0004_0176.uasset" 5606
"../../../Engine/Content/EngineMaterials/Substrate/Glints2/dict_0004_0177.uasset" 5607
"../../../Engine/Content/EngineMaterials/Substrate/Glints2/dict_0004_0178.uasset" 5608
"../../../Engine/Content/EngineMaterials/Substrate/Glints2/dict_0004_0179.uasset" 5609
"../../../Engine/Content/EngineMaterials/Substrate/Glints2/dict_0004_0180.uasset" 5610
"../../../Engine/Content/EngineMaterials/Substrate/Glints2/dict_0004_0181.uasset" 5611
"../../../Engine/Content/EngineMaterials/Substrate/Glints2/dict_0004_0182.uasset" 5612
"../../../Engine/Content/EngineMaterials/Substrate/Glints2/dict_0004_0183.uasset" 5613
"../../../Engine/Content/EngineMaterials/Substrate/Glints2/dict_0004_0184.uasset" 5614
"../../../Engine/Content/EngineMaterials/Substrate/Glints2/dict_0004_0185.uasset" 5615
"../../../Engine/Content/EngineMaterials/Substrate/Glints2/dict_0004_0186.uasset" 5616
"../../../Engine/Content/EngineMaterials/Substrate/Glints2/dict_0004_0187.uasset" 5617
"../../../Engine/Content/EngineMaterials/Substrate/Glints2/dict_0004_0188.uasset" 5618
"../../../Engine/Content/EngineMaterials/Substrate/Glints2/dict_0004_0189.uasset" 5619
"../../../Engine/Content/EngineMaterials/Substrate/Glints2/dict_0004_0190.uasset" 5620
"../../../Engine/Content/EngineMaterials/Substrate/Glints2/dict_0004_0191.uasset" 5621
"../../../Engine/Content/EngineMaterials/Substrate/Glints2/dict_0004_0192.uasset" 5622
"../../../Engine/Content/EngineMaterials/Substrate/Glints2/dict_0004_0193.uasset" 5623
"../../../Engine/Content/EngineMaterials/Substrate/Glints2/dict_0004_0194.uasset" 5624
"../../../Engine/Content/EngineMaterials/Substrate/Glints2/dict_0004_0195.uasset" 5625
"../../../Engine/Content/EngineMaterials/Substrate/Glints2/dict_0004_0196.uasset" 5626
"../../../Engine/Content/EngineMaterials/Substrate/Glints2/dict_0004_0197.uasset" 5627
"../../../Engine/Content/EngineMaterials/Substrate/Glints2/dict_0004_0198.uasset" 5628
"../../../Engine/Content/EngineMaterials/Substrate/Glints2/dict_0004_0199.uasset" 5629
"../../../Engine/Content/EngineMaterials/Substrate/Glints2/dict_0004_0200.uasset" 5630
"../../../Engine/Content/EngineMaterials/Substrate/Glints2/dict_0004_0201.uasset" 5631
"../../../Engine/Content/EngineMaterials/Substrate/Glints2/dict_0004_0202.uasset" 5632
"../../../Engine/Content/EngineMaterials/Substrate/Glints2/dict_0004_0203.uasset" 5633
"../../../Engine/Content/EngineMaterials/Substrate/Glints2/dict_0004_0204.uasset" 5634
"../../../Engine/Content/EngineMaterials/Substrate/Glints2/dict_0004_0205.uasset" 5635
"../../../Engine/Content/EngineMaterials/Substrate/Glints2/dict_0004_0206.uasset" 5636
"../../../Engine/Content/EngineMaterials/Substrate/Glints2/dict_0004_0207.uasset" 5637
"../../../Engine/Content/EngineMaterials/Substrate/Glints2/dict_0004_0208.uasset" 5638
"../../../Engine/Content/EngineMaterials/Substrate/Glints2/dict_0004_0209.uasset" 5639
"../../../Engine/Content/EngineMaterials/Substrate/Glints2/dict_0004_0210.uasset" 5640
"../../../Engine/Content/EngineMaterials/Substrate/Glints2/dict_0004_0211.uasset" 5641
"../../../Engine/Content/EngineMaterials/Substrate/Glints2/dict_0004_0212.uasset" 5642
"../../../Engine/Content/EngineMaterials/Substrate/Glints2/dict_0004_0213.uasset" 5643
"../../../Engine/Content/EngineMaterials/Substrate/Glints2/dict_0004_0214.uasset" 5644
"../../../Engine/Content/EngineMaterials/Substrate/Glints2/dict_0004_0215.uasset" 5645
"../../../Engine/Content/EngineMaterials/Substrate/Glints2/dict_0004_0216.uasset" 5646
"../../../Engine/Content/EngineMaterials/Substrate/Glints2/dict_0004_0217.uasset" 5647
"../../../Engine/Content/EngineMaterials/Substrate/Glints2/dict_0004_0218.uasset" 5648
"../../../Engine/Content/EngineMaterials/Substrate/Glints2/dict_0004_0219.uasset" 5649
"../../../Engine/Content/EngineMaterials/Substrate/Glints2/dict_0004_0220.uasset" 5650
"../../../Engine/Content/EngineMaterials/Substrate/Glints2/dict_0004_0221.uasset" 5651
"../../../Engine/Content/EngineMaterials/Substrate/Glints2/dict_0004_0222.uasset" 5652
"../../../Engine/Content/EngineMaterials/Substrate/Glints2/dict_0004_0223.uasset" 5653
"../../../Engine/Content/EngineMaterials/Substrate/Glints2/dict_0004_0224.uasset" 5654
"../../../Engine/Content/EngineMaterials/Substrate/Glints2/dict_0004_0225.uasset" 5655
"../../../Engine/Content/EngineMaterials/Substrate/Glints2/dict_0004_0226.uasset" 5656
"../../../Engine/Content/EngineMaterials/Substrate/Glints2/dict_0004_0227.uasset" 5657
"../../../Engine/Content/EngineMaterials/Substrate/Glints2/dict_0004_0228.uasset" 5658
"../../../Engine/Content/EngineMaterials/Substrate/Glints2/dict_0004_0229.uasset" 5659
"../../../Engine/Content/EngineMaterials/Substrate/Glints2/dict_0004_0230.uasset" 5660
"../../../Engine/Content/EngineMaterials/Substrate/Glints2/dict_0004_0231.uasset" 5661
"../../../Engine/Content/EngineMaterials/Substrate/Glints2/dict_0004_0232.uasset" 5662
"../../../Engine/Content/EngineMaterials/Substrate/Glints2/dict_0004_0233.uasset" 5663
"../../../Engine/Content/EngineMaterials/Substrate/Glints2/dict_0004_0234.uasset" 5664
"../../../Engine/Content/EngineMaterials/Substrate/Glints2/dict_0004_0235.uasset" 5665
"../../../Engine/Content/EngineMaterials/Substrate/Glints2/dict_0004_0236.uasset" 5666
"../../../Engine/Content/EngineMaterials/Substrate/Glints2/dict_0004_0237.uasset" 5667
"../../../Engine/Content/EngineMaterials/Substrate/Glints2/dict_0004_0238.uasset" 5668
"../../../Engine/Content/EngineMaterials/Substrate/Glints2/dict_0004_0239.uasset" 5669
"../../../Engine/Content/EngineMaterials/Substrate/Glints2/dict_0004_0240.uasset" 5670
"../../../Engine/Content/EngineMaterials/Substrate/Glints2/dict_0004_0241.uasset" 5671
"../../../Engine/Content/EngineMaterials/Substrate/Glints2/dict_0004_0242.uasset" 5672
"../../../Engine/Content/EngineMaterials/Substrate/Glints2/dict_0004_0243.uasset" 5673
"../../../Engine/Content/EngineMaterials/Substrate/Glints2/dict_0004_0244.uasset" 5674
"../../../Engine/Content/EngineMaterials/Substrate/Glints2/dict_0004_0245.uasset" 5675
"../../../Engine/Content/EngineMaterials/Substrate/Glints2/dict_0004_0246.uasset" 5676
"../../../Engine/Content/EngineMaterials/Substrate/Glints2/dict_0004_0247.uasset" 5677
"../../../Engine/Content/EngineMaterials/Substrate/Glints2/dict_0004_0248.uasset" 5678
"../../../Engine/Content/EngineMaterials/Substrate/Glints2/dict_0004_0249.uasset" 5679
"../../../Engine/Content/EngineMaterials/Substrate/Glints2/dict_0004_0250.uasset" 5680
"../../../Engine/Content/EngineMaterials/Substrate/Glints2/dict_0004_0251.uasset" 5681
"../../../Engine/Content/EngineMaterials/Substrate/Glints2/dict_0004_0252.uasset" 5682
"../../../Engine/Content/EngineMaterials/Substrate/Glints2/dict_0004_0253.uasset" 5683
"../../../Engine/Content/EngineMaterials/Substrate/Glints2/dict_0004_0254.uasset" 5684
"../../../Engine/Content/EngineMaterials/Substrate/Glints2/dict_0004_0255.uasset" 5685
"../../../Engine/Content/EngineMaterials/Substrate/Glints2/dict_0005_0000.uasset" 5686
"../../../Engine/Content/EngineMaterials/Substrate/Glints2/dict_0005_0001.uasset" 5687
"../../../Engine/Content/EngineMaterials/Substrate/Glints2/dict_0005_0002.uasset" 5688
"../../../Engine/Content/EngineMaterials/Substrate/Glints2/dict_0005_0003.uasset" 5689
"../../../Engine/Content/EngineMaterials/Substrate/Glints2/dict_0005_0004.uasset" 5690
"../../../Engine/Content/EngineMaterials/Substrate/Glints2/dict_0005_0005.uasset" 5691
"../../../Engine/Content/EngineMaterials/Substrate/Glints2/dict_0005_0006.uasset" 5692
"../../../Engine/Content/EngineMaterials/Substrate/Glints2/dict_0005_0007.uasset" 5693
"../../../Engine/Content/EngineMaterials/Substrate/Glints2/dict_0005_0008.uasset" 5694
"../../../Engine/Content/EngineMaterials/Substrate/Glints2/dict_0005_0009.uasset" 5695
"../../../Engine/Content/EngineMaterials/Substrate/Glints2/dict_0005_0010.uasset" 5696
"../../../Engine/Content/EngineMaterials/Substrate/Glints2/dict_0005_0011.uasset" 5697
"../../../Engine/Content/EngineMaterials/Substrate/Glints2/dict_0005_0012.uasset" 5698
"../../../Engine/Content/EngineMaterials/Substrate/Glints2/dict_0005_0013.uasset" 5699
"../../../Engine/Content/EngineMaterials/Substrate/Glints2/dict_0005_0014.uasset" 5700
"../../../Engine/Content/EngineMaterials/Substrate/Glints2/dict_0005_0015.uasset" 5701
"../../../Engine/Content/EngineMaterials/Substrate/Glints2/dict_0005_0016.uasset" 5702
"../../../Engine/Content/EngineMaterials/Substrate/Glints2/dict_0005_0017.uasset" 5703
"../../../Engine/Content/EngineMaterials/Substrate/Glints2/dict_0005_0018.uasset" 5704
"../../../Engine/Content/EngineMaterials/Substrate/Glints2/dict_0005_0019.uasset" 5705
"../../../Engine/Content/EngineMaterials/Substrate/Glints2/dict_0005_0020.uasset" 5706
"../../../Engine/Content/EngineMaterials/Substrate/Glints2/dict_0005_0021.uasset" 5707
"../../../Engine/Content/EngineMaterials/Substrate/Glints2/dict_0005_0022.uasset" 5708
"../../../Engine/Content/EngineMaterials/Substrate/Glints2/dict_0005_0023.uasset" 5709
"../../../Engine/Content/EngineMaterials/Substrate/Glints2/dict_0005_0024.uasset" 5710
"../../../Engine/Content/EngineMaterials/Substrate/Glints2/dict_0005_0025.uasset" 5711
"../../../Engine/Content/EngineMaterials/Substrate/Glints2/dict_0005_0026.uasset" 5712
"../../../Engine/Content/EngineMaterials/Substrate/Glints2/dict_0005_0027.uasset" 5713
"../../../Engine/Content/EngineMaterials/Substrate/Glints2/dict_0005_0028.uasset" 5714
"../../../Engine/Content/EngineMaterials/Substrate/Glints2/dict_0005_0029.uasset" 5715
"../../../Engine/Content/EngineMaterials/Substrate/Glints2/dict_0005_0030.uasset" 5716
"../../../Engine/Content/EngineMaterials/Substrate/Glints2/dict_0005_0031.uasset" 5717
"../../../Engine/Content/EngineMaterials/Substrate/Glints2/dict_0005_0032.uasset" 5718
"../../../Engine/Content/EngineMaterials/Substrate/Glints2/dict_0005_0033.uasset" 5719
"../../../Engine/Content/EngineMaterials/Substrate/Glints2/dict_0005_0034.uasset" 5720
"../../../Engine/Content/EngineMaterials/Substrate/Glints2/dict_0005_0035.uasset" 5721
"../../../Engine/Content/EngineMaterials/Substrate/Glints2/dict_0005_0036.uasset" 5722
"../../../Engine/Content/EngineMaterials/Substrate/Glints2/dict_0005_0037.uasset" 5723
"../../../Engine/Content/EngineMaterials/Substrate/Glints2/dict_0005_0038.uasset" 5724
"../../../Engine/Content/EngineMaterials/Substrate/Glints2/dict_0005_0039.uasset" 5725
"../../../Engine/Content/EngineMaterials/Substrate/Glints2/dict_0005_0040.uasset" 5726
"../../../Engine/Content/EngineMaterials/Substrate/Glints2/dict_0005_0041.uasset" 5727
"../../../Engine/Content/EngineMaterials/Substrate/Glints2/dict_0005_0042.uasset" 5728
"../../../Engine/Content/EngineMaterials/Substrate/Glints2/dict_0005_0043.uasset" 5729
"../../../Engine/Content/EngineMaterials/Substrate/Glints2/dict_0005_0044.uasset" 5730
"../../../Engine/Content/EngineMaterials/Substrate/Glints2/dict_0005_0045.uasset" 5731
"../../../Engine/Content/EngineMaterials/Substrate/Glints2/dict_0005_0046.uasset" 5732
"../../../Engine/Content/EngineMaterials/Substrate/Glints2/dict_0005_0047.uasset" 5733
"../../../Engine/Content/EngineMaterials/Substrate/Glints2/dict_0005_0048.uasset" 5734
"../../../Engine/Content/EngineMaterials/Substrate/Glints2/dict_0005_0049.uasset" 5735
"../../../Engine/Content/EngineMaterials/Substrate/Glints2/dict_0005_0050.uasset" 5736
"../../../Engine/Content/EngineMaterials/Substrate/Glints2/dict_0005_0051.uasset" 5737
"../../../Engine/Content/EngineMaterials/Substrate/Glints2/dict_0005_0052.uasset" 5738
"../../../Engine/Content/EngineMaterials/Substrate/Glints2/dict_0005_0053.uasset" 5739
"../../../Engine/Content/EngineMaterials/Substrate/Glints2/dict_0005_0054.uasset" 5740
"../../../Engine/Content/EngineMaterials/Substrate/Glints2/dict_0005_0055.uasset" 5741
"../../../Engine/Content/EngineMaterials/Substrate/Glints2/dict_0005_0056.uasset" 5742
"../../../Engine/Content/EngineMaterials/Substrate/Glints2/dict_0005_0057.uasset" 5743
"../../../Engine/Content/EngineMaterials/Substrate/Glints2/dict_0005_0058.uasset" 5744
"../../../Engine/Content/EngineMaterials/Substrate/Glints2/dict_0005_0059.uasset" 5745
"../../../Engine/Content/EngineMaterials/Substrate/Glints2/dict_0005_0060.uasset" 5746
"../../../Engine/Content/EngineMaterials/Substrate/Glints2/dict_0005_0061.uasset" 5747
"../../../Engine/Content/EngineMaterials/Substrate/Glints2/dict_0005_0062.uasset" 5748
"../../../Engine/Content/EngineMaterials/Substrate/Glints2/dict_0005_0063.uasset" 5749
"../../../Engine/Content/EngineMaterials/Substrate/Glints2/dict_0005_0064.uasset" 5750
"../../../Engine/Content/EngineMaterials/Substrate/Glints2/dict_0005_0065.uasset" 5751
"../../../Engine/Content/EngineMaterials/Substrate/Glints2/dict_0005_0066.uasset" 5752
"../../../Engine/Content/EngineMaterials/Substrate/Glints2/dict_0005_0067.uasset" 5753
"../../../Engine/Content/EngineMaterials/Substrate/Glints2/dict_0005_0068.uasset" 5754
"../../../Engine/Content/EngineMaterials/Substrate/Glints2/dict_0005_0069.uasset" 5755
"../../../Engine/Content/EngineMaterials/Substrate/Glints2/dict_0005_0070.uasset" 5756
"../../../Engine/Content/EngineMaterials/Substrate/Glints2/dict_0005_0071.uasset" 5757
"../../../Engine/Content/EngineMaterials/Substrate/Glints2/dict_0005_0072.uasset" 5758
"../../../Engine/Content/EngineMaterials/Substrate/Glints2/dict_0005_0073.uasset" 5759
"../../../Engine/Content/EngineMaterials/Substrate/Glints2/dict_0005_0074.uasset" 5760
"../../../Engine/Content/EngineMaterials/Substrate/Glints2/dict_0005_0075.uasset" 5761
"../../../Engine/Content/EngineMaterials/Substrate/Glints2/dict_0005_0076.uasset" 5762
"../../../Engine/Content/EngineMaterials/Substrate/Glints2/dict_0005_0077.uasset" 5763
"../../../Engine/Content/EngineMaterials/Substrate/Glints2/dict_0005_0078.uasset" 5764
"../../../Engine/Content/EngineMaterials/Substrate/Glints2/dict_0005_0079.uasset" 5765
"../../../Engine/Content/EngineMaterials/Substrate/Glints2/dict_0005_0080.uasset" 5766
"../../../Engine/Content/EngineMaterials/Substrate/Glints2/dict_0005_0081.uasset" 5767
"../../../Engine/Content/EngineMaterials/Substrate/Glints2/dict_0005_0082.uasset" 5768
"../../../Engine/Content/EngineMaterials/Substrate/Glints2/dict_0005_0083.uasset" 5769
"../../../Engine/Content/EngineMaterials/Substrate/Glints2/dict_0005_0084.uasset" 5770
"../../../Engine/Content/EngineMaterials/Substrate/Glints2/dict_0005_0085.uasset" 5771
"../../../Engine/Content/EngineMaterials/Substrate/Glints2/dict_0005_0086.uasset" 5772
"../../../Engine/Content/EngineMaterials/Substrate/Glints2/dict_0005_0087.uasset" 5773
"../../../Engine/Content/EngineMaterials/Substrate/Glints2/dict_0005_0088.uasset" 5774
"../../../Engine/Content/EngineMaterials/Substrate/Glints2/dict_0005_0089.uasset" 5775
"../../../Engine/Content/EngineMaterials/Substrate/Glints2/dict_0005_0090.uasset" 5776
"../../../Engine/Content/EngineMaterials/Substrate/Glints2/dict_0005_0091.uasset" 5777
"../../../Engine/Content/EngineMaterials/Substrate/Glints2/dict_0005_0092.uasset" 5778
"../../../Engine/Content/EngineMaterials/Substrate/Glints2/dict_0005_0093.uasset" 5779
"../../../Engine/Content/EngineMaterials/Substrate/Glints2/dict_0005_0094.uasset" 5780
"../../../Engine/Content/EngineMaterials/Substrate/Glints2/dict_0005_0095.uasset" 5781
"../../../Engine/Content/EngineMaterials/Substrate/Glints2/dict_0005_0096.uasset" 5782
"../../../Engine/Content/EngineMaterials/Substrate/Glints2/dict_0005_0097.uasset" 5783
"../../../Engine/Content/EngineMaterials/Substrate/Glints2/dict_0005_0098.uasset" 5784
"../../../Engine/Content/EngineMaterials/Substrate/Glints2/dict_0005_0099.uasset" 5785
"../../../Engine/Content/EngineMaterials/Substrate/Glints2/dict_0005_0100.uasset" 5786
"../../../Engine/Content/EngineMaterials/Substrate/Glints2/dict_0005_0101.uasset" 5787
"../../../Engine/Content/EngineMaterials/Substrate/Glints2/dict_0005_0102.uasset" 5788
"../../../Engine/Content/EngineMaterials/Substrate/Glints2/dict_0005_0103.uasset" 5789
"../../../Engine/Content/EngineMaterials/Substrate/Glints2/dict_0005_0104.uasset" 5790
"../../../Engine/Content/EngineMaterials/Substrate/Glints2/dict_0005_0105.uasset" 5791
"../../../Engine/Content/EngineMaterials/Substrate/Glints2/dict_0005_0106.uasset" 5792
"../../../Engine/Content/EngineMaterials/Substrate/Glints2/dict_0005_0107.uasset" 5793
"../../../Engine/Content/EngineMaterials/Substrate/Glints2/dict_0005_0108.uasset" 5794
"../../../Engine/Content/EngineMaterials/Substrate/Glints2/dict_0005_0109.uasset" 5795
"../../../Engine/Content/EngineMaterials/Substrate/Glints2/dict_0005_0110.uasset" 5796
"../../../Engine/Content/EngineMaterials/Substrate/Glints2/dict_0005_0111.uasset" 5797
"../../../Engine/Content/EngineMaterials/Substrate/Glints2/dict_0005_0112.uasset" 5798
"../../../Engine/Content/EngineMaterials/Substrate/Glints2/dict_0005_0113.uasset" 5799
"../../../Engine/Content/EngineMaterials/Substrate/Glints2/dict_0005_0114.uasset" 5800
"../../../Engine/Content/EngineMaterials/Substrate/Glints2/dict_0005_0115.uasset" 5801
"../../../Engine/Content/EngineMaterials/Substrate/Glints2/dict_0005_0116.uasset" 5802
"../../../Engine/Content/EngineMaterials/Substrate/Glints2/dict_0005_0117.uasset" 5803
"../../../Engine/Content/EngineMaterials/Substrate/Glints2/dict_0005_0118.uasset" 5804
"../../../Engine/Content/EngineMaterials/Substrate/Glints2/dict_0005_0119.uasset" 5805
"../../../Engine/Content/EngineMaterials/Substrate/Glints2/dict_0005_0120.uasset" 5806
"../../../Engine/Content/EngineMaterials/Substrate/Glints2/dict_0005_0121.uasset" 5807
"../../../Engine/Content/EngineMaterials/Substrate/Glints2/dict_0005_0122.uasset" 5808
"../../../Engine/Content/EngineMaterials/Substrate/Glints2/dict_0005_0123.uasset" 5809
"../../../Engine/Content/EngineMaterials/Substrate/Glints2/dict_0005_0124.uasset" 5810
"../../../Engine/Content/EngineMaterials/Substrate/Glints2/dict_0005_0125.uasset" 5811
"../../../Engine/Content/EngineMaterials/Substrate/Glints2/dict_0005_0126.uasset" 5812
"../../../Engine/Content/EngineMaterials/Substrate/Glints2/dict_0005_0127.uasset" 5813
"../../../Engine/Content/EngineMaterials/Substrate/Glints2/dict_0005_0128.uasset" 5814
"../../../Engine/Content/EngineMaterials/Substrate/Glints2/dict_0005_0129.uasset" 5815
"../../../Engine/Content/EngineMaterials/Substrate/Glints2/dict_0005_0130.uasset" 5816
"../../../Engine/Content/EngineMaterials/Substrate/Glints2/dict_0005_0131.uasset" 5817
"../../../Engine/Content/EngineMaterials/Substrate/Glints2/dict_0005_0132.uasset" 5818
"../../../Engine/Content/EngineMaterials/Substrate/Glints2/dict_0005_0133.uasset" 5819
"../../../Engine/Content/EngineMaterials/Substrate/Glints2/dict_0005_0134.uasset" 5820
"../../../Engine/Content/EngineMaterials/Substrate/Glints2/dict_0005_0135.uasset" 5821
"../../../Engine/Content/EngineMaterials/Substrate/Glints2/dict_0005_0136.uasset" 5822
"../../../Engine/Content/EngineMaterials/Substrate/Glints2/dict_0005_0137.uasset" 5823
"../../../Engine/Content/EngineMaterials/Substrate/Glints2/dict_0005_0138.uasset" 5824
"../../../Engine/Content/EngineMaterials/Substrate/Glints2/dict_0005_0139.uasset" 5825
"../../../Engine/Content/EngineMaterials/Substrate/Glints2/dict_0005_0140.uasset" 5826
"../../../Engine/Content/EngineMaterials/Substrate/Glints2/dict_0005_0141.uasset" 5827
"../../../Engine/Content/EngineMaterials/Substrate/Glints2/dict_0005_0142.uasset" 5828
"../../../Engine/Content/EngineMaterials/Substrate/Glints2/dict_0005_0143.uasset" 5829
"../../../Engine/Content/EngineMaterials/Substrate/Glints2/dict_0005_0144.uasset" 5830
"../../../Engine/Content/EngineMaterials/Substrate/Glints2/dict_0005_0145.uasset" 5831
"../../../Engine/Content/EngineMaterials/Substrate/Glints2/dict_0005_0146.uasset" 5832
"../../../Engine/Content/EngineMaterials/Substrate/Glints2/dict_0005_0147.uasset" 5833
"../../../Engine/Content/EngineMaterials/Substrate/Glints2/dict_0005_0148.uasset" 5834
"../../../Engine/Content/EngineMaterials/Substrate/Glints2/dict_0005_0149.uasset" 5835
"../../../Engine/Content/EngineMaterials/Substrate/Glints2/dict_0005_0150.uasset" 5836
"../../../Engine/Content/EngineMaterials/Substrate/Glints2/dict_0005_0151.uasset" 5837
"../../../Engine/Content/EngineMaterials/Substrate/Glints2/dict_0005_0152.uasset" 5838
"../../../Engine/Content/EngineMaterials/Substrate/Glints2/dict_0005_0153.uasset" 5839
"../../../Engine/Content/EngineMaterials/Substrate/Glints2/dict_0005_0154.uasset" 5840
"../../../Engine/Content/EngineMaterials/Substrate/Glints2/dict_0005_0155.uasset" 5841
"../../../Engine/Content/EngineMaterials/Substrate/Glints2/dict_0005_0156.uasset" 5842
"../../../Engine/Content/EngineMaterials/Substrate/Glints2/dict_0005_0157.uasset" 5843
"../../../Engine/Content/EngineMaterials/Substrate/Glints2/dict_0005_0158.uasset" 5844
"../../../Engine/Content/EngineMaterials/Substrate/Glints2/dict_0005_0159.uasset" 5845
"../../../Engine/Content/EngineMaterials/Substrate/Glints2/dict_0005_0160.uasset" 5846
"../../../Engine/Content/EngineMaterials/Substrate/Glints2/dict_0005_0161.uasset" 5847
"../../../Engine/Content/EngineMaterials/Substrate/Glints2/dict_0005_0162.uasset" 5848
"../../../Engine/Content/EngineMaterials/Substrate/Glints2/dict_0005_0163.uasset" 5849
"../../../Engine/Content/EngineMaterials/Substrate/Glints2/dict_0005_0164.uasset" 5850
"../../../Engine/Content/EngineMaterials/Substrate/Glints2/dict_0005_0165.uasset" 5851
"../../../Engine/Content/EngineMaterials/Substrate/Glints2/dict_0005_0166.uasset" 5852
"../../../Engine/Content/EngineMaterials/Substrate/Glints2/dict_0005_0167.uasset" 5853
"../../../Engine/Content/EngineMaterials/Substrate/Glints2/dict_0005_0168.uasset" 5854
"../../../Engine/Content/EngineMaterials/Substrate/Glints2/dict_0005_0169.uasset" 5855
"../../../Engine/Content/EngineMaterials/Substrate/Glints2/dict_0005_0170.uasset" 5856
"../../../Engine/Content/EngineMaterials/Substrate/Glints2/dict_0005_0171.uasset" 5857
"../../../Engine/Content/EngineMaterials/Substrate/Glints2/dict_0005_0172.uasset" 5858
"../../../Engine/Content/EngineMaterials/Substrate/Glints2/dict_0005_0173.uasset" 5859
"../../../Engine/Content/EngineMaterials/Substrate/Glints2/dict_0005_0174.uasset" 5860
"../../../Engine/Content/EngineMaterials/Substrate/Glints2/dict_0005_0175.uasset" 5861
"../../../Engine/Content/EngineMaterials/Substrate/Glints2/dict_0005_0176.uasset" 5862
"../../../Engine/Content/EngineMaterials/Substrate/Glints2/dict_0005_0177.uasset" 5863
"../../../Engine/Content/EngineMaterials/Substrate/Glints2/dict_0005_0178.uasset" 5864
"../../../Engine/Content/EngineMaterials/Substrate/Glints2/dict_0005_0179.uasset" 5865
"../../../Engine/Content/EngineMaterials/Substrate/Glints2/dict_0005_0180.uasset" 5866
"../../../Engine/Content/EngineMaterials/Substrate/Glints2/dict_0005_0181.uasset" 5867
"../../../Engine/Content/EngineMaterials/Substrate/Glints2/dict_0005_0182.uasset" 5868
"../../../Engine/Content/EngineMaterials/Substrate/Glints2/dict_0005_0183.uasset" 5869
"../../../Engine/Content/EngineMaterials/Substrate/Glints2/dict_0005_0184.uasset" 5870
"../../../Engine/Content/EngineMaterials/Substrate/Glints2/dict_0005_0185.uasset" 5871
"../../../Engine/Content/EngineMaterials/Substrate/Glints2/dict_0005_0186.uasset" 5872
"../../../Engine/Content/EngineMaterials/Substrate/Glints2/dict_0005_0187.uasset" 5873
"../../../Engine/Content/EngineMaterials/Substrate/Glints2/dict_0005_0188.uasset" 5874
"../../../Engine/Content/EngineMaterials/Substrate/Glints2/dict_0005_0189.uasset" 5875
"../../../Engine/Content/EngineMaterials/Substrate/Glints2/dict_0005_0190.uasset" 5876
"../../../Engine/Content/EngineMaterials/Substrate/Glints2/dict_0005_0191.uasset" 5877
"../../../Engine/Content/EngineMaterials/Substrate/Glints2/dict_0005_0192.uasset" 5878
"../../../Engine/Content/EngineMaterials/Substrate/Glints2/dict_0005_0193.uasset" 5879
"../../../Engine/Content/EngineMaterials/Substrate/Glints2/dict_0005_0194.uasset" 5880
"../../../Engine/Content/EngineMaterials/Substrate/Glints2/dict_0005_0195.uasset" 5881
"../../../Engine/Content/EngineMaterials/Substrate/Glints2/dict_0005_0196.uasset" 5882
"../../../Engine/Content/EngineMaterials/Substrate/Glints2/dict_0005_0197.uasset" 5883
"../../../Engine/Content/EngineMaterials/Substrate/Glints2/dict_0005_0198.uasset" 5884
"../../../Engine/Content/EngineMaterials/Substrate/Glints2/dict_0005_0199.uasset" 5885
"../../../Engine/Content/EngineMaterials/Substrate/Glints2/dict_0005_0200.uasset" 5886
"../../../Engine/Content/EngineMaterials/Substrate/Glints2/dict_0005_0201.uasset" 5887
"../../../Engine/Content/EngineMaterials/Substrate/Glints2/dict_0005_0202.uasset" 5888
"../../../Engine/Content/EngineMaterials/Substrate/Glints2/dict_0005_0203.uasset" 5889
"../../../Engine/Content/EngineMaterials/Substrate/Glints2/dict_0005_0204.uasset" 5890
"../../../Engine/Content/EngineMaterials/Substrate/Glints2/dict_0005_0205.uasset" 5891
"../../../Engine/Content/EngineMaterials/Substrate/Glints2/dict_0005_0206.uasset" 5892
"../../../Engine/Content/EngineMaterials/Substrate/Glints2/dict_0005_0207.uasset" 5893
"../../../Engine/Content/EngineMaterials/Substrate/Glints2/dict_0005_0208.uasset" 5894
"../../../Engine/Content/EngineMaterials/Substrate/Glints2/dict_0005_0209.uasset" 5895
"../../../Engine/Content/EngineMaterials/Substrate/Glints2/dict_0005_0210.uasset" 5896
"../../../Engine/Content/EngineMaterials/Substrate/Glints2/dict_0005_0211.uasset" 5897
"../../../Engine/Content/EngineMaterials/Substrate/Glints2/dict_0005_0212.uasset" 5898
"../../../Engine/Content/EngineMaterials/Substrate/Glints2/dict_0005_0213.uasset" 5899
"../../../Engine/Content/EngineMaterials/Substrate/Glints2/dict_0005_0214.uasset" 5900
"../../../Engine/Content/EngineMaterials/Substrate/Glints2/dict_0005_0215.uasset" 5901
"../../../Engine/Content/EngineMaterials/Substrate/Glints2/dict_0005_0216.uasset" 5902
"../../../Engine/Content/EngineMaterials/Substrate/Glints2/dict_0005_0217.uasset" 5903
"../../../Engine/Content/EngineMaterials/Substrate/Glints2/dict_0005_0218.uasset" 5904
"../../../Engine/Content/EngineMaterials/Substrate/Glints2/dict_0005_0219.uasset" 5905
"../../../Engine/Content/EngineMaterials/Substrate/Glints2/dict_0005_0220.uasset" 5906
"../../../Engine/Content/EngineMaterials/Substrate/Glints2/dict_0005_0221.uasset" 5907
"../../../Engine/Content/EngineMaterials/Substrate/Glints2/dict_0005_0222.uasset" 5908
"../../../Engine/Content/EngineMaterials/Substrate/Glints2/dict_0005_0223.uasset" 5909
"../../../Engine/Content/EngineMaterials/Substrate/Glints2/dict_0005_0224.uasset" 5910
"../../../Engine/Content/EngineMaterials/Substrate/Glints2/dict_0005_0225.uasset" 5911
"../../../Engine/Content/EngineMaterials/Substrate/Glints2/dict_0005_0226.uasset" 5912
"../../../Engine/Content/EngineMaterials/Substrate/Glints2/dict_0005_0227.uasset" 5913
"../../../Engine/Content/EngineMaterials/Substrate/Glints2/dict_0005_0228.uasset" 5914
"../../../Engine/Content/EngineMaterials/Substrate/Glints2/dict_0005_0229.uasset" 5915
"../../../Engine/Content/EngineMaterials/Substrate/Glints2/dict_0005_0230.uasset" 5916
"../../../Engine/Content/EngineMaterials/Substrate/Glints2/dict_0005_0231.uasset" 5917
"../../../Engine/Content/EngineMaterials/Substrate/Glints2/dict_0005_0232.uasset" 5918
"../../../Engine/Content/EngineMaterials/Substrate/Glints2/dict_0005_0233.uasset" 5919
"../../../Engine/Content/EngineMaterials/Substrate/Glints2/dict_0005_0234.uasset" 5920
"../../../Engine/Content/EngineMaterials/Substrate/Glints2/dict_0005_0235.uasset" 5921
"../../../Engine/Content/EngineMaterials/Substrate/Glints2/dict_0005_0236.uasset" 5922
"../../../Engine/Content/EngineMaterials/Substrate/Glints2/dict_0005_0237.uasset" 5923
"../../../Engine/Content/EngineMaterials/Substrate/Glints2/dict_0005_0238.uasset" 5924
"../../../Engine/Content/EngineMaterials/Substrate/Glints2/dict_0005_0239.uasset" 5925
"../../../Engine/Content/EngineMaterials/Substrate/Glints2/dict_0005_0240.uasset" 5926
"../../../Engine/Content/EngineMaterials/Substrate/Glints2/dict_0005_0241.uasset" 5927
"../../../Engine/Content/EngineMaterials/Substrate/Glints2/dict_0005_0242.uasset" 5928
"../../../Engine/Content/EngineMaterials/Substrate/Glints2/dict_0005_0243.uasset" 5929
"../../../Engine/Content/EngineMaterials/Substrate/Glints2/dict_0005_0244.uasset" 5930
"../../../Engine/Content/EngineMaterials/Substrate/Glints2/dict_0005_0245.uasset" 5931
"../../../Engine/Content/EngineMaterials/Substrate/Glints2/dict_0005_0246.uasset" 5932
"../../../Engine/Content/EngineMaterials/Substrate/Glints2/dict_0005_0247.uasset" 5933
"../../../Engine/Content/EngineMaterials/Substrate/Glints2/dict_0005_0248.uasset" 5934
"../../../Engine/Content/EngineMaterials/Substrate/Glints2/dict_0005_0249.uasset" 5935
"../../../Engine/Content/EngineMaterials/Substrate/Glints2/dict_0005_0250.uasset" 5936
"../../../Engine/Content/EngineMaterials/Substrate/Glints2/dict_0005_0251.uasset" 5937
"../../../Engine/Content/EngineMaterials/Substrate/Glints2/dict_0005_0252.uasset" 5938
"../../../Engine/Content/EngineMaterials/Substrate/Glints2/dict_0005_0253.uasset" 5939
"../../../Engine/Content/EngineMaterials/Substrate/Glints2/dict_0005_0254.uasset" 5940
"../../../Engine/Content/EngineMaterials/Substrate/Glints2/dict_0005_0255.uasset" 5941
"../../../Engine/Content/EngineMaterials/Substrate/Glints2/dict_0006_0000.uasset" 5942
"../../../Engine/Content/EngineMaterials/Substrate/Glints2/dict_0006_0001.uasset" 5943
"../../../Engine/Content/EngineMaterials/Substrate/Glints2/dict_0006_0002.uasset" 5944
"../../../Engine/Content/EngineMaterials/Substrate/Glints2/dict_0006_0003.uasset" 5945
"../../../Engine/Content/EngineMaterials/Substrate/Glints2/dict_0006_0004.uasset" 5946
"../../../Engine/Content/EngineMaterials/Substrate/Glints2/dict_0006_0005.uasset" 5947
"../../../Engine/Content/EngineMaterials/Substrate/Glints2/dict_0006_0006.uasset" 5948
"../../../Engine/Content/EngineMaterials/Substrate/Glints2/dict_0006_0007.uasset" 5949
"../../../Engine/Content/EngineMaterials/Substrate/Glints2/dict_0006_0008.uasset" 5950
"../../../Engine/Content/EngineMaterials/Substrate/Glints2/dict_0006_0009.uasset" 5951
"../../../Engine/Content/EngineMaterials/Substrate/Glints2/dict_0006_0010.uasset" 5952
"../../../Engine/Content/EngineMaterials/Substrate/Glints2/dict_0006_0011.uasset" 5953
"../../../Engine/Content/EngineMaterials/Substrate/Glints2/dict_0006_0012.uasset" 5954
"../../../Engine/Content/EngineMaterials/Substrate/Glints2/dict_0006_0013.uasset" 5955
"../../../Engine/Content/EngineMaterials/Substrate/Glints2/dict_0006_0014.uasset" 5956
"../../../Engine/Content/EngineMaterials/Substrate/Glints2/dict_0006_0015.uasset" 5957
"../../../Engine/Content/EngineMaterials/Substrate/Glints2/dict_0006_0016.uasset" 5958
"../../../Engine/Content/EngineMaterials/Substrate/Glints2/dict_0006_0017.uasset" 5959
"../../../Engine/Content/EngineMaterials/Substrate/Glints2/dict_0006_0018.uasset" 5960
"../../../Engine/Content/EngineMaterials/Substrate/Glints2/dict_0006_0019.uasset" 5961
"../../../Engine/Content/EngineMaterials/Substrate/Glints2/dict_0006_0020.uasset" 5962
"../../../Engine/Content/EngineMaterials/Substrate/Glints2/dict_0006_0021.uasset" 5963
"../../../Engine/Content/EngineMaterials/Substrate/Glints2/dict_0006_0022.uasset" 5964
"../../../Engine/Content/EngineMaterials/Substrate/Glints2/dict_0006_0023.uasset" 5965
"../../../Engine/Content/EngineMaterials/Substrate/Glints2/dict_0006_0024.uasset" 5966
"../../../Engine/Content/EngineMaterials/Substrate/Glints2/dict_0006_0025.uasset" 5967
"../../../Engine/Content/EngineMaterials/Substrate/Glints2/dict_0006_0026.uasset" 5968
"../../../Engine/Content/EngineMaterials/Substrate/Glints2/dict_0006_0027.uasset" 5969
"../../../Engine/Content/EngineMaterials/Substrate/Glints2/dict_0006_0028.uasset" 5970
"../../../Engine/Content/EngineMaterials/Substrate/Glints2/dict_0006_0029.uasset" 5971
"../../../Engine/Content/EngineMaterials/Substrate/Glints2/dict_0006_0030.uasset" 5972
"../../../Engine/Content/EngineMaterials/Substrate/Glints2/dict_0006_0031.uasset" 5973
"../../../Engine/Content/EngineMaterials/Substrate/Glints2/dict_0006_0032.uasset" 5974
"../../../Engine/Content/EngineMaterials/Substrate/Glints2/dict_0006_0033.uasset" 5975
"../../../Engine/Content/EngineMaterials/Substrate/Glints2/dict_0006_0034.uasset" 5976
"../../../Engine/Content/EngineMaterials/Substrate/Glints2/dict_0006_0035.uasset" 5977
"../../../Engine/Content/EngineMaterials/Substrate/Glints2/dict_0006_0036.uasset" 5978
"../../../Engine/Content/EngineMaterials/Substrate/Glints2/dict_0006_0037.uasset" 5979
"../../../Engine/Content/EngineMaterials/Substrate/Glints2/dict_0006_0038.uasset" 5980
"../../../Engine/Content/EngineMaterials/Substrate/Glints2/dict_0006_0039.uasset" 5981
"../../../Engine/Content/EngineMaterials/Substrate/Glints2/dict_0006_0040.uasset" 5982
"../../../Engine/Content/EngineMaterials/Substrate/Glints2/dict_0006_0041.uasset" 5983
"../../../Engine/Content/EngineMaterials/Substrate/Glints2/dict_0006_0042.uasset" 5984
"../../../Engine/Content/EngineMaterials/Substrate/Glints2/dict_0006_0043.uasset" 5985
"../../../Engine/Content/EngineMaterials/Substrate/Glints2/dict_0006_0044.uasset" 5986
"../../../Engine/Content/EngineMaterials/Substrate/Glints2/dict_0006_0045.uasset" 5987
"../../../Engine/Content/EngineMaterials/Substrate/Glints2/dict_0006_0046.uasset" 5988
"../../../Engine/Content/EngineMaterials/Substrate/Glints2/dict_0006_0047.uasset" 5989
"../../../Engine/Content/EngineMaterials/Substrate/Glints2/dict_0006_0048.uasset" 5990
"../../../Engine/Content/EngineMaterials/Substrate/Glints2/dict_0006_0049.uasset" 5991
"../../../Engine/Content/EngineMaterials/Substrate/Glints2/dict_0006_0050.uasset" 5992
"../../../Engine/Content/EngineMaterials/Substrate/Glints2/dict_0006_0051.uasset" 5993
"../../../Engine/Content/EngineMaterials/Substrate/Glints2/dict_0006_0052.uasset" 5994
"../../../Engine/Content/EngineMaterials/Substrate/Glints2/dict_0006_0053.uasset" 5995
"../../../Engine/Content/EngineMaterials/Substrate/Glints2/dict_0006_0054.uasset" 5996
"../../../Engine/Content/EngineMaterials/Substrate/Glints2/dict_0006_0055.uasset" 5997
"../../../Engine/Content/EngineMaterials/Substrate/Glints2/dict_0006_0056.uasset" 5998
"../../../Engine/Content/EngineMaterials/Substrate/Glints2/dict_0006_0057.uasset" 5999
"../../../Engine/Content/EngineMaterials/Substrate/Glints2/dict_0006_0058.uasset" 6000
"../../../Engine/Content/EngineMaterials/Substrate/Glints2/dict_0006_0059.uasset" 6001
"../../../Engine/Content/EngineMaterials/Substrate/Glints2/dict_0006_0060.uasset" 6002
"../../../Engine/Content/EngineMaterials/Substrate/Glints2/dict_0006_0061.uasset" 6003
"../../../Engine/Content/EngineMaterials/Substrate/Glints2/dict_0006_0062.uasset" 6004
"../../../Engine/Content/EngineMaterials/Substrate/Glints2/dict_0006_0063.uasset" 6005
"../../../Engine/Content/EngineMaterials/Substrate/Glints2/dict_0006_0064.uasset" 6006
"../../../Engine/Content/EngineMaterials/Substrate/Glints2/dict_0006_0065.uasset" 6007
"../../../Engine/Content/EngineMaterials/Substrate/Glints2/dict_0006_0066.uasset" 6008
"../../../Engine/Content/EngineMaterials/Substrate/Glints2/dict_0006_0067.uasset" 6009
"../../../Engine/Content/EngineMaterials/Substrate/Glints2/dict_0006_0068.uasset" 6010
"../../../Engine/Content/EngineMaterials/Substrate/Glints2/dict_0006_0069.uasset" 6011
"../../../Engine/Content/EngineMaterials/Substrate/Glints2/dict_0006_0070.uasset" 6012
"../../../Engine/Content/EngineMaterials/Substrate/Glints2/dict_0006_0071.uasset" 6013
"../../../Engine/Content/EngineMaterials/Substrate/Glints2/dict_0006_0072.uasset" 6014
"../../../Engine/Content/EngineMaterials/Substrate/Glints2/dict_0006_0073.uasset" 6015
"../../../Engine/Content/EngineMaterials/Substrate/Glints2/dict_0006_0074.uasset" 6016
"../../../Engine/Content/EngineMaterials/Substrate/Glints2/dict_0006_0075.uasset" 6017
"../../../Engine/Content/EngineMaterials/Substrate/Glints2/dict_0006_0076.uasset" 6018
"../../../Engine/Content/EngineMaterials/Substrate/Glints2/dict_0006_0077.uasset" 6019
"../../../Engine/Content/EngineMaterials/Substrate/Glints2/dict_0006_0078.uasset" 6020
"../../../Engine/Content/EngineMaterials/Substrate/Glints2/dict_0006_0079.uasset" 6021
"../../../Engine/Content/EngineMaterials/Substrate/Glints2/dict_0006_0080.uasset" 6022
"../../../Engine/Content/EngineMaterials/Substrate/Glints2/dict_0006_0081.uasset" 6023
"../../../Engine/Content/EngineMaterials/Substrate/Glints2/dict_0006_0082.uasset" 6024
"../../../Engine/Content/EngineMaterials/Substrate/Glints2/dict_0006_0083.uasset" 6025
"../../../Engine/Content/EngineMaterials/Substrate/Glints2/dict_0006_0084.uasset" 6026
"../../../Engine/Content/EngineMaterials/Substrate/Glints2/dict_0006_0085.uasset" 6027
"../../../Engine/Content/EngineMaterials/Substrate/Glints2/dict_0006_0086.uasset" 6028
"../../../Engine/Content/EngineMaterials/Substrate/Glints2/dict_0006_0087.uasset" 6029
"../../../Engine/Content/EngineMaterials/Substrate/Glints2/dict_0006_0088.uasset" 6030
"../../../Engine/Content/EngineMaterials/Substrate/Glints2/dict_0006_0089.uasset" 6031
"../../../Engine/Content/EngineMaterials/Substrate/Glints2/dict_0006_0090.uasset" 6032
"../../../Engine/Content/EngineMaterials/Substrate/Glints2/dict_0006_0091.uasset" 6033
"../../../Engine/Content/EngineMaterials/Substrate/Glints2/dict_0006_0092.uasset" 6034
"../../../Engine/Content/EngineMaterials/Substrate/Glints2/dict_0006_0093.uasset" 6035
"../../../Engine/Content/EngineMaterials/Substrate/Glints2/dict_0006_0094.uasset" 6036
"../../../Engine/Content/EngineMaterials/Substrate/Glints2/dict_0006_0095.uasset" 6037
"../../../Engine/Content/EngineMaterials/Substrate/Glints2/dict_0006_0096.uasset" 6038
"../../../Engine/Content/EngineMaterials/Substrate/Glints2/dict_0006_0097.uasset" 6039
"../../../Engine/Content/EngineMaterials/Substrate/Glints2/dict_0006_0098.uasset" 6040
"../../../Engine/Content/EngineMaterials/Substrate/Glints2/dict_0006_0099.uasset" 6041
"../../../Engine/Content/EngineMaterials/Substrate/Glints2/dict_0006_0100.uasset" 6042
"../../../Engine/Content/EngineMaterials/Substrate/Glints2/dict_0006_0101.uasset" 6043
"../../../Engine/Content/EngineMaterials/Substrate/Glints2/dict_0006_0102.uasset" 6044
"../../../Engine/Content/EngineMaterials/Substrate/Glints2/dict_0006_0103.uasset" 6045
"../../../Engine/Content/EngineMaterials/Substrate/Glints2/dict_0006_0104.uasset" 6046
"../../../Engine/Content/EngineMaterials/Substrate/Glints2/dict_0006_0105.uasset" 6047
"../../../Engine/Content/EngineMaterials/Substrate/Glints2/dict_0006_0106.uasset" 6048
"../../../Engine/Content/EngineMaterials/Substrate/Glints2/dict_0006_0107.uasset" 6049
"../../../Engine/Content/EngineMaterials/Substrate/Glints2/dict_0006_0108.uasset" 6050
"../../../Engine/Content/EngineMaterials/Substrate/Glints2/dict_0006_0109.uasset" 6051
"../../../Engine/Content/EngineMaterials/Substrate/Glints2/dict_0006_0110.uasset" 6052
"../../../Engine/Content/EngineMaterials/Substrate/Glints2/dict_0006_0111.uasset" 6053
"../../../Engine/Content/EngineMaterials/Substrate/Glints2/dict_0006_0112.uasset" 6054
"../../../Engine/Content/EngineMaterials/Substrate/Glints2/dict_0006_0113.uasset" 6055
"../../../Engine/Content/EngineMaterials/Substrate/Glints2/dict_0006_0114.uasset" 6056
"../../../Engine/Content/EngineMaterials/Substrate/Glints2/dict_0006_0115.uasset" 6057
"../../../Engine/Content/EngineMaterials/Substrate/Glints2/dict_0006_0116.uasset" 6058
"../../../Engine/Content/EngineMaterials/Substrate/Glints2/dict_0006_0117.uasset" 6059
"../../../Engine/Content/EngineMaterials/Substrate/Glints2/dict_0006_0118.uasset" 6060
"../../../Engine/Content/EngineMaterials/Substrate/Glints2/dict_0006_0119.uasset" 6061
"../../../Engine/Content/EngineMaterials/Substrate/Glints2/dict_0006_0120.uasset" 6062
"../../../Engine/Content/EngineMaterials/Substrate/Glints2/dict_0006_0121.uasset" 6063
"../../../Engine/Content/EngineMaterials/Substrate/Glints2/dict_0006_0122.uasset" 6064
"../../../Engine/Content/EngineMaterials/Substrate/Glints2/dict_0006_0123.uasset" 6065
"../../../Engine/Content/EngineMaterials/Substrate/Glints2/dict_0006_0124.uasset" 6066
"../../../Engine/Content/EngineMaterials/Substrate/Glints2/dict_0006_0125.uasset" 6067
"../../../Engine/Content/EngineMaterials/Substrate/Glints2/dict_0006_0126.uasset" 6068
"../../../Engine/Content/EngineMaterials/Substrate/Glints2/dict_0006_0127.uasset" 6069
"../../../Engine/Content/EngineMaterials/Substrate/Glints2/dict_0006_0128.uasset" 6070
"../../../Engine/Content/EngineMaterials/Substrate/Glints2/dict_0006_0129.uasset" 6071
"../../../Engine/Content/EngineMaterials/Substrate/Glints2/dict_0006_0130.uasset" 6072
"../../../Engine/Content/EngineMaterials/Substrate/Glints2/dict_0006_0131.uasset" 6073
"../../../Engine/Content/EngineMaterials/Substrate/Glints2/dict_0006_0132.uasset" 6074
"../../../Engine/Content/EngineMaterials/Substrate/Glints2/dict_0006_0133.uasset" 6075
"../../../Engine/Content/EngineMaterials/Substrate/Glints2/dict_0006_0134.uasset" 6076
"../../../Engine/Content/EngineMaterials/Substrate/Glints2/dict_0006_0135.uasset" 6077
"../../../Engine/Content/EngineMaterials/Substrate/Glints2/dict_0006_0136.uasset" 6078
"../../../Engine/Content/EngineMaterials/Substrate/Glints2/dict_0006_0137.uasset" 6079
"../../../Engine/Content/EngineMaterials/Substrate/Glints2/dict_0006_0138.uasset" 6080
"../../../Engine/Content/EngineMaterials/Substrate/Glints2/dict_0006_0139.uasset" 6081
"../../../Engine/Content/EngineMaterials/Substrate/Glints2/dict_0006_0140.uasset" 6082
"../../../Engine/Content/EngineMaterials/Substrate/Glints2/dict_0006_0141.uasset" 6083
"../../../Engine/Content/EngineMaterials/Substrate/Glints2/dict_0006_0142.uasset" 6084
"../../../Engine/Content/EngineMaterials/Substrate/Glints2/dict_0006_0143.uasset" 6085
"../../../Engine/Content/EngineMaterials/Substrate/Glints2/dict_0006_0144.uasset" 6086
"../../../Engine/Content/EngineMaterials/Substrate/Glints2/dict_0006_0145.uasset" 6087
"../../../Engine/Content/EngineMaterials/Substrate/Glints2/dict_0006_0146.uasset" 6088
"../../../Engine/Content/EngineMaterials/Substrate/Glints2/dict_0006_0147.uasset" 6089
"../../../Engine/Content/EngineMaterials/Substrate/Glints2/dict_0006_0148.uasset" 6090
"../../../Engine/Content/EngineMaterials/Substrate/Glints2/dict_0006_0149.uasset" 6091
"../../../Engine/Content/EngineMaterials/Substrate/Glints2/dict_0006_0150.uasset" 6092
"../../../Engine/Content/EngineMaterials/Substrate/Glints2/dict_0006_0151.uasset" 6093
"../../../Engine/Content/EngineMaterials/Substrate/Glints2/dict_0006_0152.uasset" 6094
"../../../Engine/Content/EngineMaterials/Substrate/Glints2/dict_0006_0153.uasset" 6095
"../../../Engine/Content/EngineMaterials/Substrate/Glints2/dict_0006_0154.uasset" 6096
"../../../Engine/Content/EngineMaterials/Substrate/Glints2/dict_0006_0155.uasset" 6097
"../../../Engine/Content/EngineMaterials/Substrate/Glints2/dict_0006_0156.uasset" 6098
"../../../Engine/Content/EngineMaterials/Substrate/Glints2/dict_0006_0157.uasset" 6099
"../../../Engine/Content/EngineMaterials/Substrate/Glints2/dict_0006_0158.uasset" 6100
"../../../Engine/Content/EngineMaterials/Substrate/Glints2/dict_0006_0159.uasset" 6101
"../../../Engine/Content/EngineMaterials/Substrate/Glints2/dict_0006_0160.uasset" 6102
"../../../Engine/Content/EngineMaterials/Substrate/Glints2/dict_0006_0161.uasset" 6103
"../../../Engine/Content/EngineMaterials/Substrate/Glints2/dict_0006_0162.uasset" 6104
"../../../Engine/Content/EngineMaterials/Substrate/Glints2/dict_0006_0163.uasset" 6105
"../../../Engine/Content/EngineMaterials/Substrate/Glints2/dict_0006_0164.uasset" 6106
"../../../Engine/Content/EngineMaterials/Substrate/Glints2/dict_0006_0165.uasset" 6107
"../../../Engine/Content/EngineMaterials/Substrate/Glints2/dict_0006_0166.uasset" 6108
"../../../Engine/Content/EngineMaterials/Substrate/Glints2/dict_0006_0167.uasset" 6109
"../../../Engine/Content/EngineMaterials/Substrate/Glints2/dict_0006_0168.uasset" 6110
"../../../Engine/Content/EngineMaterials/Substrate/Glints2/dict_0006_0169.uasset" 6111
"../../../Engine/Content/EngineMaterials/Substrate/Glints2/dict_0006_0170.uasset" 6112
"../../../Engine/Content/EngineMaterials/Substrate/Glints2/dict_0006_0171.uasset" 6113
"../../../Engine/Content/EngineMaterials/Substrate/Glints2/dict_0006_0172.uasset" 6114
"../../../Engine/Content/EngineMaterials/Substrate/Glints2/dict_0006_0173.uasset" 6115
"../../../Engine/Content/EngineMaterials/Substrate/Glints2/dict_0006_0174.uasset" 6116
"../../../Engine/Content/EngineMaterials/Substrate/Glints2/dict_0006_0175.uasset" 6117
"../../../Engine/Content/EngineMaterials/Substrate/Glints2/dict_0006_0176.uasset" 6118
"../../../Engine/Content/EngineMaterials/Substrate/Glints2/dict_0006_0177.uasset" 6119
"../../../Engine/Content/EngineMaterials/Substrate/Glints2/dict_0006_0178.uasset" 6120
"../../../Engine/Content/EngineMaterials/Substrate/Glints2/dict_0006_0179.uasset" 6121
"../../../Engine/Content/EngineMaterials/Substrate/Glints2/dict_0006_0180.uasset" 6122
"../../../Engine/Content/EngineMaterials/Substrate/Glints2/dict_0006_0181.uasset" 6123
"../../../Engine/Content/EngineMaterials/Substrate/Glints2/dict_0006_0182.uasset" 6124
"../../../Engine/Content/EngineMaterials/Substrate/Glints2/dict_0006_0183.uasset" 6125
"../../../Engine/Content/EngineMaterials/Substrate/Glints2/dict_0006_0184.uasset" 6126
"../../../Engine/Content/EngineMaterials/Substrate/Glints2/dict_0006_0185.uasset" 6127
"../../../Engine/Content/EngineMaterials/Substrate/Glints2/dict_0006_0186.uasset" 6128
"../../../Engine/Content/EngineMaterials/Substrate/Glints2/dict_0006_0187.uasset" 6129
"../../../Engine/Content/EngineMaterials/Substrate/Glints2/dict_0006_0188.uasset" 6130
"../../../Engine/Content/EngineMaterials/Substrate/Glints2/dict_0006_0189.uasset" 6131
"../../../Engine/Content/EngineMaterials/Substrate/Glints2/dict_0006_0190.uasset" 6132
"../../../Engine/Content/EngineMaterials/Substrate/Glints2/dict_0006_0191.uasset" 6133
"../../../Engine/Content/EngineMaterials/Substrate/Glints2/dict_0006_0192.uasset" 6134
"../../../Engine/Content/EngineMaterials/Substrate/Glints2/dict_0006_0193.uasset" 6135
"../../../Engine/Content/EngineMaterials/Substrate/Glints2/dict_0006_0194.uasset" 6136
"../../../Engine/Content/EngineMaterials/Substrate/Glints2/dict_0006_0195.uasset" 6137
"../../../Engine/Content/EngineMaterials/Substrate/Glints2/dict_0006_0196.uasset" 6138
"../../../Engine/Content/EngineMaterials/Substrate/Glints2/dict_0006_0197.uasset" 6139
"../../../Engine/Content/EngineMaterials/Substrate/Glints2/dict_0006_0198.uasset" 6140
"../../../Engine/Content/EngineMaterials/Substrate/Glints2/dict_0006_0199.uasset" 6141
"../../../Engine/Content/EngineMaterials/Substrate/Glints2/dict_0006_0200.uasset" 6142
"../../../Engine/Content/EngineMaterials/Substrate/Glints2/dict_0006_0201.uasset" 6143
"../../../Engine/Content/EngineMaterials/Substrate/Glints2/dict_0006_0202.uasset" 6144
"../../../Engine/Content/EngineMaterials/Substrate/Glints2/dict_0006_0203.uasset" 6145
"../../../Engine/Content/EngineMaterials/Substrate/Glints2/dict_0006_0204.uasset" 6146
"../../../Engine/Content/EngineMaterials/Substrate/Glints2/dict_0006_0205.uasset" 6147
"../../../Engine/Content/EngineMaterials/Substrate/Glints2/dict_0006_0206.uasset" 6148
"../../../Engine/Content/EngineMaterials/Substrate/Glints2/dict_0006_0207.uasset" 6149
"../../../Engine/Content/EngineMaterials/Substrate/Glints2/dict_0006_0208.uasset" 6150
"../../../Engine/Content/EngineMaterials/Substrate/Glints2/dict_0006_0209.uasset" 6151
"../../../Engine/Content/EngineMaterials/Substrate/Glints2/dict_0006_0210.uasset" 6152
"../../../Engine/Content/EngineMaterials/Substrate/Glints2/dict_0006_0211.uasset" 6153
"../../../Engine/Content/EngineMaterials/Substrate/Glints2/dict_0006_0212.uasset" 6154
"../../../Engine/Content/EngineMaterials/Substrate/Glints2/dict_0006_0213.uasset" 6155
"../../../Engine/Content/EngineMaterials/Substrate/Glints2/dict_0006_0214.uasset" 6156
"../../../Engine/Content/EngineMaterials/Substrate/Glints2/dict_0006_0215.uasset" 6157
"../../../Engine/Content/EngineMaterials/Substrate/Glints2/dict_0006_0216.uasset" 6158
"../../../Engine/Content/EngineMaterials/Substrate/Glints2/dict_0006_0217.uasset" 6159
"../../../Engine/Content/EngineMaterials/Substrate/Glints2/dict_0006_0218.uasset" 6160
"../../../Engine/Content/EngineMaterials/Substrate/Glints2/dict_0006_0219.uasset" 6161
"../../../Engine/Content/EngineMaterials/Substrate/Glints2/dict_0006_0220.uasset" 6162
"../../../Engine/Content/EngineMaterials/Substrate/Glints2/dict_0006_0221.uasset" 6163
"../../../Engine/Content/EngineMaterials/Substrate/Glints2/dict_0006_0222.uasset" 6164
"../../../Engine/Content/EngineMaterials/Substrate/Glints2/dict_0006_0223.uasset" 6165
"../../../Engine/Content/EngineMaterials/Substrate/Glints2/dict_0006_0224.uasset" 6166
"../../../Engine/Content/EngineMaterials/Substrate/Glints2/dict_0006_0225.uasset" 6167
"../../../Engine/Content/EngineMaterials/Substrate/Glints2/dict_0006_0226.uasset" 6168
"../../../Engine/Content/EngineMaterials/Substrate/Glints2/dict_0006_0227.uasset" 6169
"../../../Engine/Content/EngineMaterials/Substrate/Glints2/dict_0006_0228.uasset" 6170
"../../../Engine/Content/EngineMaterials/Substrate/Glints2/dict_0006_0229.uasset" 6171
"../../../Engine/Content/EngineMaterials/Substrate/Glints2/dict_0006_0230.uasset" 6172
"../../../Engine/Content/EngineMaterials/Substrate/Glints2/dict_0006_0231.uasset" 6173
"../../../Engine/Content/EngineMaterials/Substrate/Glints2/dict_0006_0232.uasset" 6174
"../../../Engine/Content/EngineMaterials/Substrate/Glints2/dict_0006_0233.uasset" 6175
"../../../Engine/Content/EngineMaterials/Substrate/Glints2/dict_0006_0234.uasset" 6176
"../../../Engine/Content/EngineMaterials/Substrate/Glints2/dict_0006_0235.uasset" 6177
"../../../Engine/Content/EngineMaterials/Substrate/Glints2/dict_0006_0236.uasset" 6178
"../../../Engine/Content/EngineMaterials/Substrate/Glints2/dict_0006_0237.uasset" 6179
"../../../Engine/Content/EngineMaterials/Substrate/Glints2/dict_0006_0238.uasset" 6180
"../../../Engine/Content/EngineMaterials/Substrate/Glints2/dict_0006_0239.uasset" 6181
"../../../Engine/Content/EngineMaterials/Substrate/Glints2/dict_0006_0240.uasset" 6182
"../../../Engine/Content/EngineMaterials/Substrate/Glints2/dict_0006_0241.uasset" 6183
"../../../Engine/Content/EngineMaterials/Substrate/Glints2/dict_0006_0242.uasset" 6184
"../../../Engine/Content/EngineMaterials/Substrate/Glints2/dict_0006_0243.uasset" 6185
"../../../Engine/Content/EngineMaterials/Substrate/Glints2/dict_0006_0244.uasset" 6186
"../../../Engine/Content/EngineMaterials/Substrate/Glints2/dict_0006_0245.uasset" 6187
"../../../Engine/Content/EngineMaterials/Substrate/Glints2/dict_0006_0246.uasset" 6188
"../../../Engine/Content/EngineMaterials/Substrate/Glints2/dict_0006_0247.uasset" 6189
"../../../Engine/Content/EngineMaterials/Substrate/Glints2/dict_0006_0248.uasset" 6190
"../../../Engine/Content/EngineMaterials/Substrate/Glints2/dict_0006_0249.uasset" 6191
"../../../Engine/Content/EngineMaterials/Substrate/Glints2/dict_0006_0250.uasset" 6192
"../../../Engine/Content/EngineMaterials/Substrate/Glints2/dict_0006_0251.uasset" 6193
"../../../Engine/Content/EngineMaterials/Substrate/Glints2/dict_0006_0252.uasset" 6194
"../../../Engine/Content/EngineMaterials/Substrate/Glints2/dict_0006_0253.uasset" 6195
"../../../Engine/Content/EngineMaterials/Substrate/Glints2/dict_0006_0254.uasset" 6196
"../../../Engine/Content/EngineMaterials/Substrate/Glints2/dict_0006_0255.uasset" 6197
"../../../Engine/Content/EngineMaterials/Substrate/Glints2/dict_0007_0000.uasset" 6198
"../../../Engine/Content/EngineMaterials/Substrate/Glints2/dict_0007_0001.uasset" 6199
"../../../Engine/Content/EngineMaterials/Substrate/Glints2/dict_0007_0002.uasset" 6200
"../../../Engine/Content/EngineMaterials/Substrate/Glints2/dict_0007_0003.uasset" 6201
"../../../Engine/Content/EngineMaterials/Substrate/Glints2/dict_0007_0004.uasset" 6202
"../../../Engine/Content/EngineMaterials/Substrate/Glints2/dict_0007_0005.uasset" 6203
"../../../Engine/Content/EngineMaterials/Substrate/Glints2/dict_0007_0006.uasset" 6204
"../../../Engine/Content/EngineMaterials/Substrate/Glints2/dict_0007_0007.uasset" 6205
"../../../Engine/Content/EngineMaterials/Substrate/Glints2/dict_0007_0008.uasset" 6206
"../../../Engine/Content/EngineMaterials/Substrate/Glints2/dict_0007_0009.uasset" 6207
"../../../Engine/Content/EngineMaterials/Substrate/Glints2/dict_0007_0010.uasset" 6208
"../../../Engine/Content/EngineMaterials/Substrate/Glints2/dict_0007_0011.uasset" 6209
"../../../Engine/Content/EngineMaterials/Substrate/Glints2/dict_0007_0012.uasset" 6210
"../../../Engine/Content/EngineMaterials/Substrate/Glints2/dict_0007_0013.uasset" 6211
"../../../Engine/Content/EngineMaterials/Substrate/Glints2/dict_0007_0014.uasset" 6212
"../../../Engine/Content/EngineMaterials/Substrate/Glints2/dict_0007_0015.uasset" 6213
"../../../Engine/Content/EngineMaterials/Substrate/Glints2/dict_0007_0016.uasset" 6214
"../../../Engine/Content/EngineMaterials/Substrate/Glints2/dict_0007_0017.uasset" 6215
"../../../Engine/Content/EngineMaterials/Substrate/Glints2/dict_0007_0018.uasset" 6216
"../../../Engine/Content/EngineMaterials/Substrate/Glints2/dict_0007_0019.uasset" 6217
"../../../Engine/Content/EngineMaterials/Substrate/Glints2/dict_0007_0020.uasset" 6218
"../../../Engine/Content/EngineMaterials/Substrate/Glints2/dict_0007_0021.uasset" 6219
"../../../Engine/Content/EngineMaterials/Substrate/Glints2/dict_0007_0022.uasset" 6220
"../../../Engine/Content/EngineMaterials/Substrate/Glints2/dict_0007_0023.uasset" 6221
"../../../Engine/Content/EngineMaterials/Substrate/Glints2/dict_0007_0024.uasset" 6222
"../../../Engine/Content/EngineMaterials/Substrate/Glints2/dict_0007_0025.uasset" 6223
"../../../Engine/Content/EngineMaterials/Substrate/Glints2/dict_0007_0026.uasset" 6224
"../../../Engine/Content/EngineMaterials/Substrate/Glints2/dict_0007_0027.uasset" 6225
"../../../Engine/Content/EngineMaterials/Substrate/Glints2/dict_0007_0028.uasset" 6226
"../../../Engine/Content/EngineMaterials/Substrate/Glints2/dict_0007_0029.uasset" 6227
"../../../Engine/Content/EngineMaterials/Substrate/Glints2/dict_0007_0030.uasset" 6228
"../../../Engine/Content/EngineMaterials/Substrate/Glints2/dict_0007_0031.uasset" 6229
"../../../Engine/Content/EngineMaterials/Substrate/Glints2/dict_0007_0032.uasset" 6230
"../../../Engine/Content/EngineMaterials/Substrate/Glints2/dict_0007_0033.uasset" 6231
"../../../Engine/Content/EngineMaterials/Substrate/Glints2/dict_0007_0034.uasset" 6232
"../../../Engine/Content/EngineMaterials/Substrate/Glints2/dict_0007_0035.uasset" 6233
"../../../Engine/Content/EngineMaterials/Substrate/Glints2/dict_0007_0036.uasset" 6234
"../../../Engine/Content/EngineMaterials/Substrate/Glints2/dict_0007_0037.uasset" 6235
"../../../Engine/Content/EngineMaterials/Substrate/Glints2/dict_0007_0038.uasset" 6236
"../../../Engine/Content/EngineMaterials/Substrate/Glints2/dict_0007_0039.uasset" 6237
"../../../Engine/Content/EngineMaterials/Substrate/Glints2/dict_0007_0040.uasset" 6238
"../../../Engine/Content/EngineMaterials/Substrate/Glints2/dict_0007_0041.uasset" 6239
"../../../Engine/Content/EngineMaterials/Substrate/Glints2/dict_0007_0042.uasset" 6240
"../../../Engine/Content/EngineMaterials/Substrate/Glints2/dict_0007_0043.uasset" 6241
"../../../Engine/Content/EngineMaterials/Substrate/Glints2/dict_0007_0044.uasset" 6242
"../../../Engine/Content/EngineMaterials/Substrate/Glints2/dict_0007_0045.uasset" 6243
"../../../Engine/Content/EngineMaterials/Substrate/Glints2/dict_0007_0046.uasset" 6244
"../../../Engine/Content/EngineMaterials/Substrate/Glints2/dict_0007_0047.uasset" 6245
"../../../Engine/Content/EngineMaterials/Substrate/Glints2/dict_0007_0048.uasset" 6246
"../../../Engine/Content/EngineMaterials/Substrate/Glints2/dict_0007_0049.uasset" 6247
"../../../Engine/Content/EngineMaterials/Substrate/Glints2/dict_0007_0050.uasset" 6248
"../../../Engine/Content/EngineMaterials/Substrate/Glints2/dict_0007_0051.uasset" 6249
"../../../Engine/Content/EngineMaterials/Substrate/Glints2/dict_0007_0052.uasset" 6250
"../../../Engine/Content/EngineMaterials/Substrate/Glints2/dict_0007_0053.uasset" 6251
"../../../Engine/Content/EngineMaterials/Substrate/Glints2/dict_0007_0054.uasset" 6252
"../../../Engine/Content/EngineMaterials/Substrate/Glints2/dict_0007_0055.uasset" 6253
"../../../Engine/Content/EngineMaterials/Substrate/Glints2/dict_0007_0056.uasset" 6254
"../../../Engine/Content/EngineMaterials/Substrate/Glints2/dict_0007_0057.uasset" 6255
"../../../Engine/Content/EngineMaterials/Substrate/Glints2/dict_0007_0058.uasset" 6256
"../../../Engine/Content/EngineMaterials/Substrate/Glints2/dict_0007_0059.uasset" 6257
"../../../Engine/Content/EngineMaterials/Substrate/Glints2/dict_0007_0060.uasset" 6258
"../../../Engine/Content/EngineMaterials/Substrate/Glints2/dict_0007_0061.uasset" 6259
"../../../Engine/Content/EngineMaterials/Substrate/Glints2/dict_0007_0062.uasset" 6260
"../../../Engine/Content/EngineMaterials/Substrate/Glints2/dict_0007_0063.uasset" 6261
"../../../Engine/Content/EngineMaterials/Substrate/Glints2/dict_0007_0064.uasset" 6262
"../../../Engine/Content/EngineMaterials/Substrate/Glints2/dict_0007_0065.uasset" 6263
"../../../Engine/Content/EngineMaterials/Substrate/Glints2/dict_0007_0066.uasset" 6264
"../../../Engine/Content/EngineMaterials/Substrate/Glints2/dict_0007_0067.uasset" 6265
"../../../Engine/Content/EngineMaterials/Substrate/Glints2/dict_0007_0068.uasset" 6266
"../../../Engine/Content/EngineMaterials/Substrate/Glints2/dict_0007_0069.uasset" 6267
"../../../Engine/Content/EngineMaterials/Substrate/Glints2/dict_0007_0070.uasset" 6268
"../../../Engine/Content/EngineMaterials/Substrate/Glints2/dict_0007_0071.uasset" 6269
"../../../Engine/Content/EngineMaterials/Substrate/Glints2/dict_0007_0072.uasset" 6270
"../../../Engine/Content/EngineMaterials/Substrate/Glints2/dict_0007_0073.uasset" 6271
"../../../Engine/Content/EngineMaterials/Substrate/Glints2/dict_0007_0074.uasset" 6272
"../../../Engine/Content/EngineMaterials/Substrate/Glints2/dict_0007_0075.uasset" 6273
"../../../Engine/Content/EngineMaterials/Substrate/Glints2/dict_0007_0076.uasset" 6274
"../../../Engine/Content/EngineMaterials/Substrate/Glints2/dict_0007_0077.uasset" 6275
"../../../Engine/Content/EngineMaterials/Substrate/Glints2/dict_0007_0078.uasset" 6276
"../../../Engine/Content/EngineMaterials/Substrate/Glints2/dict_0007_0079.uasset" 6277
"../../../Engine/Content/EngineMaterials/Substrate/Glints2/dict_0007_0080.uasset" 6278
"../../../Engine/Content/EngineMaterials/Substrate/Glints2/dict_0007_0081.uasset" 6279
"../../../Engine/Content/EngineMaterials/Substrate/Glints2/dict_0007_0082.uasset" 6280
"../../../Engine/Content/EngineMaterials/Substrate/Glints2/dict_0007_0083.uasset" 6281
"../../../Engine/Content/EngineMaterials/Substrate/Glints2/dict_0007_0084.uasset" 6282
"../../../Engine/Content/EngineMaterials/Substrate/Glints2/dict_0007_0085.uasset" 6283
"../../../Engine/Content/EngineMaterials/Substrate/Glints2/dict_0007_0086.uasset" 6284
"../../../Engine/Content/EngineMaterials/Substrate/Glints2/dict_0007_0087.uasset" 6285
"../../../Engine/Content/EngineMaterials/Substrate/Glints2/dict_0007_0088.uasset" 6286
"../../../Engine/Content/EngineMaterials/Substrate/Glints2/dict_0007_0089.uasset" 6287
"../../../Engine/Content/EngineMaterials/Substrate/Glints2/dict_0007_0090.uasset" 6288
"../../../Engine/Content/EngineMaterials/Substrate/Glints2/dict_0007_0091.uasset" 6289
"../../../Engine/Content/EngineMaterials/Substrate/Glints2/dict_0007_0092.uasset" 6290
"../../../Engine/Content/EngineMaterials/Substrate/Glints2/dict_0007_0093.uasset" 6291
"../../../Engine/Content/EngineMaterials/Substrate/Glints2/dict_0007_0094.uasset" 6292
"../../../Engine/Content/EngineMaterials/Substrate/Glints2/dict_0007_0095.uasset" 6293
"../../../Engine/Content/EngineMaterials/Substrate/Glints2/dict_0007_0096.uasset" 6294
"../../../Engine/Content/EngineMaterials/Substrate/Glints2/dict_0007_0097.uasset" 6295
"../../../Engine/Content/EngineMaterials/Substrate/Glints2/dict_0007_0098.uasset" 6296
"../../../Engine/Content/EngineMaterials/Substrate/Glints2/dict_0007_0099.uasset" 6297
"../../../Engine/Content/EngineMaterials/Substrate/Glints2/dict_0007_0100.uasset" 6298
"../../../Engine/Content/EngineMaterials/Substrate/Glints2/dict_0007_0101.uasset" 6299
"../../../Engine/Content/EngineMaterials/Substrate/Glints2/dict_0007_0102.uasset" 6300
"../../../Engine/Content/EngineMaterials/Substrate/Glints2/dict_0007_0103.uasset" 6301
"../../../Engine/Content/EngineMaterials/Substrate/Glints2/dict_0007_0104.uasset" 6302
"../../../Engine/Content/EngineMaterials/Substrate/Glints2/dict_0007_0105.uasset" 6303
"../../../Engine/Content/EngineMaterials/Substrate/Glints2/dict_0007_0106.uasset" 6304
"../../../Engine/Content/EngineMaterials/Substrate/Glints2/dict_0007_0107.uasset" 6305
"../../../Engine/Content/EngineMaterials/Substrate/Glints2/dict_0007_0108.uasset" 6306
"../../../Engine/Content/EngineMaterials/Substrate/Glints2/dict_0007_0109.uasset" 6307
"../../../Engine/Content/EngineMaterials/Substrate/Glints2/dict_0007_0110.uasset" 6308
"../../../Engine/Content/EngineMaterials/Substrate/Glints2/dict_0007_0111.uasset" 6309
"../../../Engine/Content/EngineMaterials/Substrate/Glints2/dict_0007_0112.uasset" 6310
"../../../Engine/Content/EngineMaterials/Substrate/Glints2/dict_0007_0113.uasset" 6311
"../../../Engine/Content/EngineMaterials/Substrate/Glints2/dict_0007_0114.uasset" 6312
"../../../Engine/Content/EngineMaterials/Substrate/Glints2/dict_0007_0115.uasset" 6313
"../../../Engine/Content/EngineMaterials/Substrate/Glints2/dict_0007_0116.uasset" 6314
"../../../Engine/Content/EngineMaterials/Substrate/Glints2/dict_0007_0117.uasset" 6315
"../../../Engine/Content/EngineMaterials/Substrate/Glints2/dict_0007_0118.uasset" 6316
"../../../Engine/Content/EngineMaterials/Substrate/Glints2/dict_0007_0119.uasset" 6317
"../../../Engine/Content/EngineMaterials/Substrate/Glints2/dict_0007_0120.uasset" 6318
"../../../Engine/Content/EngineMaterials/Substrate/Glints2/dict_0007_0121.uasset" 6319
"../../../Engine/Content/EngineMaterials/Substrate/Glints2/dict_0007_0122.uasset" 6320
"../../../Engine/Content/EngineMaterials/Substrate/Glints2/dict_0007_0123.uasset" 6321
"../../../Engine/Content/EngineMaterials/Substrate/Glints2/dict_0007_0124.uasset" 6322
"../../../Engine/Content/EngineMaterials/Substrate/Glints2/dict_0007_0125.uasset" 6323
"../../../Engine/Content/EngineMaterials/Substrate/Glints2/dict_0007_0126.uasset" 6324
"../../../Engine/Content/EngineMaterials/Substrate/Glints2/dict_0007_0127.uasset" 6325
"../../../Engine/Content/EngineMaterials/Substrate/Glints2/dict_0007_0128.uasset" 6326
"../../../Engine/Content/EngineMaterials/Substrate/Glints2/dict_0007_0129.uasset" 6327
"../../../Engine/Content/EngineMaterials/Substrate/Glints2/dict_0007_0130.uasset" 6328
"../../../Engine/Content/EngineMaterials/Substrate/Glints2/dict_0007_0131.uasset" 6329
"../../../Engine/Content/EngineMaterials/Substrate/Glints2/dict_0007_0132.uasset" 6330
"../../../Engine/Content/EngineMaterials/Substrate/Glints2/dict_0007_0133.uasset" 6331
"../../../Engine/Content/EngineMaterials/Substrate/Glints2/dict_0007_0134.uasset" 6332
"../../../Engine/Content/EngineMaterials/Substrate/Glints2/dict_0007_0135.uasset" 6333
"../../../Engine/Content/EngineMaterials/Substrate/Glints2/dict_0007_0136.uasset" 6334
"../../../Engine/Content/EngineMaterials/Substrate/Glints2/dict_0007_0137.uasset" 6335
"../../../Engine/Content/EngineMaterials/Substrate/Glints2/dict_0007_0138.uasset" 6336
"../../../Engine/Content/EngineMaterials/Substrate/Glints2/dict_0007_0139.uasset" 6337
"../../../Engine/Content/EngineMaterials/Substrate/Glints2/dict_0007_0140.uasset" 6338
"../../../Engine/Content/EngineMaterials/Substrate/Glints2/dict_0007_0141.uasset" 6339
"../../../Engine/Content/EngineMaterials/Substrate/Glints2/dict_0007_0142.uasset" 6340
"../../../Engine/Content/EngineMaterials/Substrate/Glints2/dict_0007_0143.uasset" 6341
"../../../Engine/Content/EngineMaterials/Substrate/Glints2/dict_0007_0144.uasset" 6342
"../../../Engine/Content/EngineMaterials/Substrate/Glints2/dict_0007_0145.uasset" 6343
"../../../Engine/Content/EngineMaterials/Substrate/Glints2/dict_0007_0146.uasset" 6344
"../../../Engine/Content/EngineMaterials/Substrate/Glints2/dict_0007_0147.uasset" 6345
"../../../Engine/Content/EngineMaterials/Substrate/Glints2/dict_0007_0148.uasset" 6346
"../../../Engine/Content/EngineMaterials/Substrate/Glints2/dict_0007_0149.uasset" 6347
"../../../Engine/Content/EngineMaterials/Substrate/Glints2/dict_0007_0150.uasset" 6348
"../../../Engine/Content/EngineMaterials/Substrate/Glints2/dict_0007_0151.uasset" 6349
"../../../Engine/Content/EngineMaterials/Substrate/Glints2/dict_0007_0152.uasset" 6350
"../../../Engine/Content/EngineMaterials/Substrate/Glints2/dict_0007_0153.uasset" 6351
"../../../Engine/Content/EngineMaterials/Substrate/Glints2/dict_0007_0154.uasset" 6352
"../../../Engine/Content/EngineMaterials/Substrate/Glints2/dict_0007_0155.uasset" 6353
"../../../Engine/Content/EngineMaterials/Substrate/Glints2/dict_0007_0156.uasset" 6354
"../../../Engine/Content/EngineMaterials/Substrate/Glints2/dict_0007_0157.uasset" 6355
"../../../Engine/Content/EngineMaterials/Substrate/Glints2/dict_0007_0158.uasset" 6356
"../../../Engine/Content/EngineMaterials/Substrate/Glints2/dict_0007_0159.uasset" 6357
"../../../Engine/Content/EngineMaterials/Substrate/Glints2/dict_0007_0160.uasset" 6358
"../../../Engine/Content/EngineMaterials/Substrate/Glints2/dict_0007_0161.uasset" 6359
"../../../Engine/Content/EngineMaterials/Substrate/Glints2/dict_0007_0162.uasset" 6360
"../../../Engine/Content/EngineMaterials/Substrate/Glints2/dict_0007_0163.uasset" 6361
"../../../Engine/Content/EngineMaterials/Substrate/Glints2/dict_0007_0164.uasset" 6362
"../../../Engine/Content/EngineMaterials/Substrate/Glints2/dict_0007_0165.uasset" 6363
"../../../Engine/Content/EngineMaterials/Substrate/Glints2/dict_0007_0166.uasset" 6364
"../../../Engine/Content/EngineMaterials/Substrate/Glints2/dict_0007_0167.uasset" 6365
"../../../Engine/Content/EngineMaterials/Substrate/Glints2/dict_0007_0168.uasset" 6366
"../../../Engine/Content/EngineMaterials/Substrate/Glints2/dict_0007_0169.uasset" 6367
"../../../Engine/Content/EngineMaterials/Substrate/Glints2/dict_0007_0170.uasset" 6368
"../../../Engine/Content/EngineMaterials/Substrate/Glints2/dict_0007_0171.uasset" 6369
"../../../Engine/Content/EngineMaterials/Substrate/Glints2/dict_0007_0172.uasset" 6370
"../../../Engine/Content/EngineMaterials/Substrate/Glints2/dict_0007_0173.uasset" 6371
"../../../Engine/Content/EngineMaterials/Substrate/Glints2/dict_0007_0174.uasset" 6372
"../../../Engine/Content/EngineMaterials/Substrate/Glints2/dict_0007_0175.uasset" 6373
"../../../Engine/Content/EngineMaterials/Substrate/Glints2/dict_0007_0176.uasset" 6374
"../../../Engine/Content/EngineMaterials/Substrate/Glints2/dict_0007_0177.uasset" 6375
"../../../Engine/Content/EngineMaterials/Substrate/Glints2/dict_0007_0178.uasset" 6376
"../../../Engine/Content/EngineMaterials/Substrate/Glints2/dict_0007_0179.uasset" 6377
"../../../Engine/Content/EngineMaterials/Substrate/Glints2/dict_0007_0180.uasset" 6378
"../../../Engine/Content/EngineMaterials/Substrate/Glints2/dict_0007_0181.uasset" 6379
"../../../Engine/Content/EngineMaterials/Substrate/Glints2/dict_0007_0182.uasset" 6380
"../../../Engine/Content/EngineMaterials/Substrate/Glints2/dict_0007_0183.uasset" 6381
"../../../Engine/Content/EngineMaterials/Substrate/Glints2/dict_0007_0184.uasset" 6382
"../../../Engine/Content/EngineMaterials/Substrate/Glints2/dict_0007_0185.uasset" 6383
"../../../Engine/Content/EngineMaterials/Substrate/Glints2/dict_0007_0186.uasset" 6384
"../../../Engine/Content/EngineMaterials/Substrate/Glints2/dict_0007_0187.uasset" 6385
"../../../Engine/Content/EngineMaterials/Substrate/Glints2/dict_0007_0188.uasset" 6386
"../../../Engine/Content/EngineMaterials/Substrate/Glints2/dict_0007_0189.uasset" 6387
"../../../Engine/Content/EngineMaterials/Substrate/Glints2/dict_0007_0190.uasset" 6388
"../../../Engine/Content/EngineMaterials/Substrate/Glints2/dict_0007_0191.uasset" 6389
"../../../Engine/Content/EngineMaterials/Substrate/Glints2/dict_0007_0192.uasset" 6390
"../../../Engine/Content/EngineMaterials/Substrate/Glints2/dict_0007_0193.uasset" 6391
"../../../Engine/Content/EngineMaterials/Substrate/Glints2/dict_0007_0194.uasset" 6392
"../../../Engine/Content/EngineMaterials/Substrate/Glints2/dict_0007_0195.uasset" 6393
"../../../Engine/Content/EngineMaterials/Substrate/Glints2/dict_0007_0196.uasset" 6394
"../../../Engine/Content/EngineMaterials/Substrate/Glints2/dict_0007_0197.uasset" 6395
"../../../Engine/Content/EngineMaterials/Substrate/Glints2/dict_0007_0198.uasset" 6396
"../../../Engine/Content/EngineMaterials/Substrate/Glints2/dict_0007_0199.uasset" 6397
"../../../Engine/Content/EngineMaterials/Substrate/Glints2/dict_0007_0200.uasset" 6398
"../../../Engine/Content/EngineMaterials/Substrate/Glints2/dict_0007_0201.uasset" 6399
"../../../Engine/Content/EngineMaterials/Substrate/Glints2/dict_0007_0202.uasset" 6400
"../../../Engine/Content/EngineMaterials/Substrate/Glints2/dict_0007_0203.uasset" 6401
"../../../Engine/Content/EngineMaterials/Substrate/Glints2/dict_0007_0204.uasset" 6402
"../../../Engine/Content/EngineMaterials/Substrate/Glints2/dict_0007_0205.uasset" 6403
"../../../Engine/Content/EngineMaterials/Substrate/Glints2/dict_0007_0206.uasset" 6404
"../../../Engine/Content/EngineMaterials/Substrate/Glints2/dict_0007_0207.uasset" 6405
"../../../Engine/Content/EngineMaterials/Substrate/Glints2/dict_0007_0208.uasset" 6406
"../../../Engine/Content/EngineMaterials/Substrate/Glints2/dict_0007_0209.uasset" 6407
"../../../Engine/Content/EngineMaterials/Substrate/Glints2/dict_0007_0210.uasset" 6408
"../../../Engine/Content/EngineMaterials/Substrate/Glints2/dict_0007_0211.uasset" 6409
"../../../Engine/Content/EngineMaterials/Substrate/Glints2/dict_0007_0212.uasset" 6410
"../../../Engine/Content/EngineMaterials/Substrate/Glints2/dict_0007_0213.uasset" 6411
"../../../Engine/Content/EngineMaterials/Substrate/Glints2/dict_0007_0214.uasset" 6412
"../../../Engine/Content/EngineMaterials/Substrate/Glints2/dict_0007_0215.uasset" 6413
"../../../Engine/Content/EngineMaterials/Substrate/Glints2/dict_0007_0216.uasset" 6414
"../../../Engine/Content/EngineMaterials/Substrate/Glints2/dict_0007_0217.uasset" 6415
"../../../Engine/Content/EngineMaterials/Substrate/Glints2/dict_0007_0218.uasset" 6416
"../../../Engine/Content/EngineMaterials/Substrate/Glints2/dict_0007_0219.uasset" 6417
"../../../Engine/Content/EngineMaterials/Substrate/Glints2/dict_0007_0220.uasset" 6418
"../../../Engine/Content/EngineMaterials/Substrate/Glints2/dict_0007_0221.uasset" 6419
"../../../Engine/Content/EngineMaterials/Substrate/Glints2/dict_0007_0222.uasset" 6420
"../../../Engine/Content/EngineMaterials/Substrate/Glints2/dict_0007_0223.uasset" 6421
"../../../Engine/Content/EngineMaterials/Substrate/Glints2/dict_0007_0224.uasset" 6422
"../../../Engine/Content/EngineMaterials/Substrate/Glints2/dict_0007_0225.uasset" 6423
"../../../Engine/Content/EngineMaterials/Substrate/Glints2/dict_0007_0226.uasset" 6424
"../../../Engine/Content/EngineMaterials/Substrate/Glints2/dict_0007_0227.uasset" 6425
"../../../Engine/Content/EngineMaterials/Substrate/Glints2/dict_0007_0228.uasset" 6426
"../../../Engine/Content/EngineMaterials/Substrate/Glints2/dict_0007_0229.uasset" 6427
"../../../Engine/Content/EngineMaterials/Substrate/Glints2/dict_0007_0230.uasset" 6428
"../../../Engine/Content/EngineMaterials/Substrate/Glints2/dict_0007_0231.uasset" 6429
"../../../Engine/Content/EngineMaterials/Substrate/Glints2/dict_0007_0232.uasset" 6430
"../../../Engine/Content/EngineMaterials/Substrate/Glints2/dict_0007_0233.uasset" 6431
"../../../Engine/Content/EngineMaterials/Substrate/Glints2/dict_0007_0234.uasset" 6432
"../../../Engine/Content/EngineMaterials/Substrate/Glints2/dict_0007_0235.uasset" 6433
"../../../Engine/Content/EngineMaterials/Substrate/Glints2/dict_0007_0236.uasset" 6434
"../../../Engine/Content/EngineMaterials/Substrate/Glints2/dict_0007_0237.uasset" 6435
"../../../Engine/Content/EngineMaterials/Substrate/Glints2/dict_0007_0238.uasset" 6436
"../../../Engine/Content/EngineMaterials/Substrate/Glints2/dict_0007_0239.uasset" 6437
"../../../Engine/Content/EngineMaterials/Substrate/Glints2/dict_0007_0240.uasset" 6438
"../../../Engine/Content/EngineMaterials/Substrate/Glints2/dict_0007_0241.uasset" 6439
"../../../Engine/Content/EngineMaterials/Substrate/Glints2/dict_0007_0242.uasset" 6440
"../../../Engine/Content/EngineMaterials/Substrate/Glints2/dict_0007_0243.uasset" 6441
"../../../Engine/Content/EngineMaterials/Substrate/Glints2/dict_0007_0244.uasset" 6442
"../../../Engine/Content/EngineMaterials/Substrate/Glints2/dict_0007_0245.uasset" 6443
"../../../Engine/Content/EngineMaterials/Substrate/Glints2/dict_0007_0246.uasset" 6444
"../../../Engine/Content/EngineMaterials/Substrate/Glints2/dict_0007_0247.uasset" 6445
"../../../Engine/Content/EngineMaterials/Substrate/Glints2/dict_0007_0248.uasset" 6446
"../../../Engine/Content/EngineMaterials/Substrate/Glints2/dict_0007_0249.uasset" 6447
"../../../Engine/Content/EngineMaterials/Substrate/Glints2/dict_0007_0250.uasset" 6448
"../../../Engine/Content/EngineMaterials/Substrate/Glints2/dict_0007_0251.uasset" 6449
"../../../Engine/Content/EngineMaterials/Substrate/Glints2/dict_0007_0252.uasset" 6450
"../../../Engine/Content/EngineMaterials/Substrate/Glints2/dict_0007_0253.uasset" 6451
"../../../Engine/Content/EngineMaterials/Substrate/Glints2/dict_0007_0254.uasset" 6452
"../../../Engine/Content/EngineMaterials/Substrate/Glints2/dict_0007_0255.uasset" 6453
"C:/UnrealProyects/MotoresComerciales/Motorescomerciales1/MotoresComerciales/Content/MetaHumans/Common/Male/Medium/NormalWeight/Poses/m_med_nrw_ring_03_l_anim.uasset" 6454
"../../../Engine/Content/EngineMaterials/Substrate/GLints/dict_16_192_64_0p5_0p02_0000_0000.uasset" 6455
"../../../Engine/Content/EngineMaterials/Substrate/GLints/dict_16_192_64_0p5_0p02_0000_0001.uasset" 6456
"../../../Engine/Content/EngineMaterials/Substrate/GLints/dict_16_192_64_0p5_0p02_0000_0002.uasset" 6457
"../../../Engine/Content/EngineMaterials/Substrate/GLints/dict_16_192_64_0p5_0p02_0000_0003.uasset" 6458
"../../../Engine/Content/EngineMaterials/Substrate/GLints/dict_16_192_64_0p5_0p02_0000_0004.uasset" 6459
"../../../Engine/Content/EngineMaterials/Substrate/GLints/dict_16_192_64_0p5_0p02_0000_0005.uasset" 6460
"../../../Engine/Content/EngineMaterials/Substrate/GLints/dict_16_192_64_0p5_0p02_0000_0006.uasset" 6461
"../../../Engine/Content/EngineMaterials/Substrate/GLints/dict_16_192_64_0p5_0p02_0000_0007.uasset" 6462
"../../../Engine/Content/EngineMaterials/Substrate/GLints/dict_16_192_64_0p5_0p02_0000_0008.uasset" 6463
"../../../Engine/Content/EngineMaterials/Substrate/GLints/dict_16_192_64_0p5_0p02_0000_0009.uasset" 6464
"../../../Engine/Content/EngineMaterials/Substrate/GLints/dict_16_192_64_0p5_0p02_0000_0010.uasset" 6465
"../../../Engine/Content/EngineMaterials/Substrate/GLints/dict_16_192_64_0p5_0p02_0000_0011.uasset" 6466
"../../../Engine/Content/EngineMaterials/Substrate/GLints/dict_16_192_64_0p5_0p02_0000_0012.uasset" 6467
"../../../Engine/Content/EngineMaterials/Substrate/GLints/dict_16_192_64_0p5_0p02_0000_0013.uasset" 6468
"../../../Engine/Content/EngineMaterials/Substrate/GLints/dict_16_192_64_0p5_0p02_0000_0014.uasset" 6469
"../../../Engine/Content/EngineMaterials/Substrate/GLints/dict_16_192_64_0p5_0p02_0000_0015.uasset" 6470
"../../../Engine/Content/EngineMaterials/Substrate/GLints/dict_16_192_64_0p5_0p02_0001_0000.uasset" 6471
"../../../Engine/Content/EngineMaterials/Substrate/GLints/dict_16_192_64_0p5_0p02_0001_0001.uasset" 6472
"../../../Engine/Content/EngineMaterials/Substrate/GLints/dict_16_192_64_0p5_0p02_0001_0002.uasset" 6473
"../../../Engine/Content/EngineMaterials/Substrate/GLints/dict_16_192_64_0p5_0p02_0001_0003.uasset" 6474
"../../../Engine/Content/EngineMaterials/Substrate/GLints/dict_16_192_64_0p5_0p02_0001_0004.uasset" 6475
"../../../Engine/Content/EngineMaterials/Substrate/GLints/dict_16_192_64_0p5_0p02_0001_0005.uasset" 6476
"../../../Engine/Content/EngineMaterials/Substrate/GLints/dict_16_192_64_0p5_0p02_0001_0006.uasset" 6477
"../../../Engine/Content/EngineMaterials/Substrate/GLints/dict_16_192_64_0p5_0p02_0001_0007.uasset" 6478
"../../../Engine/Content/EngineMaterials/Substrate/GLints/dict_16_192_64_0p5_0p02_0001_0008.uasset" 6479
"../../../Engine/Content/EngineMaterials/Substrate/GLints/dict_16_192_64_0p5_0p02_0001_0009.uasset" 6480
"../../../Engine/Content/EngineMaterials/Substrate/GLints/dict_16_192_64_0p5_0p02_0001_0010.uasset" 6481
"../../../Engine/Content/EngineMaterials/Substrate/GLints/dict_16_192_64_0p5_0p02_0001_0011.uasset" 6482
"../../../Engine/Content/EngineMaterials/Substrate/GLints/dict_16_192_64_0p5_0p02_0001_0012.uasset" 6483
"../../../Engine/Content/EngineMaterials/Substrate/GLints/dict_16_192_64_0p5_0p02_0001_0013.uasset" 6484
"../../../Engine/Content/EngineMaterials/Substrate/GLints/dict_16_192_64_0p5_0p02_0001_0014.uasset" 6485
"../../../Engine/Content/EngineMaterials/Substrate/GLints/dict_16_192_64_0p5_0p02_0001_0015.uasset" 6486
"../../../Engine/Content/EngineMaterials/Substrate/GLints/dict_16_192_64_0p5_0p02_0002_0000.uasset" 6487
"../../../Engine/Content/EngineMaterials/Substrate/GLints/dict_16_192_64_0p5_0p02_0002_0001.uasset" 6488
"../../../Engine/Content/EngineMaterials/Substrate/GLints/dict_16_192_64_0p5_0p02_0002_0002.uasset" 6489
"../../../Engine/Content/EngineMaterials/Substrate/GLints/dict_16_192_64_0p5_0p02_0002_0003.uasset" 6490
"../../../Engine/Content/EngineMaterials/Substrate/GLints/dict_16_192_64_0p5_0p02_0002_0004.uasset" 6491
"../../../Engine/Content/EngineMaterials/Substrate/GLints/dict_16_192_64_0p5_0p02_0002_0005.uasset" 6492
"../../../Engine/Content/EngineMaterials/Substrate/GLints/dict_16_192_64_0p5_0p02_0002_0006.uasset" 6493
"../../../Engine/Content/EngineMaterials/Substrate/GLints/dict_16_192_64_0p5_0p02_0002_0007.uasset" 6494
"../../../Engine/Content/EngineMaterials/Substrate/GLints/dict_16_192_64_0p5_0p02_0002_0008.uasset" 6495
"../../../Engine/Content/EngineMaterials/Substrate/GLints/dict_16_192_64_0p5_0p02_0002_0009.uasset" 6496
"../../../Engine/Content/EngineMaterials/Substrate/GLints/dict_16_192_64_0p5_0p02_0002_0010.uasset" 6497
"../../../Engine/Content/EngineMaterials/Substrate/GLints/dict_16_192_64_0p5_0p02_0002_0011.uasset" 6498
"../../../Engine/Content/EngineMaterials/Substrate/GLints/dict_16_192_64_0p5_0p02_0002_0012.uasset" 6499
"../../../Engine/Content/EngineMaterials/Substrate/GLints/dict_16_192_64_0p5_0p02_0002_0013.uasset" 6500
"../../../Engine/Content/EngineMaterials/Substrate/GLints/dict_16_192_64_0p5_0p02_0002_0014.uasset" 6501
"../../../Engine/Content/EngineMaterials/Substrate/GLints/dict_16_192_64_0p5_0p02_0002_0015.uasset" 6502
"../../../Engine/Content/EngineMaterials/Substrate/GLints/dict_16_192_64_0p5_0p02_0003_0000.uasset" 6503
"../../../Engine/Content/EngineMaterials/Substrate/GLints/dict_16_192_64_0p5_0p02_0003_0001.uasset" 6504
"../../../Engine/Content/EngineMaterials/Substrate/GLints/dict_16_192_64_0p5_0p02_0003_0002.uasset" 6505
"../../../Engine/Content/EngineMaterials/Substrate/GLints/dict_16_192_64_0p5_0p02_0003_0003.uasset" 6506
"../../../Engine/Content/EngineMaterials/Substrate/GLints/dict_16_192_64_0p5_0p02_0003_0004.uasset" 6507
"../../../Engine/Content/EngineMaterials/Substrate/GLints/dict_16_192_64_0p5_0p02_0003_0005.uasset" 6508
"../../../Engine/Content/EngineMaterials/Substrate/GLints/dict_16_192_64_0p5_0p02_0003_0006.uasset" 6509
"../../../Engine/Content/EngineMaterials/Substrate/GLints/dict_16_192_64_0p5_0p02_0003_0007.uasset" 6510
"../../../Engine/Content/EngineMaterials/Substrate/GLints/dict_16_192_64_0p5_0p02_0003_0008.uasset" 6511
"../../../Engine/Content/EngineMaterials/Substrate/GLints/dict_16_192_64_0p5_0p02_0003_0009.uasset" 6512
"../../../Engine/Content/EngineMaterials/Substrate/GLints/dict_16_192_64_0p5_0p02_0003_0010.uasset" 6513
"../../../Engine/Content/EngineMaterials/Substrate/GLints/dict_16_192_64_0p5_0p02_0003_0011.uasset" 6514
"../../../Engine/Content/EngineMaterials/Substrate/GLints/dict_16_192_64_0p5_0p02_0003_0012.uasset" 6515
"../../../Engine/Content/EngineMaterials/Substrate/GLints/dict_16_192_64_0p5_0p02_0003_0013.uasset" 6516
"../../../Engine/Content/EngineMaterials/Substrate/GLints/dict_16_192_64_0p5_0p02_0003_0014.uasset" 6517
"../../../Engine/Content/EngineMaterials/Substrate/GLints/dict_16_192_64_0p5_0p02_0003_0015.uasset" 6518
"../../../Engine/Content/EngineMaterials/Substrate/GLints/dict_16_192_64_0p5_0p02_0004_0000.uasset" 6519
"../../../Engine/Content/EngineMaterials/Substrate/GLints/dict_16_192_64_0p5_0p02_0004_0001.uasset" 6520
"../../../Engine/Content/EngineMaterials/Substrate/GLints/dict_16_192_64_0p5_0p02_0004_0002.uasset" 6521
"../../../Engine/Content/EngineMaterials/Substrate/GLints/dict_16_192_64_0p5_0p02_0004_0003.uasset" 6522
"../../../Engine/Content/EngineMaterials/Substrate/GLints/dict_16_192_64_0p5_0p02_0004_0004.uasset" 6523
"../../../Engine/Content/EngineMaterials/Substrate/GLints/dict_16_192_64_0p5_0p02_0004_0005.uasset" 6524
"../../../Engine/Content/EngineMaterials/Substrate/GLints/dict_16_192_64_0p5_0p02_0004_0006.uasset" 6525
"../../../Engine/Content/EngineMaterials/Substrate/GLints/dict_16_192_64_0p5_0p02_0004_0007.uasset" 6526
"../../../Engine/Content/EngineMaterials/Substrate/GLints/dict_16_192_64_0p5_0p02_0004_0008.uasset" 6527
"../../../Engine/Content/EngineMaterials/Substrate/GLints/dict_16_192_64_0p5_0p02_0004_0009.uasset" 6528
"../../../Engine/Content/EngineMaterials/Substrate/GLints/dict_16_192_64_0p5_0p02_0004_0010.uasset" 6529
"../../../Engine/Content/EngineMaterials/Substrate/GLints/dict_16_192_64_0p5_0p02_0004_0011.uasset" 6530
"../../../Engine/Content/EngineMaterials/Substrate/GLints/dict_16_192_64_0p5_0p02_0004_0012.uasset" 6531
"../../../Engine/Content/EngineMaterials/Substrate/GLints/dict_16_192_64_0p5_0p02_0004_0013.uasset" 6532
"../../../Engine/Content/EngineMaterials/Substrate/GLints/dict_16_192_64_0p5_0p02_0004_0014.uasset" 6533
"../../../Engine/Content/EngineMaterials/Substrate/GLints/dict_16_192_64_0p5_0p02_0004_0015.uasset" 6534
"../../../Engine/Content/EngineMaterials/Substrate/GLints/dict_16_192_64_0p5_0p02_0005_0000.uasset" 6535
"../../../Engine/Content/EngineMaterials/Substrate/GLints/dict_16_192_64_0p5_0p02_0005_0001.uasset" 6536
"../../../Engine/Content/EngineMaterials/Substrate/GLints/dict_16_192_64_0p5_0p02_0005_0002.uasset" 6537
"../../../Engine/Content/EngineMaterials/Substrate/GLints/dict_16_192_64_0p5_0p02_0005_0003.uasset" 6538
"../../../Engine/Content/EngineMaterials/Substrate/GLints/dict_16_192_64_0p5_0p02_0005_0004.uasset" 6539
"../../../Engine/Content/EngineMaterials/Substrate/GLints/dict_16_192_64_0p5_0p02_0005_0005.uasset" 6540
"../../../Engine/Content/EngineMaterials/Substrate/GLints/dict_16_192_64_0p5_0p02_0005_0006.uasset" 6541
"../../../Engine/Content/EngineMaterials/Substrate/GLints/dict_16_192_64_0p5_0p02_0005_0007.uasset" 6542
"../../../Engine/Content/EngineMaterials/Substrate/GLints/dict_16_192_64_0p5_0p02_0005_0008.uasset" 6543
"../../../Engine/Content/EngineMaterials/Substrate/GLints/dict_16_192_64_0p5_0p02_0005_0009.uasset" 6544
"../../../Engine/Content/EngineMaterials/Substrate/GLints/dict_16_192_64_0p5_0p02_0005_0010.uasset" 6545
"../../../Engine/Content/EngineMaterials/Substrate/GLints/dict_16_192_64_0p5_0p02_0005_0011.uasset" 6546
"../../../Engine/Content/EngineMaterials/Substrate/GLints/dict_16_192_64_0p5_0p02_0005_0012.uasset" 6547
"../../../Engine/Content/EngineMaterials/Substrate/GLints/dict_16_192_64_0p5_0p02_0005_0013.uasset" 6548
"../../../Engine/Content/EngineMaterials/Substrate/GLints/dict_16_192_64_0p5_0p02_0005_0014.uasset" 6549
"../../../Engine/Content/EngineMaterials/Substrate/GLints/dict_16_192_64_0p5_0p02_0005_0015.uasset" 6550
"../../../Engine/Content/EngineMaterials/Substrate/GLints/dict_16_192_64_0p5_0p02_0006_0000.uasset" 6551
"../../../Engine/Content/EngineMaterials/Substrate/GLints/dict_16_192_64_0p5_0p02_0006_0001.uasset" 6552
"../../../Engine/Content/EngineMaterials/Substrate/GLints/dict_16_192_64_0p5_0p02_0006_0002.uasset" 6553
"../../../Engine/Content/EngineMaterials/Substrate/GLints/dict_16_192_64_0p5_0p02_0006_0003.uasset" 6554
"../../../Engine/Content/EngineMaterials/Substrate/GLints/dict_16_192_64_0p5_0p02_0006_0004.uasset" 6555
"../../../Engine/Content/EngineMaterials/Substrate/GLints/dict_16_192_64_0p5_0p02_0006_0005.uasset" 6556
"../../../Engine/Content/EngineMaterials/Substrate/GLints/dict_16_192_64_0p5_0p02_0006_0006.uasset" 6557
"../../../Engine/Content/EngineMaterials/Substrate/GLints/dict_16_192_64_0p5_0p02_0006_0007.uasset" 6558
"../../../Engine/Content/EngineMaterials/Substrate/GLints/dict_16_192_64_0p5_0p02_0006_0008.uasset" 6559
"../../../Engine/Content/EngineMaterials/Substrate/GLints/dict_16_192_64_0p5_0p02_0006_0009.uasset" 6560
"../../../Engine/Content/EngineMaterials/Substrate/GLints/dict_16_192_64_0p5_0p02_0006_0010.uasset" 6561
"../../../Engine/Content/EngineMaterials/Substrate/GLints/dict_16_192_64_0p5_0p02_0006_0011.uasset" 6562
"../../../Engine/Content/EngineMaterials/Substrate/GLints/dict_16_192_64_0p5_0p02_0006_0012.uasset" 6563
"../../../Engine/Content/EngineMaterials/Substrate/GLints/dict_16_192_64_0p5_0p02_0006_0013.uasset" 6564
"../../../Engine/Content/EngineMaterials/Substrate/GLints/dict_16_192_64_0p5_0p02_0006_0014.uasset" 6565
"../../../Engine/Content/EngineMaterials/Substrate/GLints/dict_16_192_64_0p5_0p02_0006_0015.uasset" 6566
"../../../Engine/Content/EngineMaterials/Substrate/GLints/dict_16_192_64_0p5_0p02_0007_0000.uasset" 6567
"../../../Engine/Content/EngineMaterials/Substrate/GLints/dict_16_192_64_0p5_0p02_0007_0001.uasset" 6568
"../../../Engine/Content/EngineMaterials/Substrate/GLints/dict_16_192_64_0p5_0p02_0007_0002.uasset" 6569
"../../../Engine/Content/EngineMaterials/Substrate/GLints/dict_16_192_64_0p5_0p02_0007_0003.uasset" 6570
"../../../Engine/Content/EngineMaterials/Substrate/GLints/dict_16_192_64_0p5_0p02_0007_0004.uasset" 6571
"../../../Engine/Content/EngineMaterials/Substrate/GLints/dict_16_192_64_0p5_0p02_0007_0005.uasset" 6572
"../../../Engine/Content/EngineMaterials/Substrate/GLints/dict_16_192_64_0p5_0p02_0007_0006.uasset" 6573
"../../../Engine/Content/EngineMaterials/Substrate/GLints/dict_16_192_64_0p5_0p02_0007_0007.uasset" 6574
"../../../Engine/Content/EngineMaterials/Substrate/GLints/dict_16_192_64_0p5_0p02_0007_0008.uasset" 6575
"../../../Engine/Content/EngineMaterials/Substrate/GLints/dict_16_192_64_0p5_0p02_0007_0009.uasset" 6576
"../../../Engine/Content/EngineMaterials/Substrate/GLints/dict_16_192_64_0p5_0p02_0007_0010.uasset" 6577
"../../../Engine/Content/EngineMaterials/Substrate/GLints/dict_16_192_64_0p5_0p02_0007_0011.uasset" 6578
"../../../Engine/Content/EngineMaterials/Substrate/GLints/dict_16_192_64_0p5_0p02_0007_0012.uasset" 6579
"../../../Engine/Content/EngineMaterials/Substrate/GLints/dict_16_192_64_0p5_0p02_0007_0013.uasset" 6580
"../../../Engine/Content/EngineMaterials/Substrate/GLints/dict_16_192_64_0p5_0p02_0007_0014.uasset" 6581
"../../../Engine/Content/EngineMaterials/Substrate/GLints/dict_16_192_64_0p5_0p02_0007_0015.uasset" 6582
"../../../Engine/Content/EngineMaterials/Substrate/GLints/dict_16_192_64_0p5_0p02_0008_0000.uasset" 6583
"../../../Engine/Content/EngineMaterials/Substrate/GLints/dict_16_192_64_0p5_0p02_0008_0001.uasset" 6584
"../../../Engine/Content/EngineMaterials/Substrate/GLints/dict_16_192_64_0p5_0p02_0008_0002.uasset" 6585
"../../../Engine/Content/EngineMaterials/Substrate/GLints/dict_16_192_64_0p5_0p02_0008_0003.uasset" 6586
"../../../Engine/Content/EngineMaterials/Substrate/GLints/dict_16_192_64_0p5_0p02_0008_0004.uasset" 6587
"../../../Engine/Content/EngineMaterials/Substrate/GLints/dict_16_192_64_0p5_0p02_0008_0005.uasset" 6588
"../../../Engine/Content/EngineMaterials/Substrate/GLints/dict_16_192_64_0p5_0p02_0008_0006.uasset" 6589
"../../../Engine/Content/EngineMaterials/Substrate/GLints/dict_16_192_64_0p5_0p02_0008_0007.uasset" 6590
"../../../Engine/Content/EngineMaterials/Substrate/GLints/dict_16_192_64_0p5_0p02_0008_0008.uasset" 6591
"../../../Engine/Content/EngineMaterials/Substrate/GLints/dict_16_192_64_0p5_0p02_0008_0009.uasset" 6592
"../../../Engine/Content/EngineMaterials/Substrate/GLints/dict_16_192_64_0p5_0p02_0008_0010.uasset" 6593
"../../../Engine/Content/EngineMaterials/Substrate/GLints/dict_16_192_64_0p5_0p02_0008_0011.uasset" 6594
"../../../Engine/Content/EngineMaterials/Substrate/GLints/dict_16_192_64_0p5_0p02_0008_0012.uasset" 6595
"../../../Engine/Content/EngineMaterials/Substrate/GLints/dict_16_192_64_0p5_0p02_0008_0013.uasset" 6596
"../../../Engine/Content/EngineMaterials/Substrate/GLints/dict_16_192_64_0p5_0p02_0008_0014.uasset" 6597
"../../../Engine/Content/EngineMaterials/Substrate/GLints/dict_16_192_64_0p5_0p02_0008_0015.uasset" 6598
"../../../Engine/Content/EngineMaterials/Substrate/GLints/dict_16_192_64_0p5_0p02_0009_0000.uasset" 6599
"../../../Engine/Content/EngineMaterials/Substrate/GLints/dict_16_192_64_0p5_0p02_0009_0001.uasset" 6600
"../../../Engine/Content/EngineMaterials/Substrate/GLints/dict_16_192_64_0p5_0p02_0009_0002.uasset" 6601
"../../../Engine/Content/EngineMaterials/Substrate/GLints/dict_16_192_64_0p5_0p02_0009_0003.uasset" 6602
"../../../Engine/Content/EngineMaterials/Substrate/GLints/dict_16_192_64_0p5_0p02_0009_0004.uasset" 6603
"../../../Engine/Content/EngineMaterials/Substrate/GLints/dict_16_192_64_0p5_0p02_0009_0005.uasset" 6604
"../../../Engine/Content/EngineMaterials/Substrate/GLints/dict_16_192_64_0p5_0p02_0009_0006.uasset" 6605
"../../../Engine/Content/EngineMaterials/Substrate/GLints/dict_16_192_64_0p5_0p02_0009_0007.uasset" 6606
"../../../Engine/Content/EngineMaterials/Substrate/GLints/dict_16_192_64_0p5_0p02_0009_0008.uasset" 6607
"../../../Engine/Content/EngineMaterials/Substrate/GLints/dict_16_192_64_0p5_0p02_0009_0009.uasset" 6608
"../../../Engine/Content/EngineMaterials/Substrate/GLints/dict_16_192_64_0p5_0p02_0009_0010.uasset" 6609
"../../../Engine/Content/EngineMaterials/Substrate/GLints/dict_16_192_64_0p5_0p02_0009_0011.uasset" 6610
"../../../Engine/Content/EngineMaterials/Substrate/GLints/dict_16_192_64_0p5_0p02_0009_0012.uasset" 6611
"../../../Engine/Content/EngineMaterials/Substrate/GLints/dict_16_192_64_0p5_0p02_0009_0013.uasset" 6612
"../../../Engine/Content/EngineMaterials/Substrate/GLints/dict_16_192_64_0p5_0p02_0009_0014.uasset" 6613
"../../../Engine/Content/EngineMaterials/Substrate/GLints/dict_16_192_64_0p5_0p02_0009_0015.uasset" 6614
"../../../Engine/Content/EngineMaterials/Substrate/GLints/dict_16_192_64_0p5_0p02_0010_0000.uasset" 6615
"../../../Engine/Content/EngineMaterials/Substrate/GLints/dict_16_192_64_0p5_0p02_0010_0001.uasset" 6616
"../../../Engine/Content/EngineMaterials/Substrate/GLints/dict_16_192_64_0p5_0p02_0010_0002.uasset" 6617
"../../../Engine/Content/EngineMaterials/Substrate/GLints/dict_16_192_64_0p5_0p02_0010_0003.uasset" 6618
"../../../Engine/Content/EngineMaterials/Substrate/GLints/dict_16_192_64_0p5_0p02_0010_0004.uasset" 6619
"../../../Engine/Content/EngineMaterials/Substrate/GLints/dict_16_192_64_0p5_0p02_0010_0005.uasset" 6620
"../../../Engine/Content/EngineMaterials/Substrate/GLints/dict_16_192_64_0p5_0p02_0010_0006.uasset" 6621
"../../../Engine/Content/EngineMaterials/Substrate/GLints/dict_16_192_64_0p5_0p02_0010_0007.uasset" 6622
"../../../Engine/Content/EngineMaterials/Substrate/GLints/dict_16_192_64_0p5_0p02_0010_0008.uasset" 6623
"../../../Engine/Content/EngineMaterials/Substrate/GLints/dict_16_192_64_0p5_0p02_0010_0009.uasset" 6624
"../../../Engine/Content/EngineMaterials/Substrate/GLints/dict_16_192_64_0p5_0p02_0010_0010.uasset" 6625
"../../../Engine/Content/EngineMaterials/Substrate/GLints/dict_16_192_64_0p5_0p02_0010_0011.uasset" 6626
"../../../Engine/Content/EngineMaterials/Substrate/GLints/dict_16_192_64_0p5_0p02_0010_0012.uasset" 6627
"../../../Engine/Content/EngineMaterials/Substrate/GLints/dict_16_192_64_0p5_0p02_0010_0013.uasset" 6628
"../../../Engine/Content/EngineMaterials/Substrate/GLints/dict_16_192_64_0p5_0p02_0010_0014.uasset" 6629
"../../../Engine/Content/EngineMaterials/Substrate/GLints/dict_16_192_64_0p5_0p02_0010_0015.uasset" 6630
"../../../Engine/Content/EngineMaterials/Substrate/GLints/dict_16_192_64_0p5_0p02_0011_0000.uasset" 6631
"../../../Engine/Content/EngineMaterials/Substrate/GLints/dict_16_192_64_0p5_0p02_0011_0001.uasset" 6632
"../../../Engine/Content/EngineMaterials/Substrate/GLints/dict_16_192_64_0p5_0p02_0011_0002.uasset" 6633
"../../../Engine/Content/EngineMaterials/Substrate/GLints/dict_16_192_64_0p5_0p02_0011_0003.uasset" 6634
"../../../Engine/Content/EngineMaterials/Substrate/GLints/dict_16_192_64_0p5_0p02_0011_0004.uasset" 6635
"../../../Engine/Content/EngineMaterials/Substrate/GLints/dict_16_192_64_0p5_0p02_0011_0005.uasset" 6636
"../../../Engine/Content/EngineMaterials/Substrate/GLints/dict_16_192_64_0p5_0p02_0011_0006.uasset" 6637
"../../../Engine/Content/EngineMaterials/Substrate/GLints/dict_16_192_64_0p5_0p02_0011_0007.uasset" 6638
"../../../Engine/Content/EngineMaterials/Substrate/GLints/dict_16_192_64_0p5_0p02_0011_0008.uasset" 6639
"../../../Engine/Content/EngineMaterials/Substrate/GLints/dict_16_192_64_0p5_0p02_0011_0009.uasset" 6640
"../../../Engine/Content/EngineMaterials/Substrate/GLints/dict_16_192_64_0p5_0p02_0011_0010.uasset" 6641
"../../../Engine/Content/EngineMaterials/Substrate/GLints/dict_16_192_64_0p5_0p02_0011_0011.uasset" 6642
"../../../Engine/Content/EngineMaterials/Substrate/GLints/dict_16_192_64_0p5_0p02_0011_0012.uasset" 6643
"../../../Engine/Content/EngineMaterials/Substrate/GLints/dict_16_192_64_0p5_0p02_0011_0013.uasset" 6644
"../../../Engine/Content/EngineMaterials/Substrate/GLints/dict_16_192_64_0p5_0p02_0011_0014.uasset" 6645
"../../../Engine/Content/EngineMaterials/Substrate/GLints/dict_16_192_64_0p5_0p02_0011_0015.uasset" 6646
"../../../Engine/Content/EngineMaterials/Substrate/GLints/dict_16_192_64_0p5_0p02_0012_0000.uasset" 6647
"../../../Engine/Content/EngineMaterials/Substrate/GLints/dict_16_192_64_0p5_0p02_0012_0001.uasset" 6648
"../../../Engine/Content/EngineMaterials/Substrate/GLints/dict_16_192_64_0p5_0p02_0012_0002.uasset" 6649
"../../../Engine/Content/EngineMaterials/Substrate/GLints/dict_16_192_64_0p5_0p02_0012_0003.uasset" 6650
"../../../Engine/Content/EngineMaterials/Substrate/GLints/dict_16_192_64_0p5_0p02_0012_0004.uasset" 6651
"../../../Engine/Content/EngineMaterials/Substrate/GLints/dict_16_192_64_0p5_0p02_0012_0005.uasset" 6652
"../../../Engine/Content/EngineMaterials/Substrate/GLints/dict_16_192_64_0p5_0p02_0012_0006.uasset" 6653
"../../../Engine/Content/EngineMaterials/Substrate/GLints/dict_16_192_64_0p5_0p02_0012_0007.uasset" 6654
"../../../Engine/Content/EngineMaterials/Substrate/GLints/dict_16_192_64_0p5_0p02_0012_0008.uasset" 6655
"../../../Engine/Content/EngineMaterials/Substrate/GLints/dict_16_192_64_0p5_0p02_0012_0009.uasset" 6656
"../../../Engine/Content/EngineMaterials/Substrate/GLints/dict_16_192_64_0p5_0p02_0012_0010.uasset" 6657
"../../../Engine/Content/EngineMaterials/Substrate/GLints/dict_16_192_64_0p5_0p02_0012_0011.uasset" 6658
"../../../Engine/Content/EngineMaterials/Substrate/GLints/dict_16_192_64_0p5_0p02_0012_0012.uasset" 6659
"../../../Engine/Content/EngineMaterials/Substrate/GLints/dict_16_192_64_0p5_0p02_0012_0013.uasset" 6660
"../../../Engine/Content/EngineMaterials/Substrate/GLints/dict_16_192_64_0p5_0p02_0012_0014.uasset" 6661
"../../../Engine/Content/EngineMaterials/Substrate/GLints/dict_16_192_64_0p5_0p02_0012_0015.uasset" 6662
"../../../Engine/Content/EngineMaterials/Substrate/GLints/dict_16_192_64_0p5_0p02_0013_0000.uasset" 6663
"../../../Engine/Content/EngineMaterials/Substrate/GLints/dict_16_192_64_0p5_0p02_0013_0001.uasset" 6664
"../../../Engine/Content/EngineMaterials/Substrate/GLints/dict_16_192_64_0p5_0p02_0013_0002.uasset" 6665
"../../../Engine/Content/EngineMaterials/Substrate/GLints/dict_16_192_64_0p5_0p02_0013_0003.uasset" 6666
"../../../Engine/Content/EngineMaterials/Substrate/GLints/dict_16_192_64_0p5_0p02_0013_0004.uasset" 6667
"../../../Engine/Content/EngineMaterials/Substrate/GLints/dict_16_192_64_0p5_0p02_0013_0005.uasset" 6668
"../../../Engine/Content/EngineMaterials/Substrate/GLints/dict_16_192_64_0p5_0p02_0013_0006.uasset" 6669
"../../../Engine/Content/EngineMaterials/Substrate/GLints/dict_16_192_64_0p5_0p02_0013_0007.uasset" 6670
"../../../Engine/Content/EngineMaterials/Substrate/GLints/dict_16_192_64_0p5_0p02_0013_0008.uasset" 6671
"../../../Engine/Content/EngineMaterials/Substrate/GLints/dict_16_192_64_0p5_0p02_0013_0009.uasset" 6672
"../../../Engine/Content/EngineMaterials/Substrate/GLints/dict_16_192_64_0p5_0p02_0013_0010.uasset" 6673
"../../../Engine/Content/EngineMaterials/Substrate/GLints/dict_16_192_64_0p5_0p02_0013_0011.uasset" 6674
"../../../Engine/Content/EngineMaterials/Substrate/GLints/dict_16_192_64_0p5_0p02_0013_0012.uasset" 6675
"../../../Engine/Content/EngineMaterials/Substrate/GLints/dict_16_192_64_0p5_0p02_0013_0013.uasset" 6676
"../../../Engine/Content/EngineMaterials/Substrate/GLints/dict_16_192_64_0p5_0p02_0013_0014.uasset" 6677
"../../../Engine/Content/EngineMaterials/Substrate/GLints/dict_16_192_64_0p5_0p02_0013_0015.uasset" 6678
"../../../Engine/Content/EngineMaterials/Substrate/GLints/dict_16_192_64_0p5_0p02_0014_0000.uasset" 6679
"../../../Engine/Content/EngineMaterials/Substrate/GLints/dict_16_192_64_0p5_0p02_0014_0001.uasset" 6680
"../../../Engine/Content/EngineMaterials/Substrate/GLints/dict_16_192_64_0p5_0p02_0014_0002.uasset" 6681
"../../../Engine/Content/EngineMaterials/Substrate/GLints/dict_16_192_64_0p5_0p02_0014_0003.uasset" 6682
"../../../Engine/Content/EngineMaterials/Substrate/GLints/dict_16_192_64_0p5_0p02_0014_0004.uasset" 6683
"../../../Engine/Content/EngineMaterials/Substrate/GLints/dict_16_192_64_0p5_0p02_0014_0005.uasset" 6684
"../../../Engine/Content/EngineMaterials/Substrate/GLints/dict_16_192_64_0p5_0p02_0014_0006.uasset" 6685
"../../../Engine/Content/EngineMaterials/Substrate/GLints/dict_16_192_64_0p5_0p02_0014_0007.uasset" 6686
"../../../Engine/Content/EngineMaterials/Substrate/GLints/dict_16_192_64_0p5_0p02_0014_0008.uasset" 6687
"../../../Engine/Content/EngineMaterials/Substrate/GLints/dict_16_192_64_0p5_0p02_0014_0009.uasset" 6688
"../../../Engine/Content/EngineMaterials/Substrate/GLints/dict_16_192_64_0p5_0p02_0014_0010.uasset" 6689
"../../../Engine/Content/EngineMaterials/Substrate/GLints/dict_16_192_64_0p5_0p02_0014_0011.uasset" 6690
"../../../Engine/Content/EngineMaterials/Substrate/GLints/dict_16_192_64_0p5_0p02_0014_0012.uasset" 6691
"../../../Engine/Content/EngineMaterials/Substrate/GLints/dict_16_192_64_0p5_0p02_0014_0013.uasset" 6692
"../../../Engine/Content/EngineMaterials/Substrate/GLints/dict_16_192_64_0p5_0p02_0014_0014.uasset" 6693
"../../../Engine/Content/EngineMaterials/Substrate/GLints/dict_16_192_64_0p5_0p02_0014_0015.uasset" 6694
"../../../Engine/Content/EngineMaterials/Substrate/GLints/dict_16_192_64_0p5_0p02_0015_0000.uasset" 6695
"../../../Engine/Content/EngineMaterials/Substrate/GLints/dict_16_192_64_0p5_0p02_0015_0001.uasset" 6696
"../../../Engine/Content/EngineMaterials/Substrate/GLints/dict_16_192_64_0p5_0p02_0015_0002.uasset" 6697
"../../../Engine/Content/EngineMaterials/Substrate/GLints/dict_16_192_64_0p5_0p02_0015_0003.uasset" 6698
"../../../Engine/Content/EngineMaterials/Substrate/GLints/dict_16_192_64_0p5_0p02_0015_0004.uasset" 6699
"../../../Engine/Content/EngineMaterials/Substrate/GLints/dict_16_192_64_0p5_0p02_0015_0005.uasset" 6700
"../../../Engine/Content/EngineMaterials/Substrate/GLints/dict_16_192_64_0p5_0p02_0015_0006.uasset" 6701
"../../../Engine/Content/EngineMaterials/Substrate/GLints/dict_16_192_64_0p5_0p02_0015_0007.uasset" 6702
"../../../Engine/Content/EngineMaterials/Substrate/GLints/dict_16_192_64_0p5_0p02_0015_0008.uasset" 6703
"../../../Engine/Content/EngineMaterials/Substrate/GLints/dict_16_192_64_0p5_0p02_0015_0009.uasset" 6704
"../../../Engine/Content/EngineMaterials/Substrate/GLints/dict_16_192_64_0p5_0p02_0015_0010.uasset" 6705
"../../../Engine/Content/EngineMaterials/Substrate/GLints/dict_16_192_64_0p5_0p02_0015_0011.uasset" 6706
"../../../Engine/Content/EngineMaterials/Substrate/GLints/dict_16_192_64_0p5_0p02_0015_0012.uasset" 6707
"../../../Engine/Content/EngineMaterials/Substrate/GLints/dict_16_192_64_0p5_0p02_0015_0013.uasset" 6708
"../../../Engine/Content/EngineMaterials/Substrate/GLints/dict_16_192_64_0p5_0p02_0015_0014.uasset" 6709
"../../../Engine/Content/EngineMaterials/Substrate/GLints/dict_16_192_64_0p5_0p02_0015_0015.uasset" 6710
"../../../Engine/Content/EngineMaterials/Substrate/GLints/dict_16_192_64_0p5_0p02_0016_0000.uasset" 6711
"../../../Engine/Content/EngineMaterials/Substrate/GLints/dict_16_192_64_0p5_0p02_0016_0001.uasset" 6712
"../../../Engine/Content/EngineMaterials/Substrate/GLints/dict_16_192_64_0p5_0p02_0016_0002.uasset" 6713
"../../../Engine/Content/EngineMaterials/Substrate/GLints/dict_16_192_64_0p5_0p02_0016_0003.uasset" 6714
"../../../Engine/Content/EngineMaterials/Substrate/GLints/dict_16_192_64_0p5_0p02_0016_0004.uasset" 6715
"../../../Engine/Content/EngineMaterials/Substrate/GLints/dict_16_192_64_0p5_0p02_0016_0005.uasset" 6716
"../../../Engine/Content/EngineMaterials/Substrate/GLints/dict_16_192_64_0p5_0p02_0016_0006.uasset" 6717
"../../../Engine/Content/EngineMaterials/Substrate/GLints/dict_16_192_64_0p5_0p02_0016_0007.uasset" 6718
"../../../Engine/Content/EngineMaterials/Substrate/GLints/dict_16_192_64_0p5_0p02_0016_0008.uasset" 6719
"../../../Engine/Content/EngineMaterials/Substrate/GLints/dict_16_192_64_0p5_0p02_0016_0009.uasset" 6720
"../../../Engine/Content/EngineMaterials/Substrate/GLints/dict_16_192_64_0p5_0p02_0016_0010.uasset" 6721
"../../../Engine/Content/EngineMaterials/Substrate/GLints/dict_16_192_64_0p5_0p02_0016_0011.uasset" 6722
"../../../Engine/Content/EngineMaterials/Substrate/GLints/dict_16_192_64_0p5_0p02_0016_0012.uasset" 6723
"../../../Engine/Content/EngineMaterials/Substrate/GLints/dict_16_192_64_0p5_0p02_0016_0013.uasset" 6724
"../../../Engine/Content/EngineMaterials/Substrate/GLints/dict_16_192_64_0p5_0p02_0016_0014.uasset" 6725
"../../../Engine/Content/EngineMaterials/Substrate/GLints/dict_16_192_64_0p5_0p02_0016_0015.uasset" 6726
"../../../Engine/Content/EngineMaterials/Substrate/GLints/dict_16_192_64_0p5_0p02_0017_0000.uasset" 6727
"../../../Engine/Content/EngineMaterials/Substrate/GLints/dict_16_192_64_0p5_0p02_0017_0001.uasset" 6728
"../../../Engine/Content/EngineMaterials/Substrate/GLints/dict_16_192_64_0p5_0p02_0017_0002.uasset" 6729
"../../../Engine/Content/EngineMaterials/Substrate/GLints/dict_16_192_64_0p5_0p02_0017_0003.uasset" 6730
"../../../Engine/Content/EngineMaterials/Substrate/GLints/dict_16_192_64_0p5_0p02_0017_0004.uasset" 6731
"../../../Engine/Content/EngineMaterials/Substrate/GLints/dict_16_192_64_0p5_0p02_0017_0005.uasset" 6732
"../../../Engine/Content/EngineMaterials/Substrate/GLints/dict_16_192_64_0p5_0p02_0017_0006.uasset" 6733
"../../../Engine/Content/EngineMaterials/Substrate/GLints/dict_16_192_64_0p5_0p02_0017_0007.uasset" 6734
"../../../Engine/Content/EngineMaterials/Substrate/GLints/dict_16_192_64_0p5_0p02_0017_0008.uasset" 6735
"../../../Engine/Content/EngineMaterials/Substrate/GLints/dict_16_192_64_0p5_0p02_0017_0009.uasset" 6736
"../../../Engine/Content/EngineMaterials/Substrate/GLints/dict_16_192_64_0p5_0p02_0017_0010.uasset" 6737
"../../../Engine/Content/EngineMaterials/Substrate/GLints/dict_16_192_64_0p5_0p02_0017_0011.uasset" 6738
"../../../Engine/Content/EngineMaterials/Substrate/GLints/dict_16_192_64_0p5_0p02_0017_0012.uasset" 6739
"../../../Engine/Content/EngineMaterials/Substrate/GLints/dict_16_192_64_0p5_0p02_0017_0013.uasset" 6740
"../../../Engine/Content/EngineMaterials/Substrate/GLints/dict_16_192_64_0p5_0p02_0017_0014.uasset" 6741
"../../../Engine/Content/EngineMaterials/Substrate/GLints/dict_16_192_64_0p5_0p02_0017_0015.uasset" 6742
"../../../Engine/Content/EngineMaterials/Substrate/GLints/dict_16_192_64_0p5_0p02_0018_0000.uasset" 6743
"../../../Engine/Content/EngineMaterials/Substrate/GLints/dict_16_192_64_0p5_0p02_0018_0001.uasset" 6744
"../../../Engine/Content/EngineMaterials/Substrate/GLints/dict_16_192_64_0p5_0p02_0018_0002.uasset" 6745
"../../../Engine/Content/EngineMaterials/Substrate/GLints/dict_16_192_64_0p5_0p02_0018_0003.uasset" 6746
"../../../Engine/Content/EngineMaterials/Substrate/GLints/dict_16_192_64_0p5_0p02_0018_0004.uasset" 6747
"../../../Engine/Content/EngineMaterials/Substrate/GLints/dict_16_192_64_0p5_0p02_0018_0005.uasset" 6748
"../../../Engine/Content/EngineMaterials/Substrate/GLints/dict_16_192_64_0p5_0p02_0018_0006.uasset" 6749
"../../../Engine/Content/EngineMaterials/Substrate/GLints/dict_16_192_64_0p5_0p02_0018_0007.uasset" 6750
"../../../Engine/Content/EngineMaterials/Substrate/GLints/dict_16_192_64_0p5_0p02_0018_0008.uasset" 6751
"../../../Engine/Content/EngineMaterials/Substrate/GLints/dict_16_192_64_0p5_0p02_0018_0009.uasset" 6752
"../../../Engine/Content/EngineMaterials/Substrate/GLints/dict_16_192_64_0p5_0p02_0018_0010.uasset" 6753
"../../../Engine/Content/EngineMaterials/Substrate/GLints/dict_16_192_64_0p5_0p02_0018_0011.uasset" 6754
"../../../Engine/Content/EngineMaterials/Substrate/GLints/dict_16_192_64_0p5_0p02_0018_0012.uasset" 6755
"../../../Engine/Content/EngineMaterials/Substrate/GLints/dict_16_192_64_0p5_0p02_0018_0013.uasset" 6756
"../../../Engine/Content/EngineMaterials/Substrate/GLints/dict_16_192_64_0p5_0p02_0018_0014.uasset" 6757
"../../../Engine/Content/EngineMaterials/Substrate/GLints/dict_16_192_64_0p5_0p02_0018_0015.uasset" 6758
"../../../Engine/Content/EngineMaterials/Substrate/GLints/dict_16_192_64_0p5_0p02_0019_0000.uasset" 6759
"../../../Engine/Content/EngineMaterials/Substrate/GLints/dict_16_192_64_0p5_0p02_0019_0001.uasset" 6760
"../../../Engine/Content/EngineMaterials/Substrate/GLints/dict_16_192_64_0p5_0p02_0019_0002.uasset" 6761
"../../../Engine/Content/EngineMaterials/Substrate/GLints/dict_16_192_64_0p5_0p02_0019_0003.uasset" 6762
"../../../Engine/Content/EngineMaterials/Substrate/GLints/dict_16_192_64_0p5_0p02_0019_0004.uasset" 6763
"../../../Engine/Content/EngineMaterials/Substrate/GLints/dict_16_192_64_0p5_0p02_0019_0005.uasset" 6764
"../../../Engine/Content/EngineMaterials/Substrate/GLints/dict_16_192_64_0p5_0p02_0019_0006.uasset" 6765
"../../../Engine/Content/EngineMaterials/Substrate/GLints/dict_16_192_64_0p5_0p02_0019_0007.uasset" 6766
"../../../Engine/Content/EngineMaterials/Substrate/GLints/dict_16_192_64_0p5_0p02_0019_0008.uasset" 6767
"../../../Engine/Content/EngineMaterials/Substrate/GLints/dict_16_192_64_0p5_0p02_0019_0009.uasset" 6768
"../../../Engine/Content/EngineMaterials/Substrate/GLints/dict_16_192_64_0p5_0p02_0019_0010.uasset" 6769
"../../../Engine/Content/EngineMaterials/Substrate/GLints/dict_16_192_64_0p5_0p02_0019_0011.uasset" 6770
"../../../Engine/Content/EngineMaterials/Substrate/GLints/dict_16_192_64_0p5_0p02_0019_0012.uasset" 6771
"../../../Engine/Content/EngineMaterials/Substrate/GLints/dict_16_192_64_0p5_0p02_0019_0013.uasset" 6772
"../../../Engine/Content/EngineMaterials/Substrate/GLints/dict_16_192_64_0p5_0p02_0019_0014.uasset" 6773
"../../../Engine/Content/EngineMaterials/Substrate/GLints/dict_16_192_64_0p5_0p02_0019_0015.uasset" 6774
"../../../Engine/Content/EngineMaterials/Substrate/GLints/dict_16_192_64_0p5_0p02_0020_0000.uasset" 6775
"../../../Engine/Content/EngineMaterials/Substrate/GLints/dict_16_192_64_0p5_0p02_0020_0001.uasset" 6776
"../../../Engine/Content/EngineMaterials/Substrate/GLints/dict_16_192_64_0p5_0p02_0020_0002.uasset" 6777
"../../../Engine/Content/EngineMaterials/Substrate/GLints/dict_16_192_64_0p5_0p02_0020_0003.uasset" 6778
"../../../Engine/Content/EngineMaterials/Substrate/GLints/dict_16_192_64_0p5_0p02_0020_0004.uasset" 6779
"../../../Engine/Content/EngineMaterials/Substrate/GLints/dict_16_192_64_0p5_0p02_0020_0005.uasset" 6780
"../../../Engine/Content/EngineMaterials/Substrate/GLints/dict_16_192_64_0p5_0p02_0020_0006.uasset" 6781
"../../../Engine/Content/EngineMaterials/Substrate/GLints/dict_16_192_64_0p5_0p02_0020_0007.uasset" 6782
"../../../Engine/Content/EngineMaterials/Substrate/GLints/dict_16_192_64_0p5_0p02_0020_0008.uasset" 6783
"../../../Engine/Content/EngineMaterials/Substrate/GLints/dict_16_192_64_0p5_0p02_0020_0009.uasset" 6784
"../../../Engine/Content/EngineMaterials/Substrate/GLints/dict_16_192_64_0p5_0p02_0020_0010.uasset" 6785
"../../../Engine/Content/EngineMaterials/Substrate/GLints/dict_16_192_64_0p5_0p02_0020_0011.uasset" 6786
"../../../Engine/Content/EngineMaterials/Substrate/GLints/dict_16_192_64_0p5_0p02_0020_0012.uasset" 6787
"../../../Engine/Content/EngineMaterials/Substrate/GLints/dict_16_192_64_0p5_0p02_0020_0013.uasset" 6788
"../../../Engine/Content/EngineMaterials/Substrate/GLints/dict_16_192_64_0p5_0p02_0020_0014.uasset" 6789
"../../../Engine/Content/EngineMaterials/Substrate/GLints/dict_16_192_64_0p5_0p02_0020_0015.uasset" 6790
"../../../Engine/Content/EngineMaterials/Substrate/GLints/dict_16_192_64_0p5_0p02_0021_0000.uasset" 6791
"../../../Engine/Content/EngineMaterials/Substrate/GLints/dict_16_192_64_0p5_0p02_0021_0001.uasset" 6792
"../../../Engine/Content/EngineMaterials/Substrate/GLints/dict_16_192_64_0p5_0p02_0021_0002.uasset" 6793
"../../../Engine/Content/EngineMaterials/Substrate/GLints/dict_16_192_64_0p5_0p02_0021_0003.uasset" 6794
"../../../Engine/Content/EngineMaterials/Substrate/GLints/dict_16_192_64_0p5_0p02_0021_0004.uasset" 6795
"../../../Engine/Content/EngineMaterials/Substrate/GLints/dict_16_192_64_0p5_0p02_0021_0005.uasset" 6796
"../../../Engine/Content/EngineMaterials/Substrate/GLints/dict_16_192_64_0p5_0p02_0021_0006.uasset" 6797
"../../../Engine/Content/EngineMaterials/Substrate/GLints/dict_16_192_64_0p5_0p02_0021_0007.uasset" 6798
"../../../Engine/Content/EngineMaterials/Substrate/GLints/dict_16_192_64_0p5_0p02_0021_0008.uasset" 6799
"../../../Engine/Content/EngineMaterials/Substrate/GLints/dict_16_192_64_0p5_0p02_0021_0009.uasset" 6800
"../../../Engine/Content/EngineMaterials/Substrate/GLints/dict_16_192_64_0p5_0p02_0021_0010.uasset" 6801
"../../../Engine/Content/EngineMaterials/Substrate/GLints/dict_16_192_64_0p5_0p02_0021_0011.uasset" 6802
"../../../Engine/Content/EngineMaterials/Substrate/GLints/dict_16_192_64_0p5_0p02_0021_0012.uasset" 6803
"../../../Engine/Content/EngineMaterials/Substrate/GLints/dict_16_192_64_0p5_0p02_0021_0013.uasset" 6804
"../../../Engine/Content/EngineMaterials/Substrate/GLints/dict_16_192_64_0p5_0p02_0021_0014.uasset" 6805
"../../../Engine/Content/EngineMaterials/Substrate/GLints/dict_16_192_64_0p5_0p02_0021_0015.uasset" 6806
"../../../Engine/Content/EngineMaterials/Substrate/GLints/dict_16_192_64_0p5_0p02_0022_0000.uasset" 6807
"../../../Engine/Content/EngineMaterials/Substrate/GLints/dict_16_192_64_0p5_0p02_0022_0001.uasset" 6808
"../../../Engine/Content/EngineMaterials/Substrate/GLints/dict_16_192_64_0p5_0p02_0022_0002.uasset" 6809
"../../../Engine/Content/EngineMaterials/Substrate/GLints/dict_16_192_64_0p5_0p02_0022_0003.uasset" 6810
"../../../Engine/Content/EngineMaterials/Substrate/GLints/dict_16_192_64_0p5_0p02_0022_0004.uasset" 6811
"../../../Engine/Content/EngineMaterials/Substrate/GLints/dict_16_192_64_0p5_0p02_0022_0005.uasset" 6812
"../../../Engine/Content/EngineMaterials/Substrate/GLints/dict_16_192_64_0p5_0p02_0022_0006.uasset" 6813
"../../../Engine/Content/EngineMaterials/Substrate/GLints/dict_16_192_64_0p5_0p02_0022_0007.uasset" 6814
"../../../Engine/Content/EngineMaterials/Substrate/GLints/dict_16_192_64_0p5_0p02_0022_0008.uasset" 6815
"../../../Engine/Content/EngineMaterials/Substrate/GLints/dict_16_192_64_0p5_0p02_0022_0009.uasset" 6816
"../../../Engine/Content/EngineMaterials/Substrate/GLints/dict_16_192_64_0p5_0p02_0022_0010.uasset" 6817
"../../../Engine/Content/EngineMaterials/Substrate/GLints/dict_16_192_64_0p5_0p02_0022_0011.uasset" 6818
"../../../Engine/Content/EngineMaterials/Substrate/GLints/dict_16_192_64_0p5_0p02_0022_0012.uasset" 6819
"../../../Engine/Content/EngineMaterials/Substrate/GLints/dict_16_192_64_0p5_0p02_0022_0013.uasset" 6820
"../../../Engine/Content/EngineMaterials/Substrate/GLints/dict_16_192_64_0p5_0p02_0022_0014.uasset" 6821
"../../../Engine/Content/EngineMaterials/Substrate/GLints/dict_16_192_64_0p5_0p02_0022_0015.uasset" 6822
"../../../Engine/Content/EngineMaterials/Substrate/GLints/dict_16_192_64_0p5_0p02_0023_0000.uasset" 6823
"../../../Engine/Content/EngineMaterials/Substrate/GLints/dict_16_192_64_0p5_0p02_0023_0001.uasset" 6824
"../../../Engine/Content/EngineMaterials/Substrate/GLints/dict_16_192_64_0p5_0p02_0023_0002.uasset" 6825
"../../../Engine/Content/EngineMaterials/Substrate/GLints/dict_16_192_64_0p5_0p02_0023_0003.uasset" 6826
"../../../Engine/Content/EngineMaterials/Substrate/GLints/dict_16_192_64_0p5_0p02_0023_0004.uasset" 6827
"../../../Engine/Content/EngineMaterials/Substrate/GLints/dict_16_192_64_0p5_0p02_0023_0005.uasset" 6828
"../../../Engine/Content/EngineMaterials/Substrate/GLints/dict_16_192_64_0p5_0p02_0023_0006.uasset" 6829
"../../../Engine/Content/EngineMaterials/Substrate/GLints/dict_16_192_64_0p5_0p02_0023_0007.uasset" 6830
"../../../Engine/Content/EngineMaterials/Substrate/GLints/dict_16_192_64_0p5_0p02_0023_0008.uasset" 6831
"../../../Engine/Content/EngineMaterials/Substrate/GLints/dict_16_192_64_0p5_0p02_0023_0009.uasset" 6832
"../../../Engine/Content/EngineMaterials/Substrate/GLints/dict_16_192_64_0p5_0p02_0023_0010.uasset" 6833
"../../../Engine/Content/EngineMaterials/Substrate/GLints/dict_16_192_64_0p5_0p02_0023_0011.uasset" 6834
"../../../Engine/Content/EngineMaterials/Substrate/GLints/dict_16_192_64_0p5_0p02_0023_0012.uasset" 6835
"../../../Engine/Content/EngineMaterials/Substrate/GLints/dict_16_192_64_0p5_0p02_0023_0013.uasset" 6836
"../../../Engine/Content/EngineMaterials/Substrate/GLints/dict_16_192_64_0p5_0p02_0023_0014.uasset" 6837
"../../../Engine/Content/EngineMaterials/Substrate/GLints/dict_16_192_64_0p5_0p02_0023_0015.uasset" 6838
"../../../Engine/Content/EngineMaterials/Substrate/GLints/dict_16_192_64_0p5_0p02_0024_0000.uasset" 6839
"../../../Engine/Content/EngineMaterials/Substrate/GLints/dict_16_192_64_0p5_0p02_0024_0001.uasset" 6840
"../../../Engine/Content/EngineMaterials/Substrate/GLints/dict_16_192_64_0p5_0p02_0024_0002.uasset" 6841
"../../../Engine/Content/EngineMaterials/Substrate/GLints/dict_16_192_64_0p5_0p02_0024_0003.uasset" 6842
"../../../Engine/Content/EngineMaterials/Substrate/GLints/dict_16_192_64_0p5_0p02_0024_0004.uasset" 6843
"../../../Engine/Content/EngineMaterials/Substrate/GLints/dict_16_192_64_0p5_0p02_0024_0005.uasset" 6844
"../../../Engine/Content/EngineMaterials/Substrate/GLints/dict_16_192_64_0p5_0p02_0024_0006.uasset" 6845
"../../../Engine/Content/EngineMaterials/Substrate/GLints/dict_16_192_64_0p5_0p02_0024_0007.uasset" 6846
"../../../Engine/Content/EngineMaterials/Substrate/GLints/dict_16_192_64_0p5_0p02_0024_0008.uasset" 6847
"../../../Engine/Content/EngineMaterials/Substrate/GLints/dict_16_192_64_0p5_0p02_0024_0009.uasset" 6848
"../../../Engine/Content/EngineMaterials/Substrate/GLints/dict_16_192_64_0p5_0p02_0024_0010.uasset" 6849
"../../../Engine/Content/EngineMaterials/Substrate/GLints/dict_16_192_64_0p5_0p02_0024_0011.uasset" 6850
"../../../Engine/Content/EngineMaterials/Substrate/GLints/dict_16_192_64_0p5_0p02_0024_0012.uasset" 6851
"../../../Engine/Content/EngineMaterials/Substrate/GLints/dict_16_192_64_0p5_0p02_0024_0013.uasset" 6852
"../../../Engine/Content/EngineMaterials/Substrate/GLints/dict_16_192_64_0p5_0p02_0024_0014.uasset" 6853
"../../../Engine/Content/EngineMaterials/Substrate/GLints/dict_16_192_64_0p5_0p02_0024_0015.uasset" 6854
"../../../Engine/Content/EngineMaterials/Substrate/GLints/dict_16_192_64_0p5_0p02_0025_0000.uasset" 6855
"../../../Engine/Content/EngineMaterials/Substrate/GLints/dict_16_192_64_0p5_0p02_0025_0001.uasset" 6856
"../../../Engine/Content/EngineMaterials/Substrate/GLints/dict_16_192_64_0p5_0p02_0025_0002.uasset" 6857
"../../../Engine/Content/EngineMaterials/Substrate/GLints/dict_16_192_64_0p5_0p02_0025_0003.uasset" 6858
"../../../Engine/Content/EngineMaterials/Substrate/GLints/dict_16_192_64_0p5_0p02_0025_0004.uasset" 6859
"../../../Engine/Content/EngineMaterials/Substrate/GLints/dict_16_192_64_0p5_0p02_0025_0005.uasset" 6860
"../../../Engine/Content/EngineMaterials/Substrate/GLints/dict_16_192_64_0p5_0p02_0025_0006.uasset" 6861
"../../../Engine/Content/EngineMaterials/Substrate/GLints/dict_16_192_64_0p5_0p02_0025_0007.uasset" 6862
"../../../Engine/Content/EngineMaterials/Substrate/GLints/dict_16_192_64_0p5_0p02_0025_0008.uasset" 6863
"../../../Engine/Content/EngineMaterials/Substrate/GLints/dict_16_192_64_0p5_0p02_0025_0009.uasset" 6864
"../../../Engine/Content/EngineMaterials/Substrate/GLints/dict_16_192_64_0p5_0p02_0025_0010.uasset" 6865
"../../../Engine/Content/EngineMaterials/Substrate/GLints/dict_16_192_64_0p5_0p02_0025_0011.uasset" 6866
"../../../Engine/Content/EngineMaterials/Substrate/GLints/dict_16_192_64_0p5_0p02_0025_0012.uasset" 6867
"../../../Engine/Content/EngineMaterials/Substrate/GLints/dict_16_192_64_0p5_0p02_0025_0013.uasset" 6868
"../../../Engine/Content/EngineMaterials/Substrate/GLints/dict_16_192_64_0p5_0p02_0025_0014.uasset" 6869
"../../../Engine/Content/EngineMaterials/Substrate/GLints/dict_16_192_64_0p5_0p02_0025_0015.uasset" 6870
"../../../Engine/Content/EngineMaterials/Substrate/GLints/dict_16_192_64_0p5_0p02_0026_0000.uasset" 6871
"../../../Engine/Content/EngineMaterials/Substrate/GLints/dict_16_192_64_0p5_0p02_0026_0001.uasset" 6872
"../../../Engine/Content/EngineMaterials/Substrate/GLints/dict_16_192_64_0p5_0p02_0026_0002.uasset" 6873
"../../../Engine/Content/EngineMaterials/Substrate/GLints/dict_16_192_64_0p5_0p02_0026_0003.uasset" 6874
"../../../Engine/Content/EngineMaterials/Substrate/GLints/dict_16_192_64_0p5_0p02_0026_0004.uasset" 6875
"../../../Engine/Content/EngineMaterials/Substrate/GLints/dict_16_192_64_0p5_0p02_0026_0005.uasset" 6876
"../../../Engine/Content/EngineMaterials/Substrate/GLints/dict_16_192_64_0p5_0p02_0026_0006.uasset" 6877
"../../../Engine/Content/EngineMaterials/Substrate/GLints/dict_16_192_64_0p5_0p02_0026_0007.uasset" 6878
"../../../Engine/Content/EngineMaterials/Substrate/GLints/dict_16_192_64_0p5_0p02_0026_0008.uasset" 6879
"../../../Engine/Content/EngineMaterials/Substrate/GLints/dict_16_192_64_0p5_0p02_0026_0009.uasset" 6880
"../../../Engine/Content/EngineMaterials/Substrate/GLints/dict_16_192_64_0p5_0p02_0026_0010.uasset" 6881
"../../../Engine/Content/EngineMaterials/Substrate/GLints/dict_16_192_64_0p5_0p02_0026_0011.uasset" 6882
"../../../Engine/Content/EngineMaterials/Substrate/GLints/dict_16_192_64_0p5_0p02_0026_0012.uasset" 6883
"../../../Engine/Content/EngineMaterials/Substrate/GLints/dict_16_192_64_0p5_0p02_0026_0013.uasset" 6884
"../../../Engine/Content/EngineMaterials/Substrate/GLints/dict_16_192_64_0p5_0p02_0026_0014.uasset" 6885
"../../../Engine/Content/EngineMaterials/Substrate/GLints/dict_16_192_64_0p5_0p02_0026_0015.uasset" 6886
"../../../Engine/Content/EngineMaterials/Substrate/GLints/dict_16_192_64_0p5_0p02_0027_0000.uasset" 6887
"../../../Engine/Content/EngineMaterials/Substrate/GLints/dict_16_192_64_0p5_0p02_0027_0001.uasset" 6888
"../../../Engine/Content/EngineMaterials/Substrate/GLints/dict_16_192_64_0p5_0p02_0027_0002.uasset" 6889
"../../../Engine/Content/EngineMaterials/Substrate/GLints/dict_16_192_64_0p5_0p02_0027_0003.uasset" 6890
"../../../Engine/Content/EngineMaterials/Substrate/GLints/dict_16_192_64_0p5_0p02_0027_0004.uasset" 6891
"../../../Engine/Content/EngineMaterials/Substrate/GLints/dict_16_192_64_0p5_0p02_0027_0005.uasset" 6892
"../../../Engine/Content/EngineMaterials/Substrate/GLints/dict_16_192_64_0p5_0p02_0027_0006.uasset" 6893
"../../../Engine/Content/EngineMaterials/Substrate/GLints/dict_16_192_64_0p5_0p02_0027_0007.uasset" 6894
"../../../Engine/Content/EngineMaterials/Substrate/GLints/dict_16_192_64_0p5_0p02_0027_0008.uasset" 6895
"../../../Engine/Content/EngineMaterials/Substrate/GLints/dict_16_192_64_0p5_0p02_0027_0009.uasset" 6896
"../../../Engine/Content/EngineMaterials/Substrate/GLints/dict_16_192_64_0p5_0p02_0027_0010.uasset" 6897
"../../../Engine/Content/EngineMaterials/Substrate/GLints/dict_16_192_64_0p5_0p02_0027_0011.uasset" 6898
"../../../Engine/Content/EngineMaterials/Substrate/GLints/dict_16_192_64_0p5_0p02_0027_0012.uasset" 6899
"../../../Engine/Content/EngineMaterials/Substrate/GLints/dict_16_192_64_0p5_0p02_0027_0013.uasset" 6900
"../../../Engine/Content/EngineMaterials/Substrate/GLints/dict_16_192_64_0p5_0p02_0027_0014.uasset" 6901
"../../../Engine/Content/EngineMaterials/Substrate/GLints/dict_16_192_64_0p5_0p02_0027_0015.uasset" 6902
"../../../Engine/Content/EngineMaterials/Substrate/GLints/dict_16_192_64_0p5_0p02_0028_0000.uasset" 6903
"../../../Engine/Content/EngineMaterials/Substrate/GLints/dict_16_192_64_0p5_0p02_0028_0001.uasset" 6904
"../../../Engine/Content/EngineMaterials/Substrate/GLints/dict_16_192_64_0p5_0p02_0028_0002.uasset" 6905
"../../../Engine/Content/EngineMaterials/Substrate/GLints/dict_16_192_64_0p5_0p02_0028_0003.uasset" 6906
"../../../Engine/Content/EngineMaterials/Substrate/GLints/dict_16_192_64_0p5_0p02_0028_0004.uasset" 6907
"../../../Engine/Content/EngineMaterials/Substrate/GLints/dict_16_192_64_0p5_0p02_0028_0005.uasset" 6908
"../../../Engine/Content/EngineMaterials/Substrate/GLints/dict_16_192_64_0p5_0p02_0028_0006.uasset" 6909
"../../../Engine/Content/EngineMaterials/Substrate/GLints/dict_16_192_64_0p5_0p02_0028_0007.uasset" 6910
"../../../Engine/Content/EngineMaterials/Substrate/GLints/dict_16_192_64_0p5_0p02_0028_0008.uasset" 6911
"../../../Engine/Content/EngineMaterials/Substrate/GLints/dict_16_192_64_0p5_0p02_0028_0009.uasset" 6912
"../../../Engine/Content/EngineMaterials/Substrate/GLints/dict_16_192_64_0p5_0p02_0028_0010.uasset" 6913
"../../../Engine/Content/EngineMaterials/Substrate/GLints/dict_16_192_64_0p5_0p02_0028_0011.uasset" 6914
"../../../Engine/Content/EngineMaterials/Substrate/GLints/dict_16_192_64_0p5_0p02_0028_0012.uasset" 6915
"../../../Engine/Content/EngineMaterials/Substrate/GLints/dict_16_192_64_0p5_0p02_0028_0013.uasset" 6916
"../../../Engine/Content/EngineMaterials/Substrate/GLints/dict_16_192_64_0p5_0p02_0028_0014.uasset" 6917
"../../../Engine/Content/EngineMaterials/Substrate/GLints/dict_16_192_64_0p5_0p02_0028_0015.uasset" 6918
"../../../Engine/Content/EngineMaterials/Substrate/GLints/dict_16_192_64_0p5_0p02_0029_0000.uasset" 6919
"../../../Engine/Content/EngineMaterials/Substrate/GLints/dict_16_192_64_0p5_0p02_0029_0001.uasset" 6920
"../../../Engine/Content/EngineMaterials/Substrate/GLints/dict_16_192_64_0p5_0p02_0029_0002.uasset" 6921
"../../../Engine/Content/EngineMaterials/Substrate/GLints/dict_16_192_64_0p5_0p02_0029_0003.uasset" 6922
"../../../Engine/Content/EngineMaterials/Substrate/GLints/dict_16_192_64_0p5_0p02_0029_0004.uasset" 6923
"../../../Engine/Content/EngineMaterials/Substrate/GLints/dict_16_192_64_0p5_0p02_0029_0005.uasset" 6924
"../../../Engine/Content/EngineMaterials/Substrate/GLints/dict_16_192_64_0p5_0p02_0029_0006.uasset" 6925
"../../../Engine/Content/EngineMaterials/Substrate/GLints/dict_16_192_64_0p5_0p02_0029_0007.uasset" 6926
"../../../Engine/Content/EngineMaterials/Substrate/GLints/dict_16_192_64_0p5_0p02_0029_0008.uasset" 6927
"../../../Engine/Content/EngineMaterials/Substrate/GLints/dict_16_192_64_0p5_0p02_0029_0009.uasset" 6928
"../../../Engine/Content/EngineMaterials/Substrate/GLints/dict_16_192_64_0p5_0p02_0029_0010.uasset" 6929
"../../../Engine/Content/EngineMaterials/Substrate/GLints/dict_16_192_64_0p5_0p02_0029_0011.uasset" 6930
"../../../Engine/Content/EngineMaterials/Substrate/GLints/dict_16_192_64_0p5_0p02_0029_0012.uasset" 6931
"../../../Engine/Content/EngineMaterials/Substrate/GLints/dict_16_192_64_0p5_0p02_0029_0013.uasset" 6932
"../../../Engine/Content/EngineMaterials/Substrate/GLints/dict_16_192_64_0p5_0p02_0029_0014.uasset" 6933
"../../../Engine/Content/EngineMaterials/Substrate/GLints/dict_16_192_64_0p5_0p02_0029_0015.uasset" 6934
"../../../Engine/Content/EngineMaterials/Substrate/GLints/dict_16_192_64_0p5_0p02_0030_0000.uasset" 6935
"../../../Engine/Content/EngineMaterials/Substrate/GLints/dict_16_192_64_0p5_0p02_0030_0001.uasset" 6936
"../../../Engine/Content/EngineMaterials/Substrate/GLints/dict_16_192_64_0p5_0p02_0030_0002.uasset" 6937
"../../../Engine/Content/EngineMaterials/Substrate/GLints/dict_16_192_64_0p5_0p02_0030_0003.uasset" 6938
"../../../Engine/Content/EngineMaterials/Substrate/GLints/dict_16_192_64_0p5_0p02_0030_0004.uasset" 6939
"../../../Engine/Content/EngineMaterials/Substrate/GLints/dict_16_192_64_0p5_0p02_0030_0005.uasset" 6940
"../../../Engine/Content/EngineMaterials/Substrate/GLints/dict_16_192_64_0p5_0p02_0030_0006.uasset" 6941
"../../../Engine/Content/EngineMaterials/Substrate/GLints/dict_16_192_64_0p5_0p02_0030_0007.uasset" 6942
"../../../Engine/Content/EngineMaterials/Substrate/GLints/dict_16_192_64_0p5_0p02_0030_0008.uasset" 6943
"../../../Engine/Content/EngineMaterials/Substrate/GLints/dict_16_192_64_0p5_0p02_0030_0009.uasset" 6944
"../../../Engine/Content/EngineMaterials/Substrate/GLints/dict_16_192_64_0p5_0p02_0030_0010.uasset" 6945
"../../../Engine/Content/EngineMaterials/Substrate/GLints/dict_16_192_64_0p5_0p02_0030_0011.uasset" 6946
"../../../Engine/Content/EngineMaterials/Substrate/GLints/dict_16_192_64_0p5_0p02_0030_0012.uasset" 6947
"../../../Engine/Content/EngineMaterials/Substrate/GLints/dict_16_192_64_0p5_0p02_0030_0013.uasset" 6948
"../../../Engine/Content/EngineMaterials/Substrate/GLints/dict_16_192_64_0p5_0p02_0030_0014.uasset" 6949
"../../../Engine/Content/EngineMaterials/Substrate/GLints/dict_16_192_64_0p5_0p02_0030_0015.uasset" 6950
"../../../Engine/Content/EngineMaterials/Substrate/GLints/dict_16_192_64_0p5_0p02_0031_0000.uasset" 6951
"../../../Engine/Content/EngineMaterials/Substrate/GLints/dict_16_192_64_0p5_0p02_0031_0001.uasset" 6952
"../../../Engine/Content/EngineMaterials/Substrate/GLints/dict_16_192_64_0p5_0p02_0031_0002.uasset" 6953
"../../../Engine/Content/EngineMaterials/Substrate/GLints/dict_16_192_64_0p5_0p02_0031_0003.uasset" 6954
"../../../Engine/Content/EngineMaterials/Substrate/GLints/dict_16_192_64_0p5_0p02_0031_0004.uasset" 6955
"../../../Engine/Content/EngineMaterials/Substrate/GLints/dict_16_192_64_0p5_0p02_0031_0005.uasset" 6956
"../../../Engine/Content/EngineMaterials/Substrate/GLints/dict_16_192_64_0p5_0p02_0031_0006.uasset" 6957
"../../../Engine/Content/EngineMaterials/Substrate/GLints/dict_16_192_64_0p5_0p02_0031_0007.uasset" 6958
"../../../Engine/Content/EngineMaterials/Substrate/GLints/dict_16_192_64_0p5_0p02_0031_0008.uasset" 6959
"../../../Engine/Content/EngineMaterials/Substrate/GLints/dict_16_192_64_0p5_0p02_0031_0009.uasset" 6960
"../../../Engine/Content/EngineMaterials/Substrate/GLints/dict_16_192_64_0p5_0p02_0031_0010.uasset" 6961
"../../../Engine/Content/EngineMaterials/Substrate/GLints/dict_16_192_64_0p5_0p02_0031_0011.uasset" 6962
"../../../Engine/Content/EngineMaterials/Substrate/GLints/dict_16_192_64_0p5_0p02_0031_0012.uasset" 6963
"../../../Engine/Content/EngineMaterials/Substrate/GLints/dict_16_192_64_0p5_0p02_0031_0013.uasset" 6964
"../../../Engine/Content/EngineMaterials/Substrate/GLints/dict_16_192_64_0p5_0p02_0031_0014.uasset" 6965
"../../../Engine/Content/EngineMaterials/Substrate/GLints/dict_16_192_64_0p5_0p02_0031_0015.uasset" 6966
"../../../Engine/Content/EngineMaterials/Substrate/GLints/dict_16_192_64_0p5_0p02_0032_0000.uasset" 6967
"../../../Engine/Content/EngineMaterials/Substrate/GLints/dict_16_192_64_0p5_0p02_0032_0001.uasset" 6968
"../../../Engine/Content/EngineMaterials/Substrate/GLints/dict_16_192_64_0p5_0p02_0032_0002.uasset" 6969
"../../../Engine/Content/EngineMaterials/Substrate/GLints/dict_16_192_64_0p5_0p02_0032_0003.uasset" 6970
"../../../Engine/Content/EngineMaterials/Substrate/GLints/dict_16_192_64_0p5_0p02_0032_0004.uasset" 6971
"../../../Engine/Content/EngineMaterials/Substrate/GLints/dict_16_192_64_0p5_0p02_0032_0005.uasset" 6972
"../../../Engine/Content/EngineMaterials/Substrate/GLints/dict_16_192_64_0p5_0p02_0032_0006.uasset" 6973
"../../../Engine/Content/EngineMaterials/Substrate/GLints/dict_16_192_64_0p5_0p02_0032_0007.uasset" 6974
"../../../Engine/Content/EngineMaterials/Substrate/GLints/dict_16_192_64_0p5_0p02_0032_0008.uasset" 6975
"../../../Engine/Content/EngineMaterials/Substrate/GLints/dict_16_192_64_0p5_0p02_0032_0009.uasset" 6976
"../../../Engine/Content/EngineMaterials/Substrate/GLints/dict_16_192_64_0p5_0p02_0032_0010.uasset" 6977
"../../../Engine/Content/EngineMaterials/Substrate/GLints/dict_16_192_64_0p5_0p02_0032_0011.uasset" 6978
"../../../Engine/Content/EngineMaterials/Substrate/GLints/dict_16_192_64_0p5_0p02_0032_0012.uasset" 6979
"../../../Engine/Content/EngineMaterials/Substrate/GLints/dict_16_192_64_0p5_0p02_0032_0013.uasset" 6980
"../../../Engine/Content/EngineMaterials/Substrate/GLints/dict_16_192_64_0p5_0p02_0032_0014.uasset" 6981
"../../../Engine/Content/EngineMaterials/Substrate/GLints/dict_16_192_64_0p5_0p02_0032_0015.uasset" 6982
"../../../Engine/Content/EngineMaterials/Substrate/GLints/dict_16_192_64_0p5_0p02_0033_0000.uasset" 6983
"../../../Engine/Content/EngineMaterials/Substrate/GLints/dict_16_192_64_0p5_0p02_0033_0001.uasset" 6984
"../../../Engine/Content/EngineMaterials/Substrate/GLints/dict_16_192_64_0p5_0p02_0033_0002.uasset" 6985
"../../../Engine/Content/EngineMaterials/Substrate/GLints/dict_16_192_64_0p5_0p02_0033_0003.uasset" 6986
"../../../Engine/Content/EngineMaterials/Substrate/GLints/dict_16_192_64_0p5_0p02_0033_0004.uasset" 6987
"../../../Engine/Content/EngineMaterials/Substrate/GLints/dict_16_192_64_0p5_0p02_0033_0005.uasset" 6988
"../../../Engine/Content/EngineMaterials/Substrate/GLints/dict_16_192_64_0p5_0p02_0033_0006.uasset" 6989
"../../../Engine/Content/EngineMaterials/Substrate/GLints/dict_16_192_64_0p5_0p02_0033_0007.uasset" 6990
"../../../Engine/Content/EngineMaterials/Substrate/GLints/dict_16_192_64_0p5_0p02_0033_0008.uasset" 6991
"../../../Engine/Content/EngineMaterials/Substrate/GLints/dict_16_192_64_0p5_0p02_0033_0009.uasset" 6992
"../../../Engine/Content/EngineMaterials/Substrate/GLints/dict_16_192_64_0p5_0p02_0033_0010.uasset" 6993
"../../../Engine/Content/EngineMaterials/Substrate/GLints/dict_16_192_64_0p5_0p02_0033_0011.uasset" 6994
"../../../Engine/Content/EngineMaterials/Substrate/GLints/dict_16_192_64_0p5_0p02_0033_0012.uasset" 6995
"../../../Engine/Content/EngineMaterials/Substrate/GLints/dict_16_192_64_0p5_0p02_0033_0013.uasset" 6996
"../../../Engine/Content/EngineMaterials/Substrate/GLints/dict_16_192_64_0p5_0p02_0033_0014.uasset" 6997
"../../../Engine/Content/EngineMaterials/Substrate/GLints/dict_16_192_64_0p5_0p02_0033_0015.uasset" 6998
"../../../Engine/Content/EngineMaterials/Substrate/GLints/dict_16_192_64_0p5_0p02_0034_0000.uasset" 6999
"../../../Engine/Content/EngineMaterials/Substrate/GLints/dict_16_192_64_0p5_0p02_0034_0001.uasset" 7000
"../../../Engine/Content/EngineMaterials/Substrate/GLints/dict_16_192_64_0p5_0p02_0034_0002.uasset" 7001
"../../../Engine/Content/EngineMaterials/Substrate/GLints/dict_16_192_64_0p5_0p02_0034_0003.uasset" 7002
"../../../Engine/Content/EngineMaterials/Substrate/GLints/dict_16_192_64_0p5_0p02_0034_0004.uasset" 7003
"../../../Engine/Content/EngineMaterials/Substrate/GLints/dict_16_192_64_0p5_0p02_0034_0005.uasset" 7004
"../../../Engine/Content/EngineMaterials/Substrate/GLints/dict_16_192_64_0p5_0p02_0034_0006.uasset" 7005
"../../../Engine/Content/EngineMaterials/Substrate/GLints/dict_16_192_64_0p5_0p02_0034_0007.uasset" 7006
"../../../Engine/Content/EngineMaterials/Substrate/GLints/dict_16_192_64_0p5_0p02_0034_0008.uasset" 7007
"../../../Engine/Content/EngineMaterials/Substrate/GLints/dict_16_192_64_0p5_0p02_0034_0009.uasset" 7008
"../../../Engine/Content/EngineMaterials/Substrate/GLints/dict_16_192_64_0p5_0p02_0034_0010.uasset" 7009
"../../../Engine/Content/EngineMaterials/Substrate/GLints/dict_16_192_64_0p5_0p02_0034_0011.uasset" 7010
"../../../Engine/Content/EngineMaterials/Substrate/GLints/dict_16_192_64_0p5_0p02_0034_0012.uasset" 7011
"../../../Engine/Content/EngineMaterials/Substrate/GLints/dict_16_192_64_0p5_0p02_0034_0013.uasset" 7012
"../../../Engine/Content/EngineMaterials/Substrate/GLints/dict_16_192_64_0p5_0p02_0034_0014.uasset" 7013
"../../../Engine/Content/EngineMaterials/Substrate/GLints/dict_16_192_64_0p5_0p02_0034_0015.uasset" 7014
"../../../Engine/Content/EngineMaterials/Substrate/GLints/dict_16_192_64_0p5_0p02_0035_0000.uasset" 7015
"../../../Engine/Content/EngineMaterials/Substrate/GLints/dict_16_192_64_0p5_0p02_0035_0001.uasset" 7016
"../../../Engine/Content/EngineMaterials/Substrate/GLints/dict_16_192_64_0p5_0p02_0035_0002.uasset" 7017
"../../../Engine/Content/EngineMaterials/Substrate/GLints/dict_16_192_64_0p5_0p02_0035_0003.uasset" 7018
"../../../Engine/Content/EngineMaterials/Substrate/GLints/dict_16_192_64_0p5_0p02_0035_0004.uasset" 7019
"../../../Engine/Content/EngineMaterials/Substrate/GLints/dict_16_192_64_0p5_0p02_0035_0005.uasset" 7020
"../../../Engine/Content/EngineMaterials/Substrate/GLints/dict_16_192_64_0p5_0p02_0035_0006.uasset" 7021
"../../../Engine/Content/EngineMaterials/Substrate/GLints/dict_16_192_64_0p5_0p02_0035_0007.uasset" 7022
"../../../Engine/Content/EngineMaterials/Substrate/GLints/dict_16_192_64_0p5_0p02_0035_0008.uasset" 7023
"../../../Engine/Content/EngineMaterials/Substrate/GLints/dict_16_192_64_0p5_0p02_0035_0009.uasset" 7024
"../../../Engine/Content/EngineMaterials/Substrate/GLints/dict_16_192_64_0p5_0p02_0035_0010.uasset" 7025
"../../../Engine/Content/EngineMaterials/Substrate/GLints/dict_16_192_64_0p5_0p02_0035_0011.uasset" 7026
"../../../Engine/Content/EngineMaterials/Substrate/GLints/dict_16_192_64_0p5_0p02_0035_0012.uasset" 7027
"../../../Engine/Content/EngineMaterials/Substrate/GLints/dict_16_192_64_0p5_0p02_0035_0013.uasset" 7028
"../../../Engine/Content/EngineMaterials/Substrate/GLints/dict_16_192_64_0p5_0p02_0035_0014.uasset" 7029
"../../../Engine/Content/EngineMaterials/Substrate/GLints/dict_16_192_64_0p5_0p02_0035_0015.uasset" 7030
"../../../Engine/Content/EngineMaterials/Substrate/GLints/dict_16_192_64_0p5_0p02_0036_0000.uasset" 7031
"../../../Engine/Content/EngineMaterials/Substrate/GLints/dict_16_192_64_0p5_0p02_0036_0001.uasset" 7032
"../../../Engine/Content/EngineMaterials/Substrate/GLints/dict_16_192_64_0p5_0p02_0036_0002.uasset" 7033
"../../../Engine/Content/EngineMaterials/Substrate/GLints/dict_16_192_64_0p5_0p02_0036_0003.uasset" 7034
"../../../Engine/Content/EngineMaterials/Substrate/GLints/dict_16_192_64_0p5_0p02_0036_0004.uasset" 7035
"../../../Engine/Content/EngineMaterials/Substrate/GLints/dict_16_192_64_0p5_0p02_0036_0005.uasset" 7036
"../../../Engine/Content/EngineMaterials/Substrate/GLints/dict_16_192_64_0p5_0p02_0036_0006.uasset" 7037
"../../../Engine/Content/EngineMaterials/Substrate/GLints/dict_16_192_64_0p5_0p02_0036_0007.uasset" 7038
"../../../Engine/Content/EngineMaterials/Substrate/GLints/dict_16_192_64_0p5_0p02_0036_0008.uasset" 7039
"../../../Engine/Content/EngineMaterials/Substrate/GLints/dict_16_192_64_0p5_0p02_0036_0009.uasset" 7040
"../../../Engine/Content/EngineMaterials/Substrate/GLints/dict_16_192_64_0p5_0p02_0036_0010.uasset" 7041
"../../../Engine/Content/EngineMaterials/Substrate/GLints/dict_16_192_64_0p5_0p02_0036_0011.uasset" 7042
"../../../Engine/Content/EngineMaterials/Substrate/GLints/dict_16_192_64_0p5_0p02_0036_0012.uasset" 7043
"../../../Engine/Content/EngineMaterials/Substrate/GLints/dict_16_192_64_0p5_0p02_0036_0013.uasset" 7044
"../../../Engine/Content/EngineMaterials/Substrate/GLints/dict_16_192_64_0p5_0p02_0036_0014.uasset" 7045
"../../../Engine/Content/EngineMaterials/Substrate/GLints/dict_16_192_64_0p5_0p02_0036_0015.uasset" 7046
"../../../Engine/Content/EngineMaterials/Substrate/GLints/dict_16_192_64_0p5_0p02_0037_0000.uasset" 7047
"../../../Engine/Content/EngineMaterials/Substrate/GLints/dict_16_192_64_0p5_0p02_0037_0001.uasset" 7048
"../../../Engine/Content/EngineMaterials/Substrate/GLints/dict_16_192_64_0p5_0p02_0037_0002.uasset" 7049
"../../../Engine/Content/EngineMaterials/Substrate/GLints/dict_16_192_64_0p5_0p02_0037_0003.uasset" 7050
"../../../Engine/Content/EngineMaterials/Substrate/GLints/dict_16_192_64_0p5_0p02_0037_0004.uasset" 7051
"../../../Engine/Content/EngineMaterials/Substrate/GLints/dict_16_192_64_0p5_0p02_0037_0005.uasset" 7052
"../../../Engine/Content/EngineMaterials/Substrate/GLints/dict_16_192_64_0p5_0p02_0037_0006.uasset" 7053
"../../../Engine/Content/EngineMaterials/Substrate/GLints/dict_16_192_64_0p5_0p02_0037_0007.uasset" 7054
"../../../Engine/Content/EngineMaterials/Substrate/GLints/dict_16_192_64_0p5_0p02_0037_0008.uasset" 7055
"../../../Engine/Content/EngineMaterials/Substrate/GLints/dict_16_192_64_0p5_0p02_0037_0009.uasset" 7056
"../../../Engine/Content/EngineMaterials/Substrate/GLints/dict_16_192_64_0p5_0p02_0037_0010.uasset" 7057
"../../../Engine/Content/EngineMaterials/Substrate/GLints/dict_16_192_64_0p5_0p02_0037_0011.uasset" 7058
"../../../Engine/Content/EngineMaterials/Substrate/GLints/dict_16_192_64_0p5_0p02_0037_0012.uasset" 7059
"../../../Engine/Content/EngineMaterials/Substrate/GLints/dict_16_192_64_0p5_0p02_0037_0013.uasset" 7060
"../../../Engine/Content/EngineMaterials/Substrate/GLints/dict_16_192_64_0p5_0p02_0037_0014.uasset" 7061
"../../../Engine/Content/EngineMaterials/Substrate/GLints/dict_16_192_64_0p5_0p02_0037_0015.uasset" 7062
"../../../Engine/Content/EngineMaterials/Substrate/GLints/dict_16_192_64_0p5_0p02_0038_0000.uasset" 7063
"../../../Engine/Content/EngineMaterials/Substrate/GLints/dict_16_192_64_0p5_0p02_0038_0001.uasset" 7064
"../../../Engine/Content/EngineMaterials/Substrate/GLints/dict_16_192_64_0p5_0p02_0038_0002.uasset" 7065
"../../../Engine/Content/EngineMaterials/Substrate/GLints/dict_16_192_64_0p5_0p02_0038_0003.uasset" 7066
"../../../Engine/Content/EngineMaterials/Substrate/GLints/dict_16_192_64_0p5_0p02_0038_0004.uasset" 7067
"../../../Engine/Content/EngineMaterials/Substrate/GLints/dict_16_192_64_0p5_0p02_0038_0005.uasset" 7068
"../../../Engine/Content/EngineMaterials/Substrate/GLints/dict_16_192_64_0p5_0p02_0038_0006.uasset" 7069
"../../../Engine/Content/EngineMaterials/Substrate/GLints/dict_16_192_64_0p5_0p02_0038_0007.uasset" 7070
"../../../Engine/Content/EngineMaterials/Substrate/GLints/dict_16_192_64_0p5_0p02_0038_0008.uasset" 7071
"../../../Engine/Content/EngineMaterials/Substrate/GLints/dict_16_192_64_0p5_0p02_0038_0009.uasset" 7072
"../../../Engine/Content/EngineMaterials/Substrate/GLints/dict_16_192_64_0p5_0p02_0038_0010.uasset" 7073
"../../../Engine/Content/EngineMaterials/Substrate/GLints/dict_16_192_64_0p5_0p02_0038_0011.uasset" 7074
"../../../Engine/Content/EngineMaterials/Substrate/GLints/dict_16_192_64_0p5_0p02_0038_0012.uasset" 7075
"../../../Engine/Content/EngineMaterials/Substrate/GLints/dict_16_192_64_0p5_0p02_0038_0013.uasset" 7076
"../../../Engine/Content/EngineMaterials/Substrate/GLints/dict_16_192_64_0p5_0p02_0038_0014.uasset" 7077
"../../../Engine/Content/EngineMaterials/Substrate/GLints/dict_16_192_64_0p5_0p02_0038_0015.uasset" 7078
"../../../Engine/Content/EngineMaterials/Substrate/GLints/dict_16_192_64_0p5_0p02_0039_0000.uasset" 7079
"../../../Engine/Content/EngineMaterials/Substrate/GLints/dict_16_192_64_0p5_0p02_0039_0001.uasset" 7080
"../../../Engine/Content/EngineMaterials/Substrate/GLints/dict_16_192_64_0p5_0p02_0039_0002.uasset" 7081
"../../../Engine/Content/EngineMaterials/Substrate/GLints/dict_16_192_64_0p5_0p02_0039_0003.uasset" 7082
"../../../Engine/Content/EngineMaterials/Substrate/GLints/dict_16_192_64_0p5_0p02_0039_0004.uasset" 7083
"../../../Engine/Content/EngineMaterials/Substrate/GLints/dict_16_192_64_0p5_0p02_0039_0005.uasset" 7084
"../../../Engine/Content/EngineMaterials/Substrate/GLints/dict_16_192_64_0p5_0p02_0039_0006.uasset" 7085
"../../../Engine/Content/EngineMaterials/Substrate/GLints/dict_16_192_64_0p5_0p02_0039_0007.uasset" 7086
"../../../Engine/Content/EngineMaterials/Substrate/GLints/dict_16_192_64_0p5_0p02_0039_0008.uasset" 7087
"../../../Engine/Content/EngineMaterials/Substrate/GLints/dict_16_192_64_0p5_0p02_0039_0009.uasset" 7088
"../../../Engine/Content/EngineMaterials/Substrate/GLints/dict_16_192_64_0p5_0p02_0039_0010.uasset" 7089
"../../../Engine/Content/EngineMaterials/Substrate/GLints/dict_16_192_64_0p5_0p02_0039_0011.uasset" 7090
"../../../Engine/Content/EngineMaterials/Substrate/GLints/dict_16_192_64_0p5_0p02_0039_0012.uasset" 7091
"../../../Engine/Content/EngineMaterials/Substrate/GLints/dict_16_192_64_0p5_0p02_0039_0013.uasset" 7092
"../../../Engine/Content/EngineMaterials/Substrate/GLints/dict_16_192_64_0p5_0p02_0039_0014.uasset" 7093
"../../../Engine/Content/EngineMaterials/Substrate/GLints/dict_16_192_64_0p5_0p02_0039_0015.uasset" 7094
"../../../Engine/Content/EngineMaterials/Substrate/GLints/dict_16_192_64_0p5_0p02_0040_0000.uasset" 7095
"../../../Engine/Content/EngineMaterials/Substrate/GLints/dict_16_192_64_0p5_0p02_0040_0001.uasset" 7096
"../../../Engine/Content/EngineMaterials/Substrate/GLints/dict_16_192_64_0p5_0p02_0040_0002.uasset" 7097
"../../../Engine/Content/EngineMaterials/Substrate/GLints/dict_16_192_64_0p5_0p02_0040_0003.uasset" 7098
"../../../Engine/Content/EngineMaterials/Substrate/GLints/dict_16_192_64_0p5_0p02_0040_0004.uasset" 7099
"../../../Engine/Content/EngineMaterials/Substrate/GLints/dict_16_192_64_0p5_0p02_0040_0005.uasset" 7100
"../../../Engine/Content/EngineMaterials/Substrate/GLints/dict_16_192_64_0p5_0p02_0040_0006.uasset" 7101
"../../../Engine/Content/EngineMaterials/Substrate/GLints/dict_16_192_64_0p5_0p02_0040_0007.uasset" 7102
"../../../Engine/Content/EngineMaterials/Substrate/GLints/dict_16_192_64_0p5_0p02_0040_0008.uasset" 7103
"../../../Engine/Content/EngineMaterials/Substrate/GLints/dict_16_192_64_0p5_0p02_0040_0009.uasset" 7104
"../../../Engine/Content/EngineMaterials/Substrate/GLints/dict_16_192_64_0p5_0p02_0040_0010.uasset" 7105
"../../../Engine/Content/EngineMaterials/Substrate/GLints/dict_16_192_64_0p5_0p02_0040_0011.uasset" 7106
"../../../Engine/Content/EngineMaterials/Substrate/GLints/dict_16_192_64_0p5_0p02_0040_0012.uasset" 7107
"../../../Engine/Content/EngineMaterials/Substrate/GLints/dict_16_192_64_0p5_0p02_0040_0013.uasset" 7108
"../../../Engine/Content/EngineMaterials/Substrate/GLints/dict_16_192_64_0p5_0p02_0040_0014.uasset" 7109
"../../../Engine/Content/EngineMaterials/Substrate/GLints/dict_16_192_64_0p5_0p02_0040_0015.uasset" 7110
"../../../Engine/Content/EngineMaterials/Substrate/GLints/dict_16_192_64_0p5_0p02_0041_0000.uasset" 7111
"../../../Engine/Content/EngineMaterials/Substrate/GLints/dict_16_192_64_0p5_0p02_0041_0001.uasset" 7112
"../../../Engine/Content/EngineMaterials/Substrate/GLints/dict_16_192_64_0p5_0p02_0041_0002.uasset" 7113
"../../../Engine/Content/EngineMaterials/Substrate/GLints/dict_16_192_64_0p5_0p02_0041_0003.uasset" 7114
"../../../Engine/Content/EngineMaterials/Substrate/GLints/dict_16_192_64_0p5_0p02_0041_0004.uasset" 7115
"../../../Engine/Content/EngineMaterials/Substrate/GLints/dict_16_192_64_0p5_0p02_0041_0005.uasset" 7116
"../../../Engine/Content/EngineMaterials/Substrate/GLints/dict_16_192_64_0p5_0p02_0041_0006.uasset" 7117
"../../../Engine/Content/EngineMaterials/Substrate/GLints/dict_16_192_64_0p5_0p02_0041_0007.uasset" 7118
"../../../Engine/Content/EngineMaterials/Substrate/GLints/dict_16_192_64_0p5_0p02_0041_0008.uasset" 7119
"../../../Engine/Content/EngineMaterials/Substrate/GLints/dict_16_192_64_0p5_0p02_0041_0009.uasset" 7120
"../../../Engine/Content/EngineMaterials/Substrate/GLints/dict_16_192_64_0p5_0p02_0041_0010.uasset" 7121
"../../../Engine/Content/EngineMaterials/Substrate/GLints/dict_16_192_64_0p5_0p02_0041_0011.uasset" 7122
"../../../Engine/Content/EngineMaterials/Substrate/GLints/dict_16_192_64_0p5_0p02_0041_0012.uasset" 7123
"../../../Engine/Content/EngineMaterials/Substrate/GLints/dict_16_192_64_0p5_0p02_0041_0013.uasset" 7124
"../../../Engine/Content/EngineMaterials/Substrate/GLints/dict_16_192_64_0p5_0p02_0041_0014.uasset" 7125
"../../../Engine/Content/EngineMaterials/Substrate/GLints/dict_16_192_64_0p5_0p02_0041_0015.uasset" 7126
"../../../Engine/Content/EngineMaterials/Substrate/GLints/dict_16_192_64_0p5_0p02_0042_0000.uasset" 7127
"../../../Engine/Content/EngineMaterials/Substrate/GLints/dict_16_192_64_0p5_0p02_0042_0001.uasset" 7128
"../../../Engine/Content/EngineMaterials/Substrate/GLints/dict_16_192_64_0p5_0p02_0042_0002.uasset" 7129
"../../../Engine/Content/EngineMaterials/Substrate/GLints/dict_16_192_64_0p5_0p02_0042_0003.uasset" 7130
"../../../Engine/Content/EngineMaterials/Substrate/GLints/dict_16_192_64_0p5_0p02_0042_0004.uasset" 7131
"../../../Engine/Content/EngineMaterials/Substrate/GLints/dict_16_192_64_0p5_0p02_0042_0005.uasset" 7132
"../../../Engine/Content/EngineMaterials/Substrate/GLints/dict_16_192_64_0p5_0p02_0042_0006.uasset" 7133
"../../../Engine/Content/EngineMaterials/Substrate/GLints/dict_16_192_64_0p5_0p02_0042_0007.uasset" 7134
"../../../Engine/Content/EngineMaterials/Substrate/GLints/dict_16_192_64_0p5_0p02_0042_0008.uasset" 7135
"../../../Engine/Content/EngineMaterials/Substrate/GLints/dict_16_192_64_0p5_0p02_0042_0009.uasset" 7136
"../../../Engine/Content/EngineMaterials/Substrate/GLints/dict_16_192_64_0p5_0p02_0042_0010.uasset" 7137
"../../../Engine/Content/EngineMaterials/Substrate/GLints/dict_16_192_64_0p5_0p02_0042_0011.uasset" 7138
"../../../Engine/Content/EngineMaterials/Substrate/GLints/dict_16_192_64_0p5_0p02_0042_0012.uasset" 7139
"../../../Engine/Content/EngineMaterials/Substrate/GLints/dict_16_192_64_0p5_0p02_0042_0013.uasset" 7140
"../../../Engine/Content/EngineMaterials/Substrate/GLints/dict_16_192_64_0p5_0p02_0042_0014.uasset" 7141
"../../../Engine/Content/EngineMaterials/Substrate/GLints/dict_16_192_64_0p5_0p02_0042_0015.uasset" 7142
"../../../Engine/Content/EngineMaterials/Substrate/GLints/dict_16_192_64_0p5_0p02_0043_0000.uasset" 7143
"../../../Engine/Content/EngineMaterials/Substrate/GLints/dict_16_192_64_0p5_0p02_0043_0001.uasset" 7144
"../../../Engine/Content/EngineMaterials/Substrate/GLints/dict_16_192_64_0p5_0p02_0043_0002.uasset" 7145
"../../../Engine/Content/EngineMaterials/Substrate/GLints/dict_16_192_64_0p5_0p02_0043_0003.uasset" 7146
"../../../Engine/Content/EngineMaterials/Substrate/GLints/dict_16_192_64_0p5_0p02_0043_0004.uasset" 7147
"../../../Engine/Content/EngineMaterials/Substrate/GLints/dict_16_192_64_0p5_0p02_0043_0005.uasset" 7148
"../../../Engine/Content/EngineMaterials/Substrate/GLints/dict_16_192_64_0p5_0p02_0043_0006.uasset" 7149
"../../../Engine/Content/EngineMaterials/Substrate/GLints/dict_16_192_64_0p5_0p02_0043_0007.uasset" 7150
"../../../Engine/Content/EngineMaterials/Substrate/GLints/dict_16_192_64_0p5_0p02_0043_0008.uasset" 7151
"../../../Engine/Content/EngineMaterials/Substrate/GLints/dict_16_192_64_0p5_0p02_0043_0009.uasset" 7152
"../../../Engine/Content/EngineMaterials/Substrate/GLints/dict_16_192_64_0p5_0p02_0043_0010.uasset" 7153
"../../../Engine/Content/EngineMaterials/Substrate/GLints/dict_16_192_64_0p5_0p02_0043_0011.uasset" 7154
"../../../Engine/Content/EngineMaterials/Substrate/GLints/dict_16_192_64_0p5_0p02_0043_0012.uasset" 7155
"../../../Engine/Content/EngineMaterials/Substrate/GLints/dict_16_192_64_0p5_0p02_0043_0013.uasset" 7156
"../../../Engine/Content/EngineMaterials/Substrate/GLints/dict_16_192_64_0p5_0p02_0043_0014.uasset" 7157
"../../../Engine/Content/EngineMaterials/Substrate/GLints/dict_16_192_64_0p5_0p02_0043_0015.uasset" 7158
"../../../Engine/Content/EngineMaterials/Substrate/GLints/dict_16_192_64_0p5_0p02_0044_0000.uasset" 7159
"../../../Engine/Content/EngineMaterials/Substrate/GLints/dict_16_192_64_0p5_0p02_0044_0001.uasset" 7160
"../../../Engine/Content/EngineMaterials/Substrate/GLints/dict_16_192_64_0p5_0p02_0044_0002.uasset" 7161
"../../../Engine/Content/EngineMaterials/Substrate/GLints/dict_16_192_64_0p5_0p02_0044_0003.uasset" 7162
"../../../Engine/Content/EngineMaterials/Substrate/GLints/dict_16_192_64_0p5_0p02_0044_0004.uasset" 7163
"../../../Engine/Content/EngineMaterials/Substrate/GLints/dict_16_192_64_0p5_0p02_0044_0005.uasset" 7164
"../../../Engine/Content/EngineMaterials/Substrate/GLints/dict_16_192_64_0p5_0p02_0044_0006.uasset" 7165
"../../../Engine/Content/EngineMaterials/Substrate/GLints/dict_16_192_64_0p5_0p02_0044_0007.uasset" 7166
"../../../Engine/Content/EngineMaterials/Substrate/GLints/dict_16_192_64_0p5_0p02_0044_0008.uasset" 7167
"../../../Engine/Content/EngineMaterials/Substrate/GLints/dict_16_192_64_0p5_0p02_0044_0009.uasset" 7168
"../../../Engine/Content/EngineMaterials/Substrate/GLints/dict_16_192_64_0p5_0p02_0044_0010.uasset" 7169
"../../../Engine/Content/EngineMaterials/Substrate/GLints/dict_16_192_64_0p5_0p02_0044_0011.uasset" 7170
"../../../Engine/Content/EngineMaterials/Substrate/GLints/dict_16_192_64_0p5_0p02_0044_0012.uasset" 7171
"../../../Engine/Content/EngineMaterials/Substrate/GLints/dict_16_192_64_0p5_0p02_0044_0013.uasset" 7172
"../../../Engine/Content/EngineMaterials/Substrate/GLints/dict_16_192_64_0p5_0p02_0044_0014.uasset" 7173
"../../../Engine/Content/EngineMaterials/Substrate/GLints/dict_16_192_64_0p5_0p02_0044_0015.uasset" 7174
"../../../Engine/Content/EngineMaterials/Substrate/GLints/dict_16_192_64_0p5_0p02_0045_0000.uasset" 7175
"../../../Engine/Content/EngineMaterials/Substrate/GLints/dict_16_192_64_0p5_0p02_0045_0001.uasset" 7176
"../../../Engine/Content/EngineMaterials/Substrate/GLints/dict_16_192_64_0p5_0p02_0045_0002.uasset" 7177
"../../../Engine/Content/EngineMaterials/Substrate/GLints/dict_16_192_64_0p5_0p02_0045_0003.uasset" 7178
"../../../Engine/Content/EngineMaterials/Substrate/GLints/dict_16_192_64_0p5_0p02_0045_0004.uasset" 7179
"../../../Engine/Content/EngineMaterials/Substrate/GLints/dict_16_192_64_0p5_0p02_0045_0005.uasset" 7180
"../../../Engine/Content/EngineMaterials/Substrate/GLints/dict_16_192_64_0p5_0p02_0045_0006.uasset" 7181
"../../../Engine/Content/EngineMaterials/Substrate/GLints/dict_16_192_64_0p5_0p02_0045_0007.uasset" 7182
"../../../Engine/Content/EngineMaterials/Substrate/GLints/dict_16_192_64_0p5_0p02_0045_0008.uasset" 7183
"../../../Engine/Content/EngineMaterials/Substrate/GLints/dict_16_192_64_0p5_0p02_0045_0009.uasset" 7184
"../../../Engine/Content/EngineMaterials/Substrate/GLints/dict_16_192_64_0p5_0p02_0045_0010.uasset" 7185
"../../../Engine/Content/EngineMaterials/Substrate/GLints/dict_16_192_64_0p5_0p02_0045_0011.uasset" 7186
"../../../Engine/Content/EngineMaterials/Substrate/GLints/dict_16_192_64_0p5_0p02_0045_0012.uasset" 7187
"../../../Engine/Content/EngineMaterials/Substrate/GLints/dict_16_192_64_0p5_0p02_0045_0013.uasset" 7188
"../../../Engine/Content/EngineMaterials/Substrate/GLints/dict_16_192_64_0p5_0p02_0045_0014.uasset" 7189
"../../../Engine/Content/EngineMaterials/Substrate/GLints/dict_16_192_64_0p5_0p02_0045_0015.uasset" 7190
"../../../Engine/Content/EngineMaterials/Substrate/GLints/dict_16_192_64_0p5_0p02_0046_0000.uasset" 7191
"../../../Engine/Content/EngineMaterials/Substrate/GLints/dict_16_192_64_0p5_0p02_0046_0001.uasset" 7192
"../../../Engine/Content/EngineMaterials/Substrate/GLints/dict_16_192_64_0p5_0p02_0046_0002.uasset" 7193
"../../../Engine/Content/EngineMaterials/Substrate/GLints/dict_16_192_64_0p5_0p02_0046_0003.uasset" 7194
"../../../Engine/Content/EngineMaterials/Substrate/GLints/dict_16_192_64_0p5_0p02_0046_0004.uasset" 7195
"../../../Engine/Content/EngineMaterials/Substrate/GLints/dict_16_192_64_0p5_0p02_0046_0005.uasset" 7196
"../../../Engine/Content/EngineMaterials/Substrate/GLints/dict_16_192_64_0p5_0p02_0046_0006.uasset" 7197
"../../../Engine/Content/EngineMaterials/Substrate/GLints/dict_16_192_64_0p5_0p02_0046_0007.uasset" 7198
"../../../Engine/Content/EngineMaterials/Substrate/GLints/dict_16_192_64_0p5_0p02_0046_0008.uasset" 7199
"../../../Engine/Content/EngineMaterials/Substrate/GLints/dict_16_192_64_0p5_0p02_0046_0009.uasset" 7200
"../../../Engine/Content/EngineMaterials/Substrate/GLints/dict_16_192_64_0p5_0p02_0046_0010.uasset" 7201
"../../../Engine/Content/EngineMaterials/Substrate/GLints/dict_16_192_64_0p5_0p02_0046_0011.uasset" 7202
"../../../Engine/Content/EngineMaterials/Substrate/GLints/dict_16_192_64_0p5_0p02_0046_0012.uasset" 7203
"../../../Engine/Content/EngineMaterials/Substrate/GLints/dict_16_192_64_0p5_0p02_0046_0013.uasset" 7204
"../../../Engine/Content/EngineMaterials/Substrate/GLints/dict_16_192_64_0p5_0p02_0046_0014.uasset" 7205
"../../../Engine/Content/EngineMaterials/Substrate/GLints/dict_16_192_64_0p5_0p02_0046_0015.uasset" 7206
"../../../Engine/Content/EngineMaterials/Substrate/GLints/dict_16_192_64_0p5_0p02_0047_0000.uasset" 7207
"../../../Engine/Content/EngineMaterials/Substrate/GLints/dict_16_192_64_0p5_0p02_0047_0001.uasset" 7208
"../../../Engine/Content/EngineMaterials/Substrate/GLints/dict_16_192_64_0p5_0p02_0047_0002.uasset" 7209
"../../../Engine/Content/EngineMaterials/Substrate/GLints/dict_16_192_64_0p5_0p02_0047_0003.uasset" 7210
"../../../Engine/Content/EngineMaterials/Substrate/GLints/dict_16_192_64_0p5_0p02_0047_0004.uasset" 7211
"../../../Engine/Content/EngineMaterials/Substrate/GLints/dict_16_192_64_0p5_0p02_0047_0005.uasset" 7212
"../../../Engine/Content/EngineMaterials/Substrate/GLints/dict_16_192_64_0p5_0p02_0047_0006.uasset" 7213
"../../../Engine/Content/EngineMaterials/Substrate/GLints/dict_16_192_64_0p5_0p02_0047_0007.uasset" 7214
"../../../Engine/Content/EngineMaterials/Substrate/GLints/dict_16_192_64_0p5_0p02_0047_0008.uasset" 7215
"../../../Engine/Content/EngineMaterials/Substrate/GLints/dict_16_192_64_0p5_0p02_0047_0009.uasset" 7216
"../../../Engine/Content/EngineMaterials/Substrate/GLints/dict_16_192_64_0p5_0p02_0047_0010.uasset" 7217
"../../../Engine/Content/EngineMaterials/Substrate/GLints/dict_16_192_64_0p5_0p02_0047_0011.uasset" 7218
"../../../Engine/Content/EngineMaterials/Substrate/GLints/dict_16_192_64_0p5_0p02_0047_0012.uasset" 7219
"../../../Engine/Content/EngineMaterials/Substrate/GLints/dict_16_192_64_0p5_0p02_0047_0013.uasset" 7220
"../../../Engine/Content/EngineMaterials/Substrate/GLints/dict_16_192_64_0p5_0p02_0047_0014.uasset" 7221
"../../../Engine/Content/EngineMaterials/Substrate/GLints/dict_16_192_64_0p5_0p02_0047_0015.uasset" 7222
"../../../Engine/Content/EngineMaterials/Substrate/GLints/dict_16_192_64_0p5_0p02_0048_0000.uasset" 7223
"../../../Engine/Content/EngineMaterials/Substrate/GLints/dict_16_192_64_0p5_0p02_0048_0001.uasset" 7224
"../../../Engine/Content/EngineMaterials/Substrate/GLints/dict_16_192_64_0p5_0p02_0048_0002.uasset" 7225
"../../../Engine/Content/EngineMaterials/Substrate/GLints/dict_16_192_64_0p5_0p02_0048_0003.uasset" 7226
"../../../Engine/Content/EngineMaterials/Substrate/GLints/dict_16_192_64_0p5_0p02_0048_0004.uasset" 7227
"../../../Engine/Content/EngineMaterials/Substrate/GLints/dict_16_192_64_0p5_0p02_0048_0005.uasset" 7228
"../../../Engine/Content/EngineMaterials/Substrate/GLints/dict_16_192_64_0p5_0p02_0048_0006.uasset" 7229
"../../../Engine/Content/EngineMaterials/Substrate/GLints/dict_16_192_64_0p5_0p02_0048_0007.uasset" 7230
"../../../Engine/Content/EngineMaterials/Substrate/GLints/dict_16_192_64_0p5_0p02_0048_0008.uasset" 7231
"../../../Engine/Content/EngineMaterials/Substrate/GLints/dict_16_192_64_0p5_0p02_0048_0009.uasset" 7232
"../../../Engine/Content/EngineMaterials/Substrate/GLints/dict_16_192_64_0p5_0p02_0048_0010.uasset" 7233
"../../../Engine/Content/EngineMaterials/Substrate/GLints/dict_16_192_64_0p5_0p02_0048_0011.uasset" 7234
"../../../Engine/Content/EngineMaterials/Substrate/GLints/dict_16_192_64_0p5_0p02_0048_0012.uasset" 7235
"../../../Engine/Content/EngineMaterials/Substrate/GLints/dict_16_192_64_0p5_0p02_0048_0013.uasset" 7236
"../../../Engine/Content/EngineMaterials/Substrate/GLints/dict_16_192_64_0p5_0p02_0048_0014.uasset" 7237
"../../../Engine/Content/EngineMaterials/Substrate/GLints/dict_16_192_64_0p5_0p02_0048_0015.uasset" 7238
"../../../Engine/Content/EngineMaterials/Substrate/GLints/dict_16_192_64_0p5_0p02_0049_0000.uasset" 7239
"../../../Engine/Content/EngineMaterials/Substrate/GLints/dict_16_192_64_0p5_0p02_0049_0001.uasset" 7240
"../../../Engine/Content/EngineMaterials/Substrate/GLints/dict_16_192_64_0p5_0p02_0049_0002.uasset" 7241
"../../../Engine/Content/EngineMaterials/Substrate/GLints/dict_16_192_64_0p5_0p02_0049_0003.uasset" 7242
"../../../Engine/Content/EngineMaterials/Substrate/GLints/dict_16_192_64_0p5_0p02_0049_0004.uasset" 7243
"../../../Engine/Content/EngineMaterials/Substrate/GLints/dict_16_192_64_0p5_0p02_0049_0005.uasset" 7244
"../../../Engine/Content/EngineMaterials/Substrate/GLints/dict_16_192_64_0p5_0p02_0049_0006.uasset" 7245
"../../../Engine/Content/EngineMaterials/Substrate/GLints/dict_16_192_64_0p5_0p02_0049_0007.uasset" 7246
"../../../Engine/Content/EngineMaterials/Substrate/GLints/dict_16_192_64_0p5_0p02_0049_0008.uasset" 7247
"../../../Engine/Content/EngineMaterials/Substrate/GLints/dict_16_192_64_0p5_0p02_0049_0009.uasset" 7248
"../../../Engine/Content/EngineMaterials/Substrate/GLints/dict_16_192_64_0p5_0p02_0049_0010.uasset" 7249
"../../../Engine/Content/EngineMaterials/Substrate/GLints/dict_16_192_64_0p5_0p02_0049_0011.uasset" 7250
"../../../Engine/Content/EngineMaterials/Substrate/GLints/dict_16_192_64_0p5_0p02_0049_0012.uasset" 7251
"../../../Engine/Content/EngineMaterials/Substrate/GLints/dict_16_192_64_0p5_0p02_0049_0013.uasset" 7252
"../../../Engine/Content/EngineMaterials/Substrate/GLints/dict_16_192_64_0p5_0p02_0049_0014.uasset" 7253
"../../../Engine/Content/EngineMaterials/Substrate/GLints/dict_16_192_64_0p5_0p02_0049_0015.uasset" 7254
"../../../Engine/Content/EngineMaterials/Substrate/GLints/dict_16_192_64_0p5_0p02_0050_0000.uasset" 7255
"../../../Engine/Content/EngineMaterials/Substrate/GLints/dict_16_192_64_0p5_0p02_0050_0001.uasset" 7256
"../../../Engine/Content/EngineMaterials/Substrate/GLints/dict_16_192_64_0p5_0p02_0050_0002.uasset" 7257
"../../../Engine/Content/EngineMaterials/Substrate/GLints/dict_16_192_64_0p5_0p02_0050_0003.uasset" 7258
"../../../Engine/Content/EngineMaterials/Substrate/GLints/dict_16_192_64_0p5_0p02_0050_0004.uasset" 7259
"../../../Engine/Content/EngineMaterials/Substrate/GLints/dict_16_192_64_0p5_0p02_0050_0005.uasset" 7260
"../../../Engine/Content/EngineMaterials/Substrate/GLints/dict_16_192_64_0p5_0p02_0050_0006.uasset" 7261
"../../../Engine/Content/EngineMaterials/Substrate/GLints/dict_16_192_64_0p5_0p02_0050_0007.uasset" 7262
"../../../Engine/Content/EngineMaterials/Substrate/GLints/dict_16_192_64_0p5_0p02_0050_0008.uasset" 7263
"../../../Engine/Content/EngineMaterials/Substrate/GLints/dict_16_192_64_0p5_0p02_0050_0009.uasset" 7264
"../../../Engine/Content/EngineMaterials/Substrate/GLints/dict_16_192_64_0p5_0p02_0050_0010.uasset" 7265
"../../../Engine/Content/EngineMaterials/Substrate/GLints/dict_16_192_64_0p5_0p02_0050_0011.uasset" 7266
"../../../Engine/Content/EngineMaterials/Substrate/GLints/dict_16_192_64_0p5_0p02_0050_0012.uasset" 7267
"../../../Engine/Content/EngineMaterials/Substrate/GLints/dict_16_192_64_0p5_0p02_0050_0013.uasset" 7268
"../../../Engine/Content/EngineMaterials/Substrate/GLints/dict_16_192_64_0p5_0p02_0050_0014.uasset" 7269
"../../../Engine/Content/EngineMaterials/Substrate/GLints/dict_16_192_64_0p5_0p02_0050_0015.uasset" 7270
"../../../Engine/Content/EngineMaterials/Substrate/GLints/dict_16_192_64_0p5_0p02_0051_0000.uasset" 7271
"../../../Engine/Content/EngineMaterials/Substrate/GLints/dict_16_192_64_0p5_0p02_0051_0001.uasset" 7272
"../../../Engine/Content/EngineMaterials/Substrate/GLints/dict_16_192_64_0p5_0p02_0051_0002.uasset" 7273
"../../../Engine/Content/EngineMaterials/Substrate/GLints/dict_16_192_64_0p5_0p02_0051_0003.uasset" 7274
"../../../Engine/Content/EngineMaterials/Substrate/GLints/dict_16_192_64_0p5_0p02_0051_0004.uasset" 7275
"../../../Engine/Content/EngineMaterials/Substrate/GLints/dict_16_192_64_0p5_0p02_0051_0005.uasset" 7276
"../../../Engine/Content/EngineMaterials/Substrate/GLints/dict_16_192_64_0p5_0p02_0051_0006.uasset" 7277
"../../../Engine/Content/EngineMaterials/Substrate/GLints/dict_16_192_64_0p5_0p02_0051_0007.uasset" 7278
"../../../Engine/Content/EngineMaterials/Substrate/GLints/dict_16_192_64_0p5_0p02_0051_0008.uasset" 7279
"../../../Engine/Content/EngineMaterials/Substrate/GLints/dict_16_192_64_0p5_0p02_0051_0009.uasset" 7280
"../../../Engine/Content/EngineMaterials/Substrate/GLints/dict_16_192_64_0p5_0p02_0051_0010.uasset" 7281
"../../../Engine/Content/EngineMaterials/Substrate/GLints/dict_16_192_64_0p5_0p02_0051_0011.uasset" 7282
"../../../Engine/Content/EngineMaterials/Substrate/GLints/dict_16_192_64_0p5_0p02_0051_0012.uasset" 7283
"../../../Engine/Content/EngineMaterials/Substrate/GLints/dict_16_192_64_0p5_0p02_0051_0013.uasset" 7284
"../../../Engine/Content/EngineMaterials/Substrate/GLints/dict_16_192_64_0p5_0p02_0051_0014.uasset" 7285
"../../../Engine/Content/EngineMaterials/Substrate/GLints/dict_16_192_64_0p5_0p02_0051_0015.uasset" 7286
"../../../Engine/Content/EngineMaterials/Substrate/GLints/dict_16_192_64_0p5_0p02_0052_0000.uasset" 7287
"../../../Engine/Content/EngineMaterials/Substrate/GLints/dict_16_192_64_0p5_0p02_0052_0001.uasset" 7288
"../../../Engine/Content/EngineMaterials/Substrate/GLints/dict_16_192_64_0p5_0p02_0052_0002.uasset" 7289
"../../../Engine/Content/EngineMaterials/Substrate/GLints/dict_16_192_64_0p5_0p02_0052_0003.uasset" 7290
"../../../Engine/Content/EngineMaterials/Substrate/GLints/dict_16_192_64_0p5_0p02_0052_0004.uasset" 7291
"../../../Engine/Content/EngineMaterials/Substrate/GLints/dict_16_192_64_0p5_0p02_0052_0005.uasset" 7292
"../../../Engine/Content/EngineMaterials/Substrate/GLints/dict_16_192_64_0p5_0p02_0052_0006.uasset" 7293
"../../../Engine/Content/EngineMaterials/Substrate/GLints/dict_16_192_64_0p5_0p02_0052_0007.uasset" 7294
"../../../Engine/Content/EngineMaterials/Substrate/GLints/dict_16_192_64_0p5_0p02_0052_0008.uasset" 7295
"../../../Engine/Content/EngineMaterials/Substrate/GLints/dict_16_192_64_0p5_0p02_0052_0009.uasset" 7296
"../../../Engine/Content/EngineMaterials/Substrate/GLints/dict_16_192_64_0p5_0p02_0052_0010.uasset" 7297
"../../../Engine/Content/EngineMaterials/Substrate/GLints/dict_16_192_64_0p5_0p02_0052_0011.uasset" 7298
"../../../Engine/Content/EngineMaterials/Substrate/GLints/dict_16_192_64_0p5_0p02_0052_0012.uasset" 7299
"../../../Engine/Content/EngineMaterials/Substrate/GLints/dict_16_192_64_0p5_0p02_0052_0013.uasset" 7300
"../../../Engine/Content/EngineMaterials/Substrate/GLints/dict_16_192_64_0p5_0p02_0052_0014.uasset" 7301
"../../../Engine/Content/EngineMaterials/Substrate/GLints/dict_16_192_64_0p5_0p02_0052_0015.uasset" 7302
"../../../Engine/Content/EngineMaterials/Substrate/GLints/dict_16_192_64_0p5_0p02_0053_0000.uasset" 7303
"../../../Engine/Content/EngineMaterials/Substrate/GLints/dict_16_192_64_0p5_0p02_0053_0001.uasset" 7304
"../../../Engine/Content/EngineMaterials/Substrate/GLints/dict_16_192_64_0p5_0p02_0053_0002.uasset" 7305
"../../../Engine/Content/EngineMaterials/Substrate/GLints/dict_16_192_64_0p5_0p02_0053_0003.uasset" 7306
"../../../Engine/Content/EngineMaterials/Substrate/GLints/dict_16_192_64_0p5_0p02_0053_0004.uasset" 7307
"../../../Engine/Content/EngineMaterials/Substrate/GLints/dict_16_192_64_0p5_0p02_0053_0005.uasset" 7308
"../../../Engine/Content/EngineMaterials/Substrate/GLints/dict_16_192_64_0p5_0p02_0053_0006.uasset" 7309
"../../../Engine/Content/EngineMaterials/Substrate/GLints/dict_16_192_64_0p5_0p02_0053_0007.uasset" 7310
"../../../Engine/Content/EngineMaterials/Substrate/GLints/dict_16_192_64_0p5_0p02_0053_0008.uasset" 7311
"../../../Engine/Content/EngineMaterials/Substrate/GLints/dict_16_192_64_0p5_0p02_0053_0009.uasset" 7312
"../../../Engine/Content/EngineMaterials/Substrate/GLints/dict_16_192_64_0p5_0p02_0053_0010.uasset" 7313
"../../../Engine/Content/EngineMaterials/Substrate/GLints/dict_16_192_64_0p5_0p02_0053_0011.uasset" 7314
"../../../Engine/Content/EngineMaterials/Substrate/GLints/dict_16_192_64_0p5_0p02_0053_0012.uasset" 7315
"../../../Engine/Content/EngineMaterials/Substrate/GLints/dict_16_192_64_0p5_0p02_0053_0013.uasset" 7316
"../../../Engine/Content/EngineMaterials/Substrate/GLints/dict_16_192_64_0p5_0p02_0053_0014.uasset" 7317
"../../../Engine/Content/EngineMaterials/Substrate/GLints/dict_16_192_64_0p5_0p02_0053_0015.uasset" 7318
"../../../Engine/Content/EngineMaterials/Substrate/GLints/dict_16_192_64_0p5_0p02_0054_0000.uasset" 7319
"../../../Engine/Content/EngineMaterials/Substrate/GLints/dict_16_192_64_0p5_0p02_0054_0001.uasset" 7320
"../../../Engine/Content/EngineMaterials/Substrate/GLints/dict_16_192_64_0p5_0p02_0054_0002.uasset" 7321
"../../../Engine/Content/EngineMaterials/Substrate/GLints/dict_16_192_64_0p5_0p02_0054_0003.uasset" 7322
"../../../Engine/Content/EngineMaterials/Substrate/GLints/dict_16_192_64_0p5_0p02_0054_0004.uasset" 7323
"../../../Engine/Content/EngineMaterials/Substrate/GLints/dict_16_192_64_0p5_0p02_0054_0005.uasset" 7324
"../../../Engine/Content/EngineMaterials/Substrate/GLints/dict_16_192_64_0p5_0p02_0054_0006.uasset" 7325
"../../../Engine/Content/EngineMaterials/Substrate/GLints/dict_16_192_64_0p5_0p02_0054_0007.uasset" 7326
"../../../Engine/Content/EngineMaterials/Substrate/GLints/dict_16_192_64_0p5_0p02_0054_0008.uasset" 7327
"../../../Engine/Content/EngineMaterials/Substrate/GLints/dict_16_192_64_0p5_0p02_0054_0009.uasset" 7328
"../../../Engine/Content/EngineMaterials/Substrate/GLints/dict_16_192_64_0p5_0p02_0054_0010.uasset" 7329
"../../../Engine/Content/EngineMaterials/Substrate/GLints/dict_16_192_64_0p5_0p02_0054_0011.uasset" 7330
"../../../Engine/Content/EngineMaterials/Substrate/GLints/dict_16_192_64_0p5_0p02_0054_0012.uasset" 7331
"../../../Engine/Content/EngineMaterials/Substrate/GLints/dict_16_192_64_0p5_0p02_0054_0013.uasset" 7332
"../../../Engine/Content/EngineMaterials/Substrate/GLints/dict_16_192_64_0p5_0p02_0054_0014.uasset" 7333
"../../../Engine/Content/EngineMaterials/Substrate/GLints/dict_16_192_64_0p5_0p02_0054_0015.uasset" 7334
"../../../Engine/Content/EngineMaterials/Substrate/GLints/dict_16_192_64_0p5_0p02_0055_0000.uasset" 7335
"../../../Engine/Content/EngineMaterials/Substrate/GLints/dict_16_192_64_0p5_0p02_0055_0001.uasset" 7336
"../../../Engine/Content/EngineMaterials/Substrate/GLints/dict_16_192_64_0p5_0p02_0055_0002.uasset" 7337
"../../../Engine/Content/EngineMaterials/Substrate/GLints/dict_16_192_64_0p5_0p02_0055_0003.uasset" 7338
"../../../Engine/Content/EngineMaterials/Substrate/GLints/dict_16_192_64_0p5_0p02_0055_0004.uasset" 7339
"../../../Engine/Content/EngineMaterials/Substrate/GLints/dict_16_192_64_0p5_0p02_0055_0005.uasset" 7340
"../../../Engine/Content/EngineMaterials/Substrate/GLints/dict_16_192_64_0p5_0p02_0055_0006.uasset" 7341
"../../../Engine/Content/EngineMaterials/Substrate/GLints/dict_16_192_64_0p5_0p02_0055_0007.uasset" 7342
"../../../Engine/Content/EngineMaterials/Substrate/GLints/dict_16_192_64_0p5_0p02_0055_0008.uasset" 7343
"../../../Engine/Content/EngineMaterials/Substrate/GLints/dict_16_192_64_0p5_0p02_0055_0009.uasset" 7344
"../../../Engine/Content/EngineMaterials/Substrate/GLints/dict_16_192_64_0p5_0p02_0055_0010.uasset" 7345
"../../../Engine/Content/EngineMaterials/Substrate/GLints/dict_16_192_64_0p5_0p02_0055_0011.uasset" 7346
"../../../Engine/Content/EngineMaterials/Substrate/GLints/dict_16_192_64_0p5_0p02_0055_0012.uasset" 7347
"../../../Engine/Content/EngineMaterials/Substrate/GLints/dict_16_192_64_0p5_0p02_0055_0013.uasset" 7348
"../../../Engine/Content/EngineMaterials/Substrate/GLints/dict_16_192_64_0p5_0p02_0055_0014.uasset" 7349
"../../../Engine/Content/EngineMaterials/Substrate/GLints/dict_16_192_64_0p5_0p02_0055_0015.uasset" 7350
"../../../Engine/Content/EngineMaterials/Substrate/GLints/dict_16_192_64_0p5_0p02_0056_0000.uasset" 7351
"../../../Engine/Content/EngineMaterials/Substrate/GLints/dict_16_192_64_0p5_0p02_0056_0001.uasset" 7352
"../../../Engine/Content/EngineMaterials/Substrate/GLints/dict_16_192_64_0p5_0p02_0056_0002.uasset" 7353
"../../../Engine/Content/EngineMaterials/Substrate/GLints/dict_16_192_64_0p5_0p02_0056_0003.uasset" 7354
"../../../Engine/Content/EngineMaterials/Substrate/GLints/dict_16_192_64_0p5_0p02_0056_0004.uasset" 7355
"../../../Engine/Content/EngineMaterials/Substrate/GLints/dict_16_192_64_0p5_0p02_0056_0005.uasset" 7356
"../../../Engine/Content/EngineMaterials/Substrate/GLints/dict_16_192_64_0p5_0p02_0056_0006.uasset" 7357
"../../../Engine/Content/EngineMaterials/Substrate/GLints/dict_16_192_64_0p5_0p02_0056_0007.uasset" 7358
"../../../Engine/Content/EngineMaterials/Substrate/GLints/dict_16_192_64_0p5_0p02_0056_0008.uasset" 7359
"../../../Engine/Content/EngineMaterials/Substrate/GLints/dict_16_192_64_0p5_0p02_0056_0009.uasset" 7360
"../../../Engine/Content/EngineMaterials/Substrate/GLints/dict_16_192_64_0p5_0p02_0056_0010.uasset" 7361
"../../../Engine/Content/EngineMaterials/Substrate/GLints/dict_16_192_64_0p5_0p02_0056_0011.uasset" 7362
"../../../Engine/Content/EngineMaterials/Substrate/GLints/dict_16_192_64_0p5_0p02_0056_0012.uasset" 7363
"../../../Engine/Content/EngineMaterials/Substrate/GLints/dict_16_192_64_0p5_0p02_0056_0013.uasset" 7364
"../../../Engine/Content/EngineMaterials/Substrate/GLints/dict_16_192_64_0p5_0p02_0056_0014.uasset" 7365
"../../../Engine/Content/EngineMaterials/Substrate/GLints/dict_16_192_64_0p5_0p02_0056_0015.uasset" 7366
"../../../Engine/Content/EngineMaterials/Substrate/GLints/dict_16_192_64_0p5_0p02_0057_0000.uasset" 7367
"../../../Engine/Content/EngineMaterials/Substrate/GLints/dict_16_192_64_0p5_0p02_0057_0001.uasset" 7368
"../../../Engine/Content/EngineMaterials/Substrate/GLints/dict_16_192_64_0p5_0p02_0057_0002.uasset" 7369
"../../../Engine/Content/EngineMaterials/Substrate/GLints/dict_16_192_64_0p5_0p02_0057_0003.uasset" 7370
"../../../Engine/Content/EngineMaterials/Substrate/GLints/dict_16_192_64_0p5_0p02_0057_0004.uasset" 7371
"../../../Engine/Content/EngineMaterials/Substrate/GLints/dict_16_192_64_0p5_0p02_0057_0005.uasset" 7372
"../../../Engine/Content/EngineMaterials/Substrate/GLints/dict_16_192_64_0p5_0p02_0057_0006.uasset" 7373
"../../../Engine/Content/EngineMaterials/Substrate/GLints/dict_16_192_64_0p5_0p02_0057_0007.uasset" 7374
"../../../Engine/Content/EngineMaterials/Substrate/GLints/dict_16_192_64_0p5_0p02_0057_0008.uasset" 7375
"../../../Engine/Content/EngineMaterials/Substrate/GLints/dict_16_192_64_0p5_0p02_0057_0009.uasset" 7376
"../../../Engine/Content/EngineMaterials/Substrate/GLints/dict_16_192_64_0p5_0p02_0057_0010.uasset" 7377
"../../../Engine/Content/EngineMaterials/Substrate/GLints/dict_16_192_64_0p5_0p02_0057_0011.uasset" 7378
"../../../Engine/Content/EngineMaterials/Substrate/GLints/dict_16_192_64_0p5_0p02_0057_0012.uasset" 7379
"../../../Engine/Content/EngineMaterials/Substrate/GLints/dict_16_192_64_0p5_0p02_0057_0013.uasset" 7380
"../../../Engine/Content/EngineMaterials/Substrate/GLints/dict_16_192_64_0p5_0p02_0057_0014.uasset" 7381
"../../../Engine/Content/EngineMaterials/Substrate/GLints/dict_16_192_64_0p5_0p02_0057_0015.uasset" 7382
"../../../Engine/Content/EngineMaterials/Substrate/GLints/dict_16_192_64_0p5_0p02_0058_0000.uasset" 7383
"../../../Engine/Content/EngineMaterials/Substrate/GLints/dict_16_192_64_0p5_0p02_0058_0001.uasset" 7384
"../../../Engine/Content/EngineMaterials/Substrate/GLints/dict_16_192_64_0p5_0p02_0058_0002.uasset" 7385
"../../../Engine/Content/EngineMaterials/Substrate/GLints/dict_16_192_64_0p5_0p02_0058_0003.uasset" 7386
"../../../Engine/Content/EngineMaterials/Substrate/GLints/dict_16_192_64_0p5_0p02_0058_0004.uasset" 7387
"../../../Engine/Content/EngineMaterials/Substrate/GLints/dict_16_192_64_0p5_0p02_0058_0005.uasset" 7388
"../../../Engine/Content/EngineMaterials/Substrate/GLints/dict_16_192_64_0p5_0p02_0058_0006.uasset" 7389
"../../../Engine/Content/EngineMaterials/Substrate/GLints/dict_16_192_64_0p5_0p02_0058_0007.uasset" 7390
"../../../Engine/Content/EngineMaterials/Substrate/GLints/dict_16_192_64_0p5_0p02_0058_0008.uasset" 7391
"../../../Engine/Content/EngineMaterials/Substrate/GLints/dict_16_192_64_0p5_0p02_0058_0009.uasset" 7392
"../../../Engine/Content/EngineMaterials/Substrate/GLints/dict_16_192_64_0p5_0p02_0058_0010.uasset" 7393
"../../../Engine/Content/EngineMaterials/Substrate/GLints/dict_16_192_64_0p5_0p02_0058_0011.uasset" 7394
"../../../Engine/Content/EngineMaterials/Substrate/GLints/dict_16_192_64_0p5_0p02_0058_0012.uasset" 7395
"../../../Engine/Content/EngineMaterials/Substrate/GLints/dict_16_192_64_0p5_0p02_0058_0013.uasset" 7396
"../../../Engine/Content/EngineMaterials/Substrate/GLints/dict_16_192_64_0p5_0p02_0058_0014.uasset" 7397
"../../../Engine/Content/EngineMaterials/Substrate/GLints/dict_16_192_64_0p5_0p02_0058_0015.uasset" 7398
"../../../Engine/Content/EngineMaterials/Substrate/GLints/dict_16_192_64_0p5_0p02_0059_0000.uasset" 7399
"../../../Engine/Content/EngineMaterials/Substrate/GLints/dict_16_192_64_0p5_0p02_0059_0001.uasset" 7400
"../../../Engine/Content/EngineMaterials/Substrate/GLints/dict_16_192_64_0p5_0p02_0059_0002.uasset" 7401
"../../../Engine/Content/EngineMaterials/Substrate/GLints/dict_16_192_64_0p5_0p02_0059_0003.uasset" 7402
"../../../Engine/Content/EngineMaterials/Substrate/GLints/dict_16_192_64_0p5_0p02_0059_0004.uasset" 7403
"../../../Engine/Content/EngineMaterials/Substrate/GLints/dict_16_192_64_0p5_0p02_0059_0005.uasset" 7404
"../../../Engine/Content/EngineMaterials/Substrate/GLints/dict_16_192_64_0p5_0p02_0059_0006.uasset" 7405
"../../../Engine/Content/EngineMaterials/Substrate/GLints/dict_16_192_64_0p5_0p02_0059_0007.uasset" 7406
"../../../Engine/Content/EngineMaterials/Substrate/GLints/dict_16_192_64_0p5_0p02_0059_0008.uasset" 7407
"../../../Engine/Content/EngineMaterials/Substrate/GLints/dict_16_192_64_0p5_0p02_0059_0009.uasset" 7408
"../../../Engine/Content/EngineMaterials/Substrate/GLints/dict_16_192_64_0p5_0p02_0059_0010.uasset" 7409
"../../../Engine/Content/EngineMaterials/Substrate/GLints/dict_16_192_64_0p5_0p02_0059_0011.uasset" 7410
"../../../Engine/Content/EngineMaterials/Substrate/GLints/dict_16_192_64_0p5_0p02_0059_0012.uasset" 7411
"../../../Engine/Content/EngineMaterials/Substrate/GLints/dict_16_192_64_0p5_0p02_0059_0013.uasset" 7412
"../../../Engine/Content/EngineMaterials/Substrate/GLints/dict_16_192_64_0p5_0p02_0059_0014.uasset" 7413
"../../../Engine/Content/EngineMaterials/Substrate/GLints/dict_16_192_64_0p5_0p02_0059_0015.uasset" 7414
"../../../Engine/Content/EngineMaterials/Substrate/GLints/dict_16_192_64_0p5_0p02_0060_0000.uasset" 7415
"../../../Engine/Content/EngineMaterials/Substrate/GLints/dict_16_192_64_0p5_0p02_0060_0001.uasset" 7416
"../../../Engine/Content/EngineMaterials/Substrate/GLints/dict_16_192_64_0p5_0p02_0060_0002.uasset" 7417
"../../../Engine/Content/EngineMaterials/Substrate/GLints/dict_16_192_64_0p5_0p02_0060_0003.uasset" 7418
"../../../Engine/Content/EngineMaterials/Substrate/GLints/dict_16_192_64_0p5_0p02_0060_0004.uasset" 7419
"../../../Engine/Content/EngineMaterials/Substrate/GLints/dict_16_192_64_0p5_0p02_0060_0005.uasset" 7420
"../../../Engine/Content/EngineMaterials/Substrate/GLints/dict_16_192_64_0p5_0p02_0060_0006.uasset" 7421
"../../../Engine/Content/EngineMaterials/Substrate/GLints/dict_16_192_64_0p5_0p02_0060_0007.uasset" 7422
"../../../Engine/Content/EngineMaterials/Substrate/GLints/dict_16_192_64_0p5_0p02_0060_0008.uasset" 7423
"../../../Engine/Content/EngineMaterials/Substrate/GLints/dict_16_192_64_0p5_0p02_0060_0009.uasset" 7424
"../../../Engine/Content/EngineMaterials/Substrate/GLints/dict_16_192_64_0p5_0p02_0060_0010.uasset" 7425
"../../../Engine/Content/EngineMaterials/Substrate/GLints/dict_16_192_64_0p5_0p02_0060_0011.uasset" 7426
"../../../Engine/Content/EngineMaterials/Substrate/GLints/dict_16_192_64_0p5_0p02_0060_0012.uasset" 7427
"../../../Engine/Content/EngineMaterials/Substrate/GLints/dict_16_192_64_0p5_0p02_0060_0013.uasset" 7428
"../../../Engine/Content/EngineMaterials/Substrate/GLints/dict_16_192_64_0p5_0p02_0060_0014.uasset" 7429
"../../../Engine/Content/EngineMaterials/Substrate/GLints/dict_16_192_64_0p5_0p02_0060_0015.uasset" 7430
"../../../Engine/Content/EngineMaterials/Substrate/GLints/dict_16_192_64_0p5_0p02_0061_0000.uasset" 7431
"../../../Engine/Content/EngineMaterials/Substrate/GLints/dict_16_192_64_0p5_0p02_0061_0001.uasset" 7432
"../../../Engine/Content/EngineMaterials/Substrate/GLints/dict_16_192_64_0p5_0p02_0061_0002.uasset" 7433
"../../../Engine/Content/EngineMaterials/Substrate/GLints/dict_16_192_64_0p5_0p02_0061_0003.uasset" 7434
"../../../Engine/Content/EngineMaterials/Substrate/GLints/dict_16_192_64_0p5_0p02_0061_0004.uasset" 7435
"../../../Engine/Content/EngineMaterials/Substrate/GLints/dict_16_192_64_0p5_0p02_0061_0005.uasset" 7436
"../../../Engine/Content/EngineMaterials/Substrate/GLints/dict_16_192_64_0p5_0p02_0061_0006.uasset" 7437
"../../../Engine/Content/EngineMaterials/Substrate/GLints/dict_16_192_64_0p5_0p02_0061_0007.uasset" 7438
"../../../Engine/Content/EngineMaterials/Substrate/GLints/dict_16_192_64_0p5_0p02_0061_0008.uasset" 7439
"../../../Engine/Content/EngineMaterials/Substrate/GLints/dict_16_192_64_0p5_0p02_0061_0009.uasset" 7440
"../../../Engine/Content/EngineMaterials/Substrate/GLints/dict_16_192_64_0p5_0p02_0061_0010.uasset" 7441
"../../../Engine/Content/EngineMaterials/Substrate/GLints/dict_16_192_64_0p5_0p02_0061_0011.uasset" 7442
"../../../Engine/Content/EngineMaterials/Substrate/GLints/dict_16_192_64_0p5_0p02_0061_0012.uasset" 7443
"../../../Engine/Content/EngineMaterials/Substrate/GLints/dict_16_192_64_0p5_0p02_0061_0013.uasset" 7444
"../../../Engine/Content/EngineMaterials/Substrate/GLints/dict_16_192_64_0p5_0p02_0061_0014.uasset" 7445
"../../../Engine/Content/EngineMaterials/Substrate/GLints/dict_16_192_64_0p5_0p02_0061_0015.uasset" 7446
"../../../Engine/Content/EngineMaterials/Substrate/GLints/dict_16_192_64_0p5_0p02_0062_0000.uasset" 7447
"../../../Engine/Content/EngineMaterials/Substrate/GLints/dict_16_192_64_0p5_0p02_0062_0001.uasset" 7448
"../../../Engine/Content/EngineMaterials/Substrate/GLints/dict_16_192_64_0p5_0p02_0062_0002.uasset" 7449
"../../../Engine/Content/EngineMaterials/Substrate/GLints/dict_16_192_64_0p5_0p02_0062_0003.uasset" 7450
"../../../Engine/Content/EngineMaterials/Substrate/GLints/dict_16_192_64_0p5_0p02_0062_0004.uasset" 7451
"../../../Engine/Content/EngineMaterials/Substrate/GLints/dict_16_192_64_0p5_0p02_0062_0005.uasset" 7452
"../../../Engine/Content/EngineMaterials/Substrate/GLints/dict_16_192_64_0p5_0p02_0062_0006.uasset" 7453
"../../../Engine/Content/EngineMaterials/Substrate/GLints/dict_16_192_64_0p5_0p02_0062_0007.uasset" 7454
"../../../Engine/Content/EngineMaterials/Substrate/GLints/dict_16_192_64_0p5_0p02_0062_0008.uasset" 7455
"../../../Engine/Content/EngineMaterials/Substrate/GLints/dict_16_192_64_0p5_0p02_0062_0009.uasset" 7456
"../../../Engine/Content/EngineMaterials/Substrate/GLints/dict_16_192_64_0p5_0p02_0062_0010.uasset" 7457
"../../../Engine/Content/EngineMaterials/Substrate/GLints/dict_16_192_64_0p5_0p02_0062_0011.uasset" 7458
"../../../Engine/Content/EngineMaterials/Substrate/GLints/dict_16_192_64_0p5_0p02_0062_0012.uasset" 7459
"../../../Engine/Content/EngineMaterials/Substrate/GLints/dict_16_192_64_0p5_0p02_0062_0013.uasset" 7460
"../../../Engine/Content/EngineMaterials/Substrate/GLints/dict_16_192_64_0p5_0p02_0062_0014.uasset" 7461
"../../../Engine/Content/EngineMaterials/Substrate/GLints/dict_16_192_64_0p5_0p02_0062_0015.uasset" 7462
"../../../Engine/Content/EngineMaterials/Substrate/GLints/dict_16_192_64_0p5_0p02_0063_0000.uasset" 7463
"../../../Engine/Content/EngineMaterials/Substrate/GLints/dict_16_192_64_0p5_0p02_0063_0001.uasset" 7464
"../../../Engine/Content/EngineMaterials/Substrate/GLints/dict_16_192_64_0p5_0p02_0063_0002.uasset" 7465
"../../../Engine/Content/EngineMaterials/Substrate/GLints/dict_16_192_64_0p5_0p02_0063_0003.uasset" 7466
"../../../Engine/Content/EngineMaterials/Substrate/GLints/dict_16_192_64_0p5_0p02_0063_0004.uasset" 7467
"../../../Engine/Content/EngineMaterials/Substrate/GLints/dict_16_192_64_0p5_0p02_0063_0005.uasset" 7468
"../../../Engine/Content/EngineMaterials/Substrate/GLints/dict_16_192_64_0p5_0p02_0063_0006.uasset" 7469
"../../../Engine/Content/EngineMaterials/Substrate/GLints/dict_16_192_64_0p5_0p02_0063_0007.uasset" 7470
"../../../Engine/Content/EngineMaterials/Substrate/GLints/dict_16_192_64_0p5_0p02_0063_0008.uasset" 7471
"../../../Engine/Content/EngineMaterials/Substrate/GLints/dict_16_192_64_0p5_0p02_0063_0009.uasset" 7472
"../../../Engine/Content/EngineMaterials/Substrate/GLints/dict_16_192_64_0p5_0p02_0063_0010.uasset" 7473
"../../../Engine/Content/EngineMaterials/Substrate/GLints/dict_16_192_64_0p5_0p02_0063_0011.uasset" 7474
"../../../Engine/Content/EngineMaterials/Substrate/GLints/dict_16_192_64_0p5_0p02_0063_0012.uasset" 7475
"../../../Engine/Content/EngineMaterials/Substrate/GLints/dict_16_192_64_0p5_0p02_0063_0013.uasset" 7476
"../../../Engine/Content/EngineMaterials/Substrate/GLints/dict_16_192_64_0p5_0p02_0063_0014.uasset" 7477
"../../../Engine/Content/EngineMaterials/Substrate/GLints/dict_16_192_64_0p5_0p02_0063_0015.uasset" 7478
"C:/UnrealProyects/MotoresComerciales/Motorescomerciales1/MotoresComerciales/Content/MetaHumans/Common/Male/Medium/NormalWeight/Poses/m_med_nrw_ring_02_l_anim.uasset" 7479
"C:/UnrealProyects/MotoresComerciales/Motorescomerciales1/MotoresComerciales/Content/MetaHumans/Common/Male/Medium/NormalWeight/Poses/m_med_nrw_ring_02_r_anim.uasset" 7480
"../../../../../../UnrealProyects/MotoresComerciales/Motorescomerciales1/MotoresComerciales/Content/PN_interactiveSpruceForest/Materials/MaterialFunctions/PN_BendingParameters.uasset" 7481
"C:/UnrealProyects/MotoresComerciales/Motorescomerciales1/MotoresComerciales/Content/MetaHumans/Common/Male/Medium/NormalWeight/Poses/m_med_nrw_ring_01_r_anim.uasset" 7482
"../../../../../../UnrealProyects/MotoresComerciales/Motorescomerciales1/MotoresComerciales/Content/StylizedKitchen/Textures/T_Fill_B.uasset" 7483
"../../../../../../UnrealProyects/MotoresComerciales/Motorescomerciales1/MotoresComerciales/Content/StylizedKitchen/Textures/T_Fill_ORM.uasset" 7484
"../../../../../../UnrealProyects/MotoresComerciales/Motorescomerciales1/MotoresComerciales/Content/MetaHumans/Common/Face/SubsurfaceProfiles/SSP_Head.uasset" 7485
"C:/UnrealProyects/MotoresComerciales/Motorescomerciales1/MotoresComerciales/Content/MetaHumans/Common/Male/Medium/NormalWeight/Poses/m_med_nrw_ring_01_l_anim.uasset" 7486
"C:/UnrealProyects/MotoresComerciales/Motorescomerciales1/MotoresComerciales/Content/MetaHumans/Common/Male/Medium/NormalWeight/Poses/m_med_nrw_retarget_anim.uasset" 7487
"C:/UnrealProyects/MotoresComerciales/Motorescomerciales1/MotoresComerciales/Content/MetaHumans/Common/Male/Medium/NormalWeight/Poses/m_med_nrw_pinky_03_r_anim.uasset" 7488
"C:/UnrealProyects/MotoresComerciales/Motorescomerciales1/MotoresComerciales/Content/MetaHumans/Common/Male/Medium/NormalWeight/Poses/m_med_nrw_pinky_03_l_anim.uasset" 7489
"C:/UnrealProyects/MotoresComerciales/Motorescomerciales1/MotoresComerciales/Content/MetaHumans/Common/Male/Medium/NormalWeight/Poses/m_med_nrw_pinky_02_r_anim.uasset" 7490
"C:/UnrealProyects/MotoresComerciales/Motorescomerciales1/MotoresComerciales/Content/MetaHumans/Common/Male/Medium/NormalWeight/Poses/m_med_nrw_pinky_02_l_anim.uasset" 7491
"C:/UnrealProyects/MotoresComerciales/Motorescomerciales1/MotoresComerciales/Content/MetaHumans/Common/Male/Medium/NormalWeight/Poses/m_med_nrw_pinky_01_r_anim.uasset" 7492
"C:/UnrealProyects/MotoresComerciales/Motorescomerciales1/MotoresComerciales/Content/MetaHumans/Common/Male/Medium/NormalWeight/Poses/m_med_nrw_pinky_01_l_anim.uasset" 7493
"C:/UnrealProyects/MotoresComerciales/Motorescomerciales1/MotoresComerciales/Content/MetaHumans/Common/Male/Medium/NormalWeight/Poses/m_med_nrw_middle_03_r_anim.uasset" 7494
"C:/UnrealProyects/MotoresComerciales/Motorescomerciales1/MotoresComerciales/Content/MetaHumans/Common/Male/Medium/NormalWeight/Poses/m_med_nrw_middle_03_l_anim.uasset" 7495
"C:/UnrealProyects/MotoresComerciales/Motorescomerciales1/MotoresComerciales/Content/MetaHumans/Common/Male/Medium/NormalWeight/Poses/m_med_nrw_middle_02_r_anim.uasset" 7496
"C:/UnrealProyects/MotoresComerciales/Motorescomerciales1/MotoresComerciales/Content/MetaHumans/Common/Male/Medium/NormalWeight/Poses/m_med_nrw_middle_02_l_anim.uasset" 7497
"../../../../../../UnrealProyects/MotoresComerciales/Motorescomerciales1/MotoresComerciales/Content/MetaHumans/Common/Face/Face_Archetype_Skeleton.uasset" 7498
"C:/UnrealProyects/MotoresComerciales/Motorescomerciales1/MotoresComerciales/Content/MetaHumans/Common/Male/Medium/NormalWeight/Poses/m_med_nrw_middle_01_l_anim.uasset" 7499
"C:/UnrealProyects/MotoresComerciales/Motorescomerciales1/MotoresComerciales/Content/MetaHumans/Common/Male/Medium/NormalWeight/Poses/m_med_nrw_lowerarm_r_anim.uasset" 7500
"C:/UnrealProyects/MotoresComerciales/Motorescomerciales1/MotoresComerciales/Content/MetaHumans/Common/Male/Medium/NormalWeight/Poses/m_med_nrw_middle_01_r_anim.uasset" 7501
"../../../../../../UnrealProyects/MotoresComerciales/Motorescomerciales1/MotoresComerciales/Content/Characters/Mannequins/Meshes/SK_Mannequin.uasset" 7502
"C:/UnrealProyects/MotoresComerciales/Motorescomerciales1/MotoresComerciales/Content/MetaHumans/Common/Male/Medium/NormalWeight/Poses/m_med_nrw_lowerarm_l_anim.uasset" 7503
"C:/UnrealProyects/MotoresComerciales/Motorescomerciales1/MotoresComerciales/Content/MetaHumans/Common/Male/Medium/NormalWeight/Poses/m_med_nrw_index_03_r_anim.uasset" 7504
"C:/UnrealProyects/MotoresComerciales/Motorescomerciales1/MotoresComerciales/Content/MetaHumans/Common/Male/Medium/NormalWeight/Poses/m_med_nrw_index_03_l_anim.uasset" 7505
"C:/UnrealProyects/MotoresComerciales/Motorescomerciales1/MotoresComerciales/Content/MetaHumans/Common/Male/Medium/NormalWeight/Poses/m_med_nrw_index_02_r_anim.uasset" 7506
"C:/UnrealProyects/MotoresComerciales/Motorescomerciales1/MotoresComerciales/Content/MetaHumans/Common/Male/Medium/NormalWeight/Poses/m_med_nrw_index_02_l_anim.uasset" 7507
"C:/UnrealProyects/MotoresComerciales/Motorescomerciales1/MotoresComerciales/Content/MetaHumans/Common/Male/Medium/NormalWeight/Poses/m_med_nrw_index_01_r_anim.uasset" 7508
"C:/UnrealProyects/MotoresComerciales/Motorescomerciales1/MotoresComerciales/Content/MetaHumans/Common/Male/Medium/NormalWeight/Poses/m_med_nrw_index_01_l_anim.uasset" 7509
"C:/UnrealProyects/MotoresComerciales/Motorescomerciales1/MotoresComerciales/Content/MetaHumans/Common/Male/Medium/NormalWeight/Poses/m_med_nrw_hand_r_anim.uasset" 7510
"C:/UnrealProyects/MotoresComerciales/Motorescomerciales1/MotoresComerciales/Content/MetaHumans/Common/Male/Medium/NormalWeight/Poses/m_med_nrw_hand_l_anim.uasset" 7511
"C:/UnrealProyects/MotoresComerciales/Motorescomerciales1/MotoresComerciales/Content/MetaHumans/Common/Male/Medium/NormalWeight/Poses/m_med_nrw_foot_r_anim.uasset" 7512
"C:/UnrealProyects/MotoresComerciales/Motorescomerciales1/MotoresComerciales/Content/MetaHumans/Common/Male/Medium/NormalWeight/Poses/m_med_nrw_foot_l_anim.uasset" 7513
"C:/UnrealProyects/MotoresComerciales/Motorescomerciales1/MotoresComerciales/Content/MetaHumans/Common/Male/Medium/NormalWeight/Poses/m_med_nrw_clavicle_r_anim.uasset" 7514
"C:/UnrealProyects/MotoresComerciales/Motorescomerciales1/MotoresComerciales/Content/MetaHumans/Common/Male/Medium/NormalWeight/Poses/m_med_nrw_clavicle_l_anim.uasset" 7515
"C:/UnrealProyects/MotoresComerciales/Motorescomerciales1/MotoresComerciales/Content/MetaHumans/Common/Male/Medium/NormalWeight/Poses/m_med_nrw_calf_r_anim.uasset" 7516
"C:/UnrealProyects/MotoresComerciales/Motorescomerciales1/MotoresComerciales/Content/MetaHumans/Common/Male/Medium/NormalWeight/Poses/m_med_nrw_calf_l_anim.uasset" 7517
"C:/UnrealProyects/MotoresComerciales/Motorescomerciales1/MotoresComerciales/Content/MetaHumans/Common/Female/Medium/NormalWeight/Poses/f_med_nrw_upperarm_r_anim.uasset" 7518
"C:/UnrealProyects/MotoresComerciales/Motorescomerciales1/MotoresComerciales/Content/MetaHumans/Common/Female/Medium/NormalWeight/Poses/f_med_nrw_upperarm_l_anim.uasset" 7519
"C:/UnrealProyects/MotoresComerciales/Motorescomerciales1/MotoresComerciales/Content/MetaHumans/Common/Female/Medium/NormalWeight/Poses/f_med_nrw_thumb_03_r_anim.uasset" 7520
"C:/UnrealProyects/MotoresComerciales/Motorescomerciales1/MotoresComerciales/Content/MetaHumans/Common/Female/Medium/NormalWeight/Poses/f_med_nrw_thumb_03_l_anim.uasset" 7521
"C:/UnrealProyects/MotoresComerciales/Motorescomerciales1/MotoresComerciales/Content/MetaHumans/Common/Female/Medium/NormalWeight/Poses/f_med_nrw_thumb_02_r_anim.uasset" 7522
"C:/UnrealProyects/MotoresComerciales/Motorescomerciales1/MotoresComerciales/Content/MetaHumans/Common/Female/Medium/NormalWeight/Poses/f_med_nrw_thumb_02_l_anim.uasset" 7523
"C:/UnrealProyects/MotoresComerciales/Motorescomerciales1/MotoresComerciales/Content/MetaHumans/Common/Female/Medium/NormalWeight/Poses/f_med_nrw_thumb_01_r_anim.uasset" 7524
"C:/UnrealProyects/MotoresComerciales/Motorescomerciales1/MotoresComerciales/Content/MetaHumans/Common/Female/Medium/NormalWeight/Poses/f_med_nrw_thumb_01_l_anim.uasset" 7525
"C:/UnrealProyects/MotoresComerciales/Motorescomerciales1/MotoresComerciales/Content/MetaHumans/Common/Female/Medium/NormalWeight/Poses/f_med_nrw_thigh_r_anim.uasset" 7526
"C:/UnrealProyects/MotoresComerciales/Motorescomerciales1/MotoresComerciales/Content/MetaHumans/Common/Female/Medium/NormalWeight/Poses/f_med_nrw_thigh_l_anim.uasset" 7527
"C:/UnrealProyects/MotoresComerciales/Motorescomerciales1/MotoresComerciales/Content/MetaHumans/Common/Female/Medium/NormalWeight/Poses/f_med_nrw_ring_03_r_anim.uasset" 7528
"C:/UnrealProyects/MotoresComerciales/Motorescomerciales1/MotoresComerciales/Content/MetaHumans/Common/Female/Medium/NormalWeight/Poses/f_med_nrw_ring_03_l_anim.uasset" 7529
"C:/UnrealProyects/MotoresComerciales/Motorescomerciales1/MotoresComerciales/Content/MetaHumans/Common/Female/Medium/NormalWeight/Poses/f_med_nrw_ring_02_r_anim.uasset" 7530
"C:/UnrealProyects/MotoresComerciales/Motorescomerciales1/MotoresComerciales/Content/MetaHumans/Common/Female/Medium/NormalWeight/Poses/f_med_nrw_ring_02_l_anim.uasset" 7531
"C:/UnrealProyects/MotoresComerciales/Motorescomerciales1/MotoresComerciales/Content/MetaHumans/Common/Female/Medium/NormalWeight/Poses/f_med_nrw_ring_01_r_anim.uasset" 7532
"C:/UnrealProyects/MotoresComerciales/Motorescomerciales1/MotoresComerciales/Content/MetaHumans/Common/Female/Medium/NormalWeight/Poses/f_med_nrw_ring_01_l_anim.uasset" 7533
"C:/UnrealProyects/MotoresComerciales/Motorescomerciales1/MotoresComerciales/Content/MetaHumans/Common/Female/Medium/NormalWeight/Poses/f_med_nrw_pinky_03_r_anim.uasset" 7534
"C:/UnrealProyects/MotoresComerciales/Motorescomerciales1/MotoresComerciales/Content/MetaHumans/Common/Female/Medium/NormalWeight/Poses/f_med_nrw_pinky_03_l_anim.uasset" 7535
"C:/UnrealProyects/MotoresComerciales/Motorescomerciales1/MotoresComerciales/Content/MetaHumans/Common/Female/Medium/NormalWeight/Poses/f_med_nrw_pinky_02_r_anim.uasset" 7536
"C:/UnrealProyects/MotoresComerciales/Motorescomerciales1/MotoresComerciales/Content/MetaHumans/Common/Female/Medium/NormalWeight/Poses/f_med_nrw_pinky_02_l_anim.uasset" 7537
"C:/UnrealProyects/MotoresComerciales/Motorescomerciales1/MotoresComerciales/Content/MetaHumans/Common/Female/Medium/NormalWeight/Poses/f_med_nrw_pinky_01_r_anim.uasset" 7538
"C:/UnrealProyects/MotoresComerciales/Motorescomerciales1/MotoresComerciales/Content/MetaHumans/Common/Female/Medium/NormalWeight/Poses/f_med_nrw_pinky_01_l_anim.uasset" 7539
"C:/UnrealProyects/MotoresComerciales/Motorescomerciales1/MotoresComerciales/Content/MetaHumans/Common/Female/Medium/NormalWeight/Poses/f_med_nrw_middle_03_r_anim.uasset" 7540
"C:/UnrealProyects/MotoresComerciales/Motorescomerciales1/MotoresComerciales/Content/MetaHumans/Common/Female/Medium/NormalWeight/Poses/f_med_nrw_middle_03_l_anim.uasset" 7541
"C:/UnrealProyects/MotoresComerciales/Motorescomerciales1/MotoresComerciales/Content/MetaHumans/Common/Female/Medium/NormalWeight/Poses/f_med_nrw_middle_02_r_anim.uasset" 7542
"C:/UnrealProyects/MotoresComerciales/Motorescomerciales1/MotoresComerciales/Content/MetaHumans/Common/Female/Medium/NormalWeight/Poses/f_med_nrw_middle_02_l_anim.uasset" 7543
"C:/UnrealProyects/MotoresComerciales/Motorescomerciales1/MotoresComerciales/Content/MetaHumans/Common/Female/Medium/NormalWeight/Poses/f_med_nrw_middle_01_r_anim.uasset" 7544
"C:/UnrealProyects/MotoresComerciales/Motorescomerciales1/MotoresComerciales/Content/MetaHumans/Common/Female/Medium/NormalWeight/Poses/f_med_nrw_middle_01_l_anim.uasset" 7545
"C:/UnrealProyects/MotoresComerciales/Motorescomerciales1/MotoresComerciales/Content/MetaHumans/Common/Female/Medium/NormalWeight/Poses/f_med_nrw_lowerarm_r_anim.uasset" 7546
"C:/UnrealProyects/MotoresComerciales/Motorescomerciales1/MotoresComerciales/Content/MetaHumans/Common/Female/Medium/NormalWeight/Poses/f_med_nrw_lowerarm_l_anim.uasset" 7547
"C:/UnrealProyects/MotoresComerciales/Motorescomerciales1/MotoresComerciales/Content/MetaHumans/Common/Female/Medium/NormalWeight/Poses/f_med_nrw_index_03_r_anim.uasset" 7548
"C:/UnrealProyects/MotoresComerciales/Motorescomerciales1/MotoresComerciales/Content/MetaHumans/Common/Female/Medium/NormalWeight/Poses/f_med_nrw_index_03_l_anim.uasset" 7549
"C:/UnrealProyects/MotoresComerciales/Motorescomerciales1/MotoresComerciales/Content/MetaHumans/Common/Female/Medium/NormalWeight/Poses/f_med_nrw_index_02_r_anim.uasset" 7550
"C:/UnrealProyects/MotoresComerciales/Motorescomerciales1/MotoresComerciales/Content/MetaHumans/Common/Female/Medium/NormalWeight/Poses/f_med_nrw_index_02_l_anim.uasset" 7551
"C:/UnrealProyects/MotoresComerciales/Motorescomerciales1/MotoresComerciales/Content/MetaHumans/Common/Female/Medium/NormalWeight/Poses/f_med_nrw_index_01_r_anim.uasset" 7552
"C:/UnrealProyects/MotoresComerciales/Motorescomerciales1/MotoresComerciales/Content/MetaHumans/Common/Female/Medium/NormalWeight/Poses/f_med_nrw_index_01_l_anim.uasset" 7553
"C:/UnrealProyects/MotoresComerciales/Motorescomerciales1/MotoresComerciales/Content/MetaHumans/Common/Female/Medium/NormalWeight/Poses/f_med_nrw_hand_r_anim.uasset" 7554
"C:/UnrealProyects/MotoresComerciales/Motorescomerciales1/MotoresComerciales/Content/MetaHumans/Common/Female/Medium/NormalWeight/Poses/f_med_nrw_hand_l_anim.uasset" 7555
"C:/UnrealProyects/MotoresComerciales/Motorescomerciales1/MotoresComerciales/Content/MetaHumans/Common/Female/Medium/NormalWeight/Poses/f_med_nrw_foot_r_anim.uasset" 7556
"C:/UnrealProyects/MotoresComerciales/Motorescomerciales1/MotoresComerciales/Content/MetaHumans/Common/Female/Medium/NormalWeight/Poses/f_med_nrw_foot_l_anim.uasset" 7557
"C:/UnrealProyects/MotoresComerciales/Motorescomerciales1/MotoresComerciales/Content/MetaHumans/Common/Female/Medium/NormalWeight/Poses/f_med_nrw_clavicle_r_anim.uasset" 7558
"C:/UnrealProyects/MotoresComerciales/Motorescomerciales1/MotoresComerciales/Content/MetaHumans/Common/Female/Medium/NormalWeight/Poses/f_med_nrw_clavicle_l_anim.uasset" 7559
"C:/UnrealProyects/MotoresComerciales/Motorescomerciales1/MotoresComerciales/Content/MetaHumans/Common/Female/Medium/NormalWeight/Poses/f_med_nrw_calf_r_anim.uasset" 7560
"C:/UnrealProyects/MotoresComerciales/Motorescomerciales1/MotoresComerciales/Content/MetaHumans/Common/Female/Medium/NormalWeight/Poses/f_med_nrw_calf_l_anim.uasset" 7561
"C:/UnrealProyects/MotoresComerciales/Motorescomerciales1/MotoresComerciales/Content/MetaHumans/Common/Face/neckPoses/neckCorr_m_tal_unw_RBFSolver_anim.uasset" 7562
"C:/UnrealProyects/MotoresComerciales/Motorescomerciales1/MotoresComerciales/Content/MetaHumans/Common/Face/neckPoses/neckCorr_m_tal_ovw_RBFSolver_anim.uasset" 7563
"C:/UnrealProyects/MotoresComerciales/Motorescomerciales1/MotoresComerciales/Content/MetaHumans/Common/Face/neckPoses/neckCorr_m_tal_nrw_RBFSolver_anim.uasset" 7564
"C:/UnrealProyects/MotoresComerciales/Motorescomerciales1/MotoresComerciales/Content/MetaHumans/Common/Face/neckPoses/neckCorr_m_srt_unw_RBFSolver_anim.uasset" 7565
"C:/UnrealProyects/MotoresComerciales/Motorescomerciales1/MotoresComerciales/Content/MetaHumans/Common/Face/neckPoses/neckCorr_m_srt_ovw_RBFSolver_anim.uasset" 7566
"C:/UnrealProyects/MotoresComerciales/Motorescomerciales1/MotoresComerciales/Content/MetaHumans/Common/Face/neckPoses/neckCorr_m_srt_nrw_RBFSolver_anim.uasset" 7567
"C:/UnrealProyects/MotoresComerciales/Motorescomerciales1/MotoresComerciales/Content/MetaHumans/Common/Face/neckPoses/neckCorr_m_med_unw_RBFSolver_anim.uasset" 7568
"C:/UnrealProyects/MotoresComerciales/Motorescomerciales1/MotoresComerciales/Content/MetaHumans/Common/Face/neckPoses/neckCorr_m_med_ovw_RBFSolver_anim.uasset" 7569
"C:/UnrealProyects/MotoresComerciales/Motorescomerciales1/MotoresComerciales/Content/MetaHumans/Common/Face/neckPoses/neckCorr_m_med_nrw_RBFSolver_anim.uasset" 7570
"C:/UnrealProyects/MotoresComerciales/Motorescomerciales1/MotoresComerciales/Content/MetaHumans/Common/Face/neckPoses/neckCorr_f_tal_unw_RBFSolver_anim.uasset" 7571
"C:/UnrealProyects/MotoresComerciales/Motorescomerciales1/MotoresComerciales/Content/MetaHumans/Common/Face/neckPoses/neckCorr_f_tal_ovw_RBFSolver_anim.uasset" 7572
"C:/UnrealProyects/MotoresComerciales/Motorescomerciales1/MotoresComerciales/Content/MetaHumans/Common/Face/neckPoses/neckCorr_f_tal_nrw_RBFSolver_anim.uasset" 7573
"C:/UnrealProyects/MotoresComerciales/Motorescomerciales1/MotoresComerciales/Content/MetaHumans/Common/Face/neckPoses/neckCorr_f_srt_unw_RBFSolver_anim.uasset" 7574
"C:/UnrealProyects/MotoresComerciales/Motorescomerciales1/MotoresComerciales/Content/MetaHumans/Common/Face/neckPoses/neckCorr_f_srt_ovw_RBFSolver_anim.uasset" 7575
"C:/UnrealProyects/MotoresComerciales/Motorescomerciales1/MotoresComerciales/Content/MetaHumans/Common/Face/neckPoses/neckCorr_f_srt_nrw_RBFSolver_anim.uasset" 7576
"C:/UnrealProyects/MotoresComerciales/Motorescomerciales1/MotoresComerciales/Content/MetaHumans/Common/Face/neckPoses/neckCorr_f_med_unw_RBFSolver_anim.uasset" 7577
"C:/UnrealProyects/MotoresComerciales/Motorescomerciales1/MotoresComerciales/Content/MetaHumans/Common/Face/neckPoses/neckCorr_f_med_ovw_RBFSolver_anim.uasset" 7578
"C:/UnrealProyects/MotoresComerciales/Motorescomerciales1/MotoresComerciales/Content/MetaHumans/Common/Face/neckPoses/neckCorr_f_med_nrw_RBFSolver_anim.uasset" 7579
"C:/UnrealProyects/MotoresComerciales/Motorescomerciales1/MotoresComerciales/Content/Characters/Mannequin_UE4/Animations/Jog_Fwd.uasset" 7580
"C:/UnrealProyects/MotoresComerciales/Motorescomerciales1/MotoresComerciales/Content/Characters/Mannequins/Rigs/Poses/Quinn/Quinn_upperarm_r_anim.uasset" 7581
"C:/UnrealProyects/MotoresComerciales/Motorescomerciales1/MotoresComerciales/Content/Characters/Mannequins/Rigs/Poses/Quinn/Quinn_upperarm_l_anim.uasset" 7582
"C:/UnrealProyects/MotoresComerciales/Motorescomerciales1/MotoresComerciales/Content/Characters/Mannequins/Rigs/Poses/Quinn/Quinn_thigh_r_anim.uasset" 7583
"C:/UnrealProyects/MotoresComerciales/Motorescomerciales1/MotoresComerciales/Content/Characters/Mannequins/Rigs/Poses/Quinn/Quinn_thigh_l_anim.uasset" 7584
"C:/UnrealProyects/MotoresComerciales/Motorescomerciales1/MotoresComerciales/Content/Characters/Mannequins/Rigs/Poses/Quinn/Quinn_lowerarm_r_anim.uasset" 7585
"C:/UnrealProyects/MotoresComerciales/Motorescomerciales1/MotoresComerciales/Content/Characters/Mannequins/Rigs/Poses/Quinn/Quinn_lowerarm_l_anim.uasset" 7586
"C:/UnrealProyects/MotoresComerciales/Motorescomerciales1/MotoresComerciales/Content/Characters/Mannequins/Rigs/Poses/Quinn/Quinn_hand_r_anim.uasset" 7587
"C:/UnrealProyects/MotoresComerciales/Motorescomerciales1/MotoresComerciales/Content/Characters/Mannequins/Rigs/Poses/Quinn/Quinn_hand_l_anim.uasset" 7588
"C:/UnrealProyects/MotoresComerciales/Motorescomerciales1/MotoresComerciales/Content/Characters/Mannequins/Rigs/Poses/Quinn/Quinn_foot_r_anim.uasset" 7589
"C:/UnrealProyects/MotoresComerciales/Motorescomerciales1/MotoresComerciales/Content/Characters/Mannequins/Rigs/Poses/Quinn/Quinn_foot_l_anim.uasset" 7590
"C:/UnrealProyects/MotoresComerciales/Motorescomerciales1/MotoresComerciales/Content/Characters/Mannequins/Rigs/Poses/Quinn/Quinn_clavicle_r_anim.uasset" 7591
"C:/UnrealProyects/MotoresComerciales/Motorescomerciales1/MotoresComerciales/Content/Characters/Mannequins/Rigs/Poses/Quinn/Quinn_clavicle_l_anim.uasset" 7592
"C:/UnrealProyects/MotoresComerciales/Motorescomerciales1/MotoresComerciales/Content/Characters/Mannequins/Rigs/Poses/Quinn/Quinn_calf_r_anim.uasset" 7593
"C:/UnrealProyects/MotoresComerciales/Motorescomerciales1/MotoresComerciales/Content/Characters/Mannequins/Rigs/Poses/Quinn/Quinn_calf_l_anim.uasset" 7594
"C:/UnrealProyects/MotoresComerciales/Motorescomerciales1/MotoresComerciales/Content/Characters/Mannequins/Rigs/Poses/Manny/Manny_upperarm_r_anim.uasset" 7595
"C:/UnrealProyects/MotoresComerciales/Motorescomerciales1/MotoresComerciales/Content/Characters/Mannequins/Rigs/Poses/Manny/Manny_upperarm_l_anim.uasset" 7596
"C:/UnrealProyects/MotoresComerciales/Motorescomerciales1/MotoresComerciales/Content/Characters/Mannequins/Rigs/Poses/Manny/Manny_thigh_r_anim.uasset" 7597
"C:/UnrealProyects/MotoresComerciales/Motorescomerciales1/MotoresComerciales/Content/Characters/Mannequins/Rigs/Poses/Manny/Manny_thigh_l_anim.uasset" 7598
"C:/UnrealProyects/MotoresComerciales/Motorescomerciales1/MotoresComerciales/Content/Characters/Mannequins/Rigs/Poses/Manny/Manny_lowerarm_r_anim.uasset" 7599
"C:/UnrealProyects/MotoresComerciales/Motorescomerciales1/MotoresComerciales/Content/Characters/Mannequins/Rigs/Poses/Manny/Manny_lowerarm_l_anim.uasset" 7600
"C:/UnrealProyects/MotoresComerciales/Motorescomerciales1/MotoresComerciales/Content/Characters/Mannequins/Rigs/Poses/Manny/Manny_hand_r_anim.uasset" 7601
"C:/UnrealProyects/MotoresComerciales/Motorescomerciales1/MotoresComerciales/Content/Characters/Mannequins/Rigs/Poses/Manny/Manny_hand_l_anim.uasset" 7602
"C:/UnrealProyects/MotoresComerciales/Motorescomerciales1/MotoresComerciales/Content/Characters/Mannequins/Rigs/Poses/Manny/Manny_foot_r_anim.uasset" 7603
"C:/UnrealProyects/MotoresComerciales/Motorescomerciales1/MotoresComerciales/Content/Characters/Mannequins/Rigs/Poses/Manny/Manny_foot_l_anim.uasset" 7604
"C:/UnrealProyects/MotoresComerciales/Motorescomerciales1/MotoresComerciales/Content/Characters/Mannequins/Rigs/Poses/Manny/Manny_clavicle_r_anim.uasset" 7605
"C:/UnrealProyects/MotoresComerciales/Motorescomerciales1/MotoresComerciales/Content/Characters/Mannequins/Rigs/Poses/Manny/Manny_clavicle_l_anim.uasset" 7606
"C:/UnrealProyects/MotoresComerciales/Motorescomerciales1/MotoresComerciales/Content/Characters/Mannequins/Rigs/Poses/Manny/Manny_calf_r_anim.uasset" 7607
"C:/UnrealProyects/MotoresComerciales/Motorescomerciales1/MotoresComerciales/Content/Characters/Mannequins/Rigs/Poses/Manny/Manny_calf_l_anim.uasset" 7608
"C:/UnrealProyects/MotoresComerciales/Motorescomerciales1/MotoresComerciales/Content/Characters/Mannequins/Animations/Quinn/MF_Walk_Fwd.uasset" 7609
"C:/UnrealProyects/MotoresComerciales/Motorescomerciales1/MotoresComerciales/Content/Characters/Mannequins/Animations/Quinn/MF_Run_Fwd.uasset" 7610
"C:/UnrealProyects/MotoresComerciales/Motorescomerciales1/MotoresComerciales/Content/Characters/Mannequins/Animations/Quinn/MF_Idle.uasset" 7611
"../../../../../../UnrealProyects/MotoresComerciales/Motorescomerciales1/MotoresComerciales/Content/Characters/Mannequin_UE4/Meshes/SK_Mannequin_Skeleton.uasset" 7612
"C:/UnrealProyects/MotoresComerciales/Motorescomerciales1/MotoresComerciales/Content/Characters/Mannequins/Animations/Manny/MM_Walk_Fwd.uasset" 7613
"C:/UnrealProyects/MotoresComerciales/Motorescomerciales1/MotoresComerciales/Content/Characters/Mannequins/Animations/Manny/MM_T_Pose.uasset" 7614
"C:/UnrealProyects/MotoresComerciales/Motorescomerciales1/MotoresComerciales/Content/Characters/Mannequins/Animations/Manny/MM_Run_Fwd.uasset" 7615
"C:/UnrealProyects/MotoresComerciales/Motorescomerciales1/MotoresComerciales/Content/Characters/Mannequins/Animations/Manny/MM_Land.uasset" 7616
"C:/UnrealProyects/MotoresComerciales/Motorescomerciales1/MotoresComerciales/Content/Characters/Mannequins/Animations/Manny/MM_Jump.uasset" 7617
"C:/UnrealProyects/MotoresComerciales/Motorescomerciales1/MotoresComerciales/Content/Characters/Mannequins/Animations/Manny/MM_Idle.uasset" 7618
"C:/UnrealProyects/MotoresComerciales/Motorescomerciales1/MotoresComerciales/Content/Characters/Mannequins/Animations/Manny/MM_Fall_Loop.uasset" 7619
"C:/UnrealProyects/MotoresComerciales/Motorescomerciales1/MotoresComerciales/Content/MetaHumans/Common/Face/MaterialFunctions/Head/MF_HeadMask_03.uasset" 7620
"C:/UnrealProyects/MotoresComerciales/Motorescomerciales1/MotoresComerciales/Content/MetaHumans/Common/Face/MaterialFunctions/Head/MF_HeadMask_02.uasset" 7621
"C:/UnrealProyects/MotoresComerciales/Motorescomerciales1/MotoresComerciales/Content/MetaHumans/Common/Face/MaterialFunctions/Head/MF_HeadMask_01.uasset" 7622
"C:/UnrealProyects/MotoresComerciales/Motorescomerciales1/MotoresComerciales/Content/MetaHumans/Common/Face/MaterialFunctions/Eye/MF_EyeRefraction.uasset" 7623
"C:/UnrealProyects/MotoresComerciales/Motorescomerciales1/MotoresComerciales/Content/MetaHumans/Common/Face/MaterialFunctions/Eye/MF_IrisGenerator.uasset" 7624
"C:/UnrealProyects/MotoresComerciales/Motorescomerciales1/MotoresComerciales/Content/MetaHumans/Common/Face/simple_face_CtrlRig.uasset" 7625
"C:/UnrealProyects/MotoresComerciales/Motorescomerciales1/MotoresComerciales/Content/MetaHumans/Common/Face/Neck_CtrlRig.uasset" 7626
"C:/UnrealProyects/MotoresComerciales/Motorescomerciales1/MotoresComerciales/Content/MetaHumans/Common/Face/HeadMovementIK_Proc_CtrlRig.uasset" 7627
"C:/UnrealProyects/MotoresComerciales/Motorescomerciales1/MotoresComerciales/Content/MetaHumans/Common/Face/Face_ControlBoard_CtrlRig.uasset" 7628
"C:/UnrealProyects/MotoresComerciales/Motorescomerciales1/MotoresComerciales/Content/Characters/Mannequins/Rigs/CR_Mannequin_Procedural.uasset" 7629
"C:/UnrealProyects/MotoresComerciales/Motorescomerciales1/MotoresComerciales/Content/Characters/Mannequins/Rigs/CR_Mannequin_BasicFootIK.uasset" 7630
"../../../Engine/Content/EngineSky/M_Sky_Panning_Clouds2.uasset" 7631
"../../../Engine/Content/EngineFonts/DroidSansMono.uasset" 7632
"C:/UnrealProyects/MotoresComerciales/Motorescomerciales1/MotoresComerciales/Content/PN_interactiveSpruceForest/Materials/MaterialFunctions/PN_WindAnimation.uasset" 7633
"C:/UnrealProyects/MotoresComerciales/Motorescomerciales1/MotoresComerciales/Content/MetaHumans/Common/Materials/MF_HairAnisotropic.uasset" 7634
"../../../Engine/Content/Functions/Engine_MaterialFunctions02/Math/TransformToZVector.uasset" 7635
"../../../Engine/Plugins/Interchange/Runtime/Content/Functions/MX_StandardSurface.uasset" 7636
"../../../Engine/Plugins/Interchange/Runtime/Content/Functions/MX_Transmission.uasset" 7637
"C:/UnrealProyects/MotoresComerciales/Motorescomerciales1/MotoresComerciales/Content/MetaHumans/Common/Materials/MF_RedHairBoost.uasset" 7638
"C:/UnrealProyects/MotoresComerciales/Motorescomerciales1/MotoresComerciales/Content/Characters/Mannequins/Materials/Functions/MF_logo3layers.uasset" 7639
"../../../Engine/Content/Functions/Engine_MaterialFunctions02/PivotPainter2/ms_PivotPainter2_ReturnParentTextureInfo.uasset" 7640
"../../../Engine/Content/Functions/Engine_MaterialFunctions02/Utility/DebugScalarValues.uasset" 7641
"../../../Engine/Content/Maps/Entry.umap" 7642
"../../../Engine/Content/MapTemplates/SM_Template_Map_Floor.uasset" 7643
"../../../Engine/Plugins/Animation/ControlRig/Content/Controls/ControlRig_Wedge_solid.uasset" 7644
"../../../Engine/Plugins/Animation/ControlRig/Content/Controls/ControlRig_Wedge_3mm.uasset" 7645
"../../../Engine/Plugins/Animation/ControlRig/Content/Controls/ControlRig_Wedge_1mm.uasset" 7646
"../../../Engine/Plugins/Animation/ControlRig/Content/Controls/ControlRig_Triangle_solid.uasset" 7647
"../../../Engine/Plugins/Animation/ControlRig/Content/Controls/ControlRig_Triangle_3mm.uasset" 7648
"../../../Engine/Plugins/Animation/ControlRig/Content/Controls/ControlRig_Triangle_1mm.uasset" 7649
"../../../../../../UnrealProyects/MotoresComerciales/Motorescomerciales1/MotoresComerciales/Content/MetaHumans/Common/Face/MaterialFunctions/Eye/MF_IrisUVMask.uasset" 7650
"../../../Engine/Plugins/Animation/ControlRig/Content/Controls/ControlRig_Star4_3mm.uasset" 7651
"../../../Engine/Plugins/Animation/ControlRig/Content/Controls/ControlRig_Star4_solid.uasset" 7652
"../../../../../../UnrealProyects/MotoresComerciales/Motorescomerciales1/MotoresComerciales/Content/MetaHumans/Common/Face/MaterialFunctions/Eye/MF_RefractionDirection.uasset" 7653
"../../../Engine/Plugins/Animation/ControlRig/Content/Controls/ControlRig_Star4_1mm.uasset" 7654
"../../../Engine/Plugins/Animation/ControlRig/Content/Controls/ControlRig_Square_solid.uasset" 7655
"../../../Engine/Plugins/Animation/ControlRig/Content/Controls/ControlRig_Square_3mm.uasset" 7656
"../../Plugins/Animation/ControlRig/Content/Controls/DefaultGizmoLibrary.uasset" 7657
"../../../../../../UnrealProyects/MotoresComerciales/Motorescomerciales1/MotoresComerciales/Content/MetaHumans/Common/Controls/MHGizmoLibrary.uasset" 7658
"../../../Engine/Plugins/Animation/ControlRig/Content/Controls/ControlRig_Square_1mm.uasset" 7659
"../../../Engine/Plugins/Animation/ControlRig/Content/Controls/ControlRig_Sphere_3mm.uasset" 7660
"../../../Engine/Plugins/Animation/ControlRig/Content/Controls/ControlRig_Sphere_1mm.uasset" 7661
"../../../Engine/Plugins/Animation/ControlRig/Content/Controls/ControlRig_RoundedTriangle_solid.uasset" 7662
"../../../Engine/Plugins/Animation/ControlRig/Content/Controls/ControlRig_RoundedTriangle_3mm.uasset" 7663
"../../../../../../UnrealProyects/MotoresComerciales/Motorescomerciales1/MotoresComerciales/Content/PN_interactiveSpruceForest/Materials/PN_WindParameters.uasset" 7664
"../../../Engine/Plugins/Animation/ControlRig/Content/Controls/ControlRig_RoundedTriangle_1mm.uasset" 7665
"../../../Engine/Plugins/Animation/ControlRig/Content/Controls/ControlRig_RoundedSquare_solid.uasset" 7666
"../../../Engine/Plugins/Animation/ControlRig/Content/Controls/ControlRig_RoundedSquare_3mm.uasset" 7667
"../../../Engine/Plugins/Animation/ControlRig/Content/Controls/ControlRig_RoundedSquare_1mm.uasset" 7668
"../../Plugins/Interchange/Runtime/Content/Functions/MF_OrenNayerView.uasset" 7669
"../../Plugins/Interchange/Runtime/Content/Functions/MF_SchlickApprox.uasset" 7670
"../../../Engine/Plugins/Animation/ControlRig/Content/Controls/ControlRig_QuarterCircle_solid.uasset" 7671
"../../../Engine/Plugins/Animation/ControlRig/Content/Controls/ControlRig_QuarterCircle_3mm.uasset" 7672
"../../../Engine/Plugins/Animation/ControlRig/Content/Controls/ControlRig_QuarterCircle_1mm.uasset" 7673
"../../../Engine/Plugins/Animation/ControlRig/Content/Controls/ControlRig_Pyramid_solid.uasset" 7674
"../../../Engine/Plugins/Animation/ControlRig/Content/Controls/ControlRig_Pyramid_3mm.uasset" 7675
"../../../Engine/Plugins/Animation/ControlRig/Content/Controls/ControlRig_Pyramid_1mm.uasset" 7676
"../../../Engine/Plugins/Animation/ControlRig/Content/Controls/ControlRig_Octagon_solid.uasset" 7677
"../../../Engine/Plugins/Animation/ControlRig/Content/Controls/ControlRig_Octagon_3mm.uasset" 7678
"../../../Engine/Plugins/Animation/ControlRig/Content/Controls/ControlRig_Octagon_1mm.uasset" 7679
"../../../Engine/Plugins/Animation/ControlRig/Content/Controls/ControlRig_Hexagon_solid.uasset" 7680
"../../../Engine/Plugins/Animation/ControlRig/Content/Controls/ControlRig_Hexagon_3mm.uasset" 7681
"../../../Engine/Plugins/Animation/ControlRig/Content/Controls/ControlRig_Hexagon_1mm.uasset" 7682
"../../../Engine/Plugins/Animation/ControlRig/Content/Controls/ControlRig_HalfCircle_solid.uasset" 7683
"../../../Engine/Plugins/Animation/ControlRig/Content/Controls/ControlRig_HalfCircle_3mm.uasset" 7684
"../../../Engine/Plugins/Animation/ControlRig/Content/Controls/ControlRig_HalfCircle_1mm.uasset" 7685
"../../../Engine/Plugins/Animation/ControlRig/Content/Controls/ControlRig_Diamond_solid.uasset" 7686
"../../../Engine/Plugins/Animation/ControlRig/Content/Controls/ControlRig_Diamond_3mm.uasset" 7687
"../../../Engine/Plugins/Animation/ControlRig/Content/Controls/ControlRig_Diamond_1mm.uasset" 7688
"../../../Engine/Plugins/Animation/ControlRig/Content/Controls/ControlRig_Circle_solid.uasset" 7689
"../../../Engine/Plugins/Animation/ControlRig/Content/Controls/ControlRig_Circle_1mm.uasset" 7690
"../../../Engine/Plugins/Animation/ControlRig/Content/Controls/ControlRig_Box_3mm.uasset" 7691
"../../../Engine/Plugins/Animation/ControlRig/Content/Controls/ControlRig_Circle_3mm.uasset" 7692
"../../../Engine/Plugins/Animation/ControlRig/Content/Controls/ControlRig_Box_solid.uasset" 7693
"../../../Engine/Plugins/Animation/ControlRig/Content/Controls/ControlRig_Box_1mm.uasset" 7694
"../../../Engine/Plugins/Animation/ControlRig/Content/Controls/ControlRig_Arrow_solid.uasset" 7695
"../../../Engine/Plugins/Animation/ControlRig/Content/Controls/ControlRig_Arrow_1mm.uasset" 7696
"../../../Engine/Plugins/Animation/ControlRig/Content/Controls/ControlRig_Arrow_3mm.uasset" 7697
"../../../Engine/Plugins/Animation/ControlRig/Content/Controls/ControlRig_Arrow4_solid.uasset" 7698
"../../../Engine/Plugins/Animation/ControlRig/Content/Controls/ControlRig_Arrow4_3mm.uasset" 7699
"../../../Engine/Plugins/Animation/ControlRig/Content/Controls/ControlRig_Arrow4_1mm.uasset" 7700
"../../../Engine/Plugins/Animation/ControlRig/Content/Controls/ControlRig_Arrow2_solid.uasset" 7701
"../../../Engine/Plugins/Animation/ControlRig/Content/Controls/ControlRig_Arrow2_3mm.uasset" 7702
"../../../Engine/Plugins/Animation/ControlRig/Content/Controls/ControlRig_Sphere_solid.uasset" 7703
"../../../Engine/Plugins/Animation/ControlRig/Content/Controls/ControlRig_Arrow2_1mm.uasset" 7704
"C:/UnrealProyects/MotoresComerciales/Motorescomerciales1/MotoresComerciales/Content/MetaHumans/Vincent/MaleHair_pfn/Hair/Eyebrows_L_Scraggly_CardsMesh_Group0_LOD0.uasset" 7705
"C:/UnrealProyects/MotoresComerciales/Motorescomerciales1/MotoresComerciales/Content/MetaHumans/Vincent/MaleHair/Helmets/Hair_S_Clean_Helmet_LOD6.uasset" 7706
"C:/UnrealProyects/MotoresComerciales/Motorescomerciales1/MotoresComerciales/Content/Materials/KartMaterial/Nigga.uasset" 7707
"C:/UnrealProyects/MotoresComerciales/Motorescomerciales1/MotoresComerciales/Content/MetaHumans/Vincent/MaleHair/Helmets/Hair_S_Clean_Helmet_LOD7.uasset" 7708
"C:/UnrealProyects/MotoresComerciales/Motorescomerciales1/MotoresComerciales/Content/KartModel/model.uasset" 7709
"../../../Engine/Plugins/Animation/ControlRig/Content/Controls/ControlRig_Square_Joystick.uasset" 7710
"C:/UnrealProyects/MotoresComerciales/Motorescomerciales1/MotoresComerciales/Content/MetaHumans/Vincent/MaleHair/Helmets/Hair_S_Clean_Helmet_LOD5.uasset" 7711
"../../../Engine/Plugins/Animation/ControlRig/Content/Controls/ControlRig_Line.uasset" 7712
"C:/UnrealProyects/MotoresComerciales/Motorescomerciales1/MotoresComerciales/Content/Textures/HDRI/M_SkySphere2.uasset" 7713
"C:/UnrealProyects/MotoresComerciales/Motorescomerciales1/MotoresComerciales/Content/Textures/HDRI/M_Skybox.uasset" 7714
"C:/UnrealProyects/MotoresComerciales/Motorescomerciales1/MotoresComerciales/Content/PN_interactiveSpruceForest/UE4_Mannequin/Mannequin/Animations/ThirdPerson_IdleRun_2D.uasset" 7715
"C:/UnrealProyects/MotoresComerciales/Motorescomerciales1/MotoresComerciales/Content/PN_interactiveSpruceForest/Materials/MaterialInstances/ground/MI_GroundSummer.uasset" 7716
"C:/UnrealProyects/MotoresComerciales/Motorescomerciales1/MotoresComerciales/Content/PN_interactiveSpruceForest/ExampleContent/Summer/MI_GroundSummer.uasset" 7717
"C:/UnrealProyects/MotoresComerciales/Motorescomerciales1/MotoresComerciales/Content/MetaHumans/Common/Face/MaterialFunctions/Head/MF_HeadMask_TexArraySample.uasset" 7718
"C:/UnrealProyects/MotoresComerciales/Motorescomerciales1/MotoresComerciales/Content/MetaHumans/Common/Face/Materials/M_lacrimal_fluid.uasset" 7719
"C:/UnrealProyects/MotoresComerciales/Motorescomerciales1/MotoresComerciales/Content/LevelPrototyping/Meshes/SM_ChamferCube.uasset" 7720
"C:/UnrealProyects/MotoresComerciales/Motorescomerciales1/MotoresComerciales/Content/Houses/House2/House_1.uasset" 7721
"C:/UnrealProyects/MotoresComerciales/Motorescomerciales1/MotoresComerciales/Content/Houses/House1/House_2-1.uasset" 7722
"C:/UnrealProyects/MotoresComerciales/Motorescomerciales1/MotoresComerciales/Content/FoliageLandscape/WildGrass/Wild_Grass_vlkhcbxia_Mid_vlkhcbxia_VarH_LOD1.uasset" 7723
"C:/UnrealProyects/MotoresComerciales/Motorescomerciales1/MotoresComerciales/Content/FoliageLandscape/WildGrass/Wild_Grass_vlkhcbxia_Mid_vlkhcbxia_VarH_LOD2.uasset" 7724
"C:/UnrealProyects/MotoresComerciales/Motorescomerciales1/MotoresComerciales/Content/FoliageLandscape/WildGrass/Wild_Grass_vlkhcbxia_Mid_vlkhcbxia_VarH_LOD0.uasset" 7725
"C:/UnrealProyects/MotoresComerciales/Motorescomerciales1/MotoresComerciales/Content/FoliageLandscape/WildGrass/Wild_Grass_vlkhcbxia_Mid_vlkhcbxia_VarG_LOD1.uasset" 7726
"C:/UnrealProyects/MotoresComerciales/Motorescomerciales1/MotoresComerciales/Content/FoliageLandscape/WildGrass/Wild_Grass_vlkhcbxia_Mid_vlkhcbxia_VarG_LOD2.uasset" 7727
"C:/UnrealProyects/MotoresComerciales/Motorescomerciales1/MotoresComerciales/Content/FoliageLandscape/WildGrass/Wild_Grass_vlkhcbxia_Mid_vlkhcbxia_VarG_LOD0.uasset" 7728
"C:/UnrealProyects/MotoresComerciales/Motorescomerciales1/MotoresComerciales/Content/FoliageLandscape/WildGrass/Wild_Grass_vlkhcbxia_Mid_vlkhcbxia_VarF_LOD2.uasset" 7729
"C:/UnrealProyects/MotoresComerciales/Motorescomerciales1/MotoresComerciales/Content/FoliageLandscape/WildGrass/Wild_Grass_vlkhcbxia_Mid_vlkhcbxia_VarF_LOD1.uasset" 7730
"C:/UnrealProyects/MotoresComerciales/Motorescomerciales1/MotoresComerciales/Content/FoliageLandscape/WildGrass/Wild_Grass_vlkhcbxia_Mid_vlkhcbxia_VarF_LOD0.uasset" 7731
"C:/UnrealProyects/MotoresComerciales/Motorescomerciales1/MotoresComerciales/Content/FoliageLandscape/WildGrass/Wild_Grass_vlkhcbxia_Mid_vlkhcbxia_VarE_LOD2.uasset" 7732
"C:/UnrealProyects/MotoresComerciales/Motorescomerciales1/MotoresComerciales/Content/FoliageLandscape/WildGrass/Wild_Grass_vlkhcbxia_Mid_vlkhcbxia_VarE_LOD1.uasset" 7733
"C:/UnrealProyects/MotoresComerciales/Motorescomerciales1/MotoresComerciales/Content/FoliageLandscape/WildGrass/Wild_Grass_vlkhcbxia_Mid_vlkhcbxia_VarE_LOD0.uasset" 7734
"C:/UnrealProyects/MotoresComerciales/Motorescomerciales1/MotoresComerciales/Content/FoliageLandscape/WildGrass/Wild_Grass_vlkhcbxia_Mid_vlkhcbxia_VarD_LOD1.uasset" 7735
"C:/UnrealProyects/MotoresComerciales/Motorescomerciales1/MotoresComerciales/Content/FoliageLandscape/WildGrass/Wild_Grass_vlkhcbxia_Mid_vlkhcbxia_VarD_LOD2.uasset" 7736
"C:/UnrealProyects/MotoresComerciales/Motorescomerciales1/MotoresComerciales/Content/FoliageLandscape/WildGrass/Wild_Grass_vlkhcbxia_Mid_vlkhcbxia_VarD_LOD0.uasset" 7737
"C:/UnrealProyects/MotoresComerciales/Motorescomerciales1/MotoresComerciales/Content/FoliageLandscape/WildGrass/Wild_Grass_vlkhcbxia_Mid_vlkhcbxia_VarC_LOD2.uasset" 7738
"C:/UnrealProyects/MotoresComerciales/Motorescomerciales1/MotoresComerciales/Content/FoliageLandscape/WildGrass/Wild_Grass_vlkhcbxia_Mid_vlkhcbxia_VarC_LOD1.uasset" 7739
"C:/UnrealProyects/MotoresComerciales/Motorescomerciales1/MotoresComerciales/Content/FoliageLandscape/WildGrass/Wild_Grass_vlkhcbxia_Mid_vlkhcbxia_VarB_LOD2.uasset" 7740
"C:/UnrealProyects/MotoresComerciales/Motorescomerciales1/MotoresComerciales/Content/FoliageLandscape/WildGrass/Wild_Grass_vlkhcbxia_Mid_vlkhcbxia_VarC_LOD0.uasset" 7741
"C:/UnrealProyects/MotoresComerciales/Motorescomerciales1/MotoresComerciales/Content/FoliageLandscape/WildGrass/Wild_Grass_vlkhcbxia_Mid_vlkhcbxia_VarB_LOD0.uasset" 7742
"C:/UnrealProyects/MotoresComerciales/Motorescomerciales1/MotoresComerciales/Content/FoliageLandscape/WildGrass/Wild_Grass_vlkhcbxia_Mid_vlkhcbxia_VarB_LOD1.uasset" 7743
"C:/UnrealProyects/MotoresComerciales/Motorescomerciales1/MotoresComerciales/Content/FoliageLandscape/WildGrass/Wild_Grass_vlkhcbxia_Mid_vlkhcbxia_VarA_LOD2.uasset" 7744
"../../../../../../UnrealProyects/MotoresComerciales/Motorescomerciales1/MotoresComerciales/Content/Houses/House2/Material_002.uasset" 7745
"C:/UnrealProyects/MotoresComerciales/Motorescomerciales1/MotoresComerciales/Content/FoliageLandscape/WildGrass/Wild_Grass_vlkhcbxia_Mid_vlkhcbxia_VarA_LOD0.uasset" 7746
"C:/UnrealProyects/MotoresComerciales/Motorescomerciales1/MotoresComerciales/Content/FoliageLandscape/WildGrass/Wild_Grass_vlkhcbxia_Mid_vlkhcbxia_VarA_LOD1.uasset" 7747
"C:/UnrealProyects/MotoresComerciales/Motorescomerciales1/MotoresComerciales/Content/FoliageLandscape/KikuyuGrass/Kikuyu_Grass_wiljearqx_Mid_wiljearqx_VarH_LOD1.uasset" 7748
"../../../../../../UnrealProyects/MotoresComerciales/Motorescomerciales1/MotoresComerciales/Content/Houses/House1/material.uasset" 7749
"../../../../../../UnrealProyects/MotoresComerciales/Motorescomerciales1/MotoresComerciales/Content/Houses/House1/material_0.uasset" 7750
"C:/UnrealProyects/MotoresComerciales/Motorescomerciales1/MotoresComerciales/Content/FoliageLandscape/KikuyuGrass/Kikuyu_Grass_wiljearqx_Mid_wiljearqx_VarH_LOD0.uasset" 7751
"C:/UnrealProyects/MotoresComerciales/Motorescomerciales1/MotoresComerciales/Content/FoliageLandscape/StoneFlore/Japanese_Shrine_Stone_Floor_ugrxbjkfa_Low.uasset" 7752
"C:/UnrealProyects/MotoresComerciales/Motorescomerciales1/MotoresComerciales/Content/FoliageLandscape/KikuyuGrass/Kikuyu_Grass_wiljearqx_Mid_wiljearqx_VarG_LOD2.uasset" 7753
"C:/UnrealProyects/MotoresComerciales/Motorescomerciales1/MotoresComerciales/Content/FoliageLandscape/KikuyuGrass/Kikuyu_Grass_wiljearqx_Mid_wiljearqx_VarG_LOD1.uasset" 7754
"C:/UnrealProyects/MotoresComerciales/Motorescomerciales1/MotoresComerciales/Content/FoliageLandscape/KikuyuGrass/Kikuyu_Grass_wiljearqx_Mid_wiljearqx_VarH_LOD2.uasset" 7755
"C:/UnrealProyects/MotoresComerciales/Motorescomerciales1/MotoresComerciales/Content/FoliageLandscape/KikuyuGrass/Kikuyu_Grass_wiljearqx_Mid_wiljearqx_VarG_LOD0.uasset" 7756
"C:/UnrealProyects/MotoresComerciales/Motorescomerciales1/MotoresComerciales/Content/FoliageLandscape/KikuyuGrass/Kikuyu_Grass_wiljearqx_Mid_wiljearqx_VarF_LOD1.uasset" 7757
"C:/UnrealProyects/MotoresComerciales/Motorescomerciales1/MotoresComerciales/Content/FoliageLandscape/KikuyuGrass/Kikuyu_Grass_wiljearqx_Mid_wiljearqx_VarF_LOD2.uasset" 7758
"C:/UnrealProyects/MotoresComerciales/Motorescomerciales1/MotoresComerciales/Content/FoliageLandscape/KikuyuGrass/Kikuyu_Grass_wiljearqx_Mid_wiljearqx_VarF_LOD0.uasset" 7759
"C:/UnrealProyects/MotoresComerciales/Motorescomerciales1/MotoresComerciales/Content/FoliageLandscape/KikuyuGrass/Kikuyu_Grass_wiljearqx_Mid_wiljearqx_VarE_LOD2.uasset" 7760
"C:/UnrealProyects/MotoresComerciales/Motorescomerciales1/MotoresComerciales/Content/FoliageLandscape/KikuyuGrass/Kikuyu_Grass_wiljearqx_Mid_wiljearqx_VarE_LOD1.uasset" 7761
"C:/UnrealProyects/MotoresComerciales/Motorescomerciales1/MotoresComerciales/Content/FoliageLandscape/KikuyuGrass/Kikuyu_Grass_wiljearqx_Mid_wiljearqx_VarD_LOD2.uasset" 7762
"C:/UnrealProyects/MotoresComerciales/Motorescomerciales1/MotoresComerciales/Content/FoliageLandscape/KikuyuGrass/Kikuyu_Grass_wiljearqx_Mid_wiljearqx_VarC_LOD2.uasset" 7763
"C:/UnrealProyects/MotoresComerciales/Motorescomerciales1/MotoresComerciales/Content/FoliageLandscape/KikuyuGrass/Kikuyu_Grass_wiljearqx_Mid_wiljearqx_VarD_LOD0.uasset" 7764
"C:/UnrealProyects/MotoresComerciales/Motorescomerciales1/MotoresComerciales/Content/FoliageLandscape/KikuyuGrass/Kikuyu_Grass_wiljearqx_Mid_wiljearqx_VarD_LOD1.uasset" 7765
"C:/UnrealProyects/MotoresComerciales/Motorescomerciales1/MotoresComerciales/Content/FoliageLandscape/KikuyuGrass/Kikuyu_Grass_wiljearqx_Mid_wiljearqx_VarC_LOD1.uasset" 7766
"C:/UnrealProyects/MotoresComerciales/Motorescomerciales1/MotoresComerciales/Content/FoliageLandscape/KikuyuGrass/Kikuyu_Grass_wiljearqx_Mid_wiljearqx_VarB_LOD2.uasset" 7767
"C:/UnrealProyects/MotoresComerciales/Motorescomerciales1/MotoresComerciales/Content/FoliageLandscape/KikuyuGrass/Kikuyu_Grass_wiljearqx_Mid_wiljearqx_VarA_LOD2.uasset" 7768
"C:/UnrealProyects/MotoresComerciales/Motorescomerciales1/MotoresComerciales/Content/FoliageLandscape/KikuyuGrass/Kikuyu_Grass_wiljearqx_Mid_wiljearqx_VarE_LOD0.uasset" 7769
"C:/UnrealProyects/MotoresComerciales/Motorescomerciales1/MotoresComerciales/Content/FoliageLandscape/KikuyuGrass/Kikuyu_Grass_wiljearqx_Mid_wiljearqx_VarA_LOD1.uasset" 7770
"C:/UnrealProyects/MotoresComerciales/Motorescomerciales1/MotoresComerciales/Content/FoliageLandscape/KikuyuGrass/Kikuyu_Grass_wiljearqx_Mid_wiljearqx_VarC_LOD0.uasset" 7771
"C:/UnrealProyects/MotoresComerciales/Motorescomerciales1/MotoresComerciales/Content/FoliageLandscape/KikuyuGrass/Kikuyu_Grass_wiljearqx_Mid_wiljearqx_VarB_LOD1.uasset" 7772
"C:/UnrealProyects/MotoresComerciales/Motorescomerciales1/MotoresComerciales/Content/FoliageLandscape/KikuyuGrass/Kikuyu_Grass_wiljearqx_Mid_wiljearqx_VarB_LOD0.uasset" 7773
"C:/UnrealProyects/MotoresComerciales/Motorescomerciales1/MotoresComerciales/Content/Characters/Mannequins/Materials/Functions/MF_Diffraction.uasset" 7774
"C:/UnrealProyects/MotoresComerciales/Motorescomerciales1/MotoresComerciales/Content/FoliageLandscape/KikuyuGrass/Kikuyu_Grass_wiljearqx_Mid_wiljearqx_VarA_LOD0.uasset" 7775
"C:/UnrealProyects/MotoresComerciales/Motorescomerciales1/MotoresComerciales/Content/StylizedKitchen/Materials/MI_Grass.uasset" 7776
"C:/UnrealProyects/MotoresComerciales/Motorescomerciales1/MotoresComerciales/Content/StylizedKitchen/Materials/MI_Grass2.uasset" 7777
"C:/UnrealProyects/MotoresComerciales/Motorescomerciales1/MotoresComerciales/Content/MetaHumans/Common/Materials/M_BodySynthesized.uasset" 7778
"C:/UnrealProyects/MotoresComerciales/Motorescomerciales1/MotoresComerciales/Content/PN_interactiveSpruceForest/UE4_Mannequin/Mannequin/Character/Materials/M_UE4Man_Body.uasset" 7779
"C:/UnrealProyects/MotoresComerciales/Motorescomerciales1/MotoresComerciales/Content/Characters/Mannequin_UE4/Materials/M_MannequinUE4_Body.uasset" 7780
"C:/UnrealProyects/MotoresComerciales/Motorescomerciales1/MotoresComerciales/Content/PN_interactiveSpruceForest/Materials/MaterialFunctions/PN_MultiBend.uasset" 7781
"../../../Engine/Content/Functions/Engine_MaterialFunctions02/Texturing/HeightLerp.uasset" 7782
"C:/UnrealProyects/MotoresComerciales/Motorescomerciales1/MotoresComerciales/Content/LevelPrototyping/Materials/MF_ProcGrid.uasset" 7783
"C:/UnrealProyects/MotoresComerciales/Motorescomerciales1/MotoresComerciales/Content/MetaHumans/Common/Materials/Textures/Clothing/MaterialFunction/MF_PowerVariation.uasset" 7784
"../../../Engine/Content/OpenWorldTemplate/LandscapeMaterial/MF_ProcGrid.uasset" 7785
"C:/UnrealProyects/MotoresComerciales/Motorescomerciales1/MotoresComerciales/Content/MetaHumans/Common/Materials/M_Teeth.uasset" 7786
"C:/UnrealProyects/MotoresComerciales/Motorescomerciales1/MotoresComerciales/Content/MetaHumans/Common/Materials/MF_Variation.uasset" 7787
"C:/UnrealProyects/MotoresComerciales/Motorescomerciales1/MotoresComerciales/Content/MetaHumans/Common/Materials/M_PeachFuzzMaster.uasset" 7788
"C:/UnrealProyects/MotoresComerciales/Motorescomerciales1/MotoresComerciales/Content/MetaHumans/Common/Materials/M_jeans_nrm_custom_master.uasset" 7789
"C:/UnrealProyects/MotoresComerciales/Motorescomerciales1/MotoresComerciales/Content/MetaHumans/Common/Common/Mocap/mh_arkit_mapping_pose.uasset" 7790
"C:/UnrealProyects/MotoresComerciales/Motorescomerciales1/MotoresComerciales/Content/MetaHumans/Common/Male/Medium/NormalWeight/Poses/m_med_nrw_upperarm_l_pose.uasset" 7791
"C:/UnrealProyects/MotoresComerciales/Motorescomerciales1/MotoresComerciales/Content/MetaHumans/Common/Male/Medium/NormalWeight/Poses/m_med_nrw_upperarm_r_pose.uasset" 7792
"C:/UnrealProyects/MotoresComerciales/Motorescomerciales1/MotoresComerciales/Content/MetaHumans/Common/Male/Medium/NormalWeight/Poses/m_med_nrw_thumb_02_r_pose.uasset" 7793
"C:/UnrealProyects/MotoresComerciales/Motorescomerciales1/MotoresComerciales/Content/MetaHumans/Common/Male/Medium/NormalWeight/Poses/m_med_nrw_thumb_03_l_pose.uasset" 7794
"C:/UnrealProyects/MotoresComerciales/Motorescomerciales1/MotoresComerciales/Content/MetaHumans/Common/Male/Medium/NormalWeight/Poses/m_med_nrw_thumb_03_r_pose.uasset" 7795
"C:/UnrealProyects/MotoresComerciales/Motorescomerciales1/MotoresComerciales/Content/MetaHumans/Common/Male/Medium/NormalWeight/Poses/m_med_nrw_thumb_01_r_pose.uasset" 7796
"C:/UnrealProyects/MotoresComerciales/Motorescomerciales1/MotoresComerciales/Content/MetaHumans/Common/Male/Medium/NormalWeight/Poses/m_med_nrw_thigh_r_pose.uasset" 7797
"C:/UnrealProyects/MotoresComerciales/Motorescomerciales1/MotoresComerciales/Content/MetaHumans/Common/Male/Medium/NormalWeight/Poses/m_med_nrw_thumb_02_l_pose.uasset" 7798
"C:/UnrealProyects/MotoresComerciales/Motorescomerciales1/MotoresComerciales/Content/MetaHumans/Common/Male/Medium/NormalWeight/Poses/m_med_nrw_thumb_01_l_pose.uasset" 7799
"../../../../../../UnrealProyects/MotoresComerciales/Motorescomerciales1/MotoresComerciales/Content/StylizedKitchen/Textures/T_FlowerPot_ORM.uasset" 7800
"C:/UnrealProyects/MotoresComerciales/Motorescomerciales1/MotoresComerciales/Content/MetaHumans/Common/Male/Medium/NormalWeight/Poses/m_med_nrw_ring_03_r_pose.uasset" 7801
"C:/UnrealProyects/MotoresComerciales/Motorescomerciales1/MotoresComerciales/Content/MetaHumans/Common/Male/Medium/NormalWeight/Poses/m_med_nrw_ring_03_l_pose.uasset" 7802
"C:/UnrealProyects/MotoresComerciales/Motorescomerciales1/MotoresComerciales/Content/MetaHumans/Common/Male/Medium/NormalWeight/Poses/m_med_nrw_ring_02_r_pose.uasset" 7803
"../../../../../../UnrealProyects/MotoresComerciales/Motorescomerciales1/MotoresComerciales/Content/StylizedKitchen/Textures/T_FlowersPlant_BC.uasset" 7804
"C:/UnrealProyects/MotoresComerciales/Motorescomerciales1/MotoresComerciales/Content/MetaHumans/Common/Male/Medium/NormalWeight/Poses/m_med_nrw_ring_02_l_pose.uasset" 7805
"C:/UnrealProyects/MotoresComerciales/Motorescomerciales1/MotoresComerciales/Content/MetaHumans/Common/Male/Medium/NormalWeight/Poses/m_med_nrw_thigh_l_pose.uasset" 7806
"../../../../../../UnrealProyects/MotoresComerciales/Motorescomerciales1/MotoresComerciales/Content/StylizedKitchen/Textures/T_FlowersPlants_A.uasset" 7807
"C:/UnrealProyects/MotoresComerciales/Motorescomerciales1/MotoresComerciales/Content/MetaHumans/Common/Male/Medium/NormalWeight/Poses/m_med_nrw_ring_01_r_pose.uasset" 7808
"C:/UnrealProyects/MotoresComerciales/Motorescomerciales1/MotoresComerciales/Content/MetaHumans/Common/Male/Medium/NormalWeight/Poses/m_med_nrw_retarget_pose.uasset" 7809
"C:/UnrealProyects/MotoresComerciales/Motorescomerciales1/MotoresComerciales/Content/MetaHumans/Common/Male/Medium/NormalWeight/Poses/m_med_nrw_ring_01_l_pose.uasset" 7810
"../../../../../../UnrealProyects/MotoresComerciales/Motorescomerciales1/MotoresComerciales/Content/PN_interactiveSpruceForest/UE4_Mannequin/Mannequin/Character/Materials/MaterialLayers/ML_Plastic_Shiny_Beige.uasset" 7811
"../../../../../../UnrealProyects/MotoresComerciales/Motorescomerciales1/MotoresComerciales/Content/PN_interactiveSpruceForest/UE4_Mannequin/Mannequin/Character/Textures/UE4_Mannequin__normals.uasset" 7812
"C:/UnrealProyects/MotoresComerciales/Motorescomerciales1/MotoresComerciales/Content/MetaHumans/Common/Male/Medium/NormalWeight/Poses/m_med_nrw_pinky_03_r_pose.uasset" 7813
"../../../../../../UnrealProyects/MotoresComerciales/Motorescomerciales1/MotoresComerciales/Content/PN_interactiveSpruceForest/UE4_Mannequin/Mannequin/Character/Textures/UE4_Mannequin_MAT_MASKA.uasset" 7814
"C:/UnrealProyects/MotoresComerciales/Motorescomerciales1/MotoresComerciales/Content/MetaHumans/Common/Male/Medium/NormalWeight/Poses/m_med_nrw_pinky_02_r_pose.uasset" 7815
"C:/UnrealProyects/MotoresComerciales/Motorescomerciales1/MotoresComerciales/Content/MetaHumans/Common/Male/Medium/NormalWeight/Poses/m_med_nrw_pinky_03_l_pose.uasset" 7816
"../../../../../../UnrealProyects/MotoresComerciales/Motorescomerciales1/MotoresComerciales/Content/Characters/Mannequin_UE4/Materials/Layers/ML_ShinyPlastic_Beige.uasset" 7817
"C:/UnrealProyects/MotoresComerciales/Motorescomerciales1/MotoresComerciales/Content/MetaHumans/Common/Male/Medium/NormalWeight/Poses/m_med_nrw_pinky_02_l_pose.uasset" 7818
"C:/UnrealProyects/MotoresComerciales/Motorescomerciales1/MotoresComerciales/Content/MetaHumans/Common/Male/Medium/NormalWeight/Poses/m_med_nrw_pinky_01_r_pose.uasset" 7819
"C:/UnrealProyects/MotoresComerciales/Motorescomerciales1/MotoresComerciales/Content/MetaHumans/Common/Male/Medium/NormalWeight/Poses/m_med_nrw_pinky_01_l_pose.uasset" 7820
"../../../../../../UnrealProyects/MotoresComerciales/Motorescomerciales1/MotoresComerciales/Content/MetaHumans/Common/Materials/SP_TeethCharacterCreator.uasset" 7821
"C:/UnrealProyects/MotoresComerciales/Motorescomerciales1/MotoresComerciales/Content/MetaHumans/Common/Male/Medium/NormalWeight/Poses/m_med_nrw_middle_03_r_pose.uasset" 7822
"C:/UnrealProyects/MotoresComerciales/Motorescomerciales1/MotoresComerciales/Content/MetaHumans/Common/Male/Medium/NormalWeight/Poses/m_med_nrw_middle_03_l_pose.uasset" 7823
"C:/UnrealProyects/MotoresComerciales/Motorescomerciales1/MotoresComerciales/Content/MetaHumans/Common/Male/Medium/NormalWeight/Poses/m_med_nrw_middle_02_r_pose.uasset" 7824
"C:/UnrealProyects/MotoresComerciales/Motorescomerciales1/MotoresComerciales/Content/MetaHumans/Common/Male/Medium/NormalWeight/Poses/m_med_nrw_middle_02_l_pose.uasset" 7825
"C:/UnrealProyects/MotoresComerciales/Motorescomerciales1/MotoresComerciales/Content/MetaHumans/Common/Male/Medium/NormalWeight/Poses/m_med_nrw_middle_01_r_pose.uasset" 7826
"C:/UnrealProyects/MotoresComerciales/Motorescomerciales1/MotoresComerciales/Content/MetaHumans/Common/Male/Medium/NormalWeight/Poses/m_med_nrw_middle_01_l_pose.uasset" 7827
"C:/UnrealProyects/MotoresComerciales/Motorescomerciales1/MotoresComerciales/Content/MetaHumans/Common/Male/Medium/NormalWeight/Poses/m_med_nrw_lowerarm_r_pose.uasset" 7828
"C:/UnrealProyects/MotoresComerciales/Motorescomerciales1/MotoresComerciales/Content/MetaHumans/Common/Male/Medium/NormalWeight/Poses/m_med_nrw_lowerarm_l_pose.uasset" 7829
"C:/UnrealProyects/MotoresComerciales/Motorescomerciales1/MotoresComerciales/Content/MetaHumans/Common/Male/Medium/NormalWeight/Poses/m_med_nrw_index_03_r_pose.uasset" 7830
"C:/UnrealProyects/MotoresComerciales/Motorescomerciales1/MotoresComerciales/Content/MetaHumans/Common/Male/Medium/NormalWeight/Poses/m_med_nrw_index_03_l_pose.uasset" 7831
"C:/UnrealProyects/MotoresComerciales/Motorescomerciales1/MotoresComerciales/Content/MetaHumans/Common/Male/Medium/NormalWeight/Poses/m_med_nrw_index_02_r_pose.uasset" 7832
"C:/UnrealProyects/MotoresComerciales/Motorescomerciales1/MotoresComerciales/Content/MetaHumans/Common/Male/Medium/NormalWeight/Poses/m_med_nrw_index_02_l_pose.uasset" 7833
"C:/UnrealProyects/MotoresComerciales/Motorescomerciales1/MotoresComerciales/Content/MetaHumans/Common/Male/Medium/NormalWeight/Poses/m_med_nrw_index_01_r_pose.uasset" 7834
"C:/UnrealProyects/MotoresComerciales/Motorescomerciales1/MotoresComerciales/Content/MetaHumans/Common/Male/Medium/NormalWeight/Poses/m_med_nrw_index_01_l_pose.uasset" 7835
"C:/UnrealProyects/MotoresComerciales/Motorescomerciales1/MotoresComerciales/Content/MetaHumans/Common/Male/Medium/NormalWeight/Poses/m_med_nrw_hand_r_pose.uasset" 7836
"C:/UnrealProyects/MotoresComerciales/Motorescomerciales1/MotoresComerciales/Content/MetaHumans/Common/Male/Medium/NormalWeight/Poses/m_med_nrw_hand_l_pose.uasset" 7837
"C:/UnrealProyects/MotoresComerciales/Motorescomerciales1/MotoresComerciales/Content/MetaHumans/Common/Male/Medium/NormalWeight/Poses/m_med_nrw_foot_r_pose.uasset" 7838
"C:/UnrealProyects/MotoresComerciales/Motorescomerciales1/MotoresComerciales/Content/MetaHumans/Common/Male/Medium/NormalWeight/Poses/m_med_nrw_foot_l_pose.uasset" 7839
"C:/UnrealProyects/MotoresComerciales/Motorescomerciales1/MotoresComerciales/Content/MetaHumans/Common/Male/Medium/NormalWeight/Poses/m_med_nrw_clavicle_r_pose.uasset" 7840
"C:/UnrealProyects/MotoresComerciales/Motorescomerciales1/MotoresComerciales/Content/MetaHumans/Common/Male/Medium/NormalWeight/Poses/m_med_nrw_clavicle_l_pose.uasset" 7841
"C:/UnrealProyects/MotoresComerciales/Motorescomerciales1/MotoresComerciales/Content/MetaHumans/Common/Male/Medium/NormalWeight/Poses/m_med_nrw_calf_r_pose.uasset" 7842
"C:/UnrealProyects/MotoresComerciales/Motorescomerciales1/MotoresComerciales/Content/MetaHumans/Common/Male/Medium/NormalWeight/Poses/m_med_nrw_calf_l_pose.uasset" 7843
"C:/UnrealProyects/MotoresComerciales/Motorescomerciales1/MotoresComerciales/Content/MetaHumans/Common/Female/Medium/NormalWeight/Poses/f_med_nrw_upperarm_r_pose.uasset" 7844
"C:/UnrealProyects/MotoresComerciales/Motorescomerciales1/MotoresComerciales/Content/MetaHumans/Common/Female/Medium/NormalWeight/Poses/f_med_nrw_upperarm_l_pose.uasset" 7845
"C:/UnrealProyects/MotoresComerciales/Motorescomerciales1/MotoresComerciales/Content/MetaHumans/Common/Female/Medium/NormalWeight/Poses/f_med_nrw_thumb_03_r_pose.uasset" 7846
"C:/UnrealProyects/MotoresComerciales/Motorescomerciales1/MotoresComerciales/Content/MetaHumans/Common/Female/Medium/NormalWeight/Poses/f_med_nrw_thumb_03_l_pose.uasset" 7847
"C:/UnrealProyects/MotoresComerciales/Motorescomerciales1/MotoresComerciales/Content/MetaHumans/Common/Female/Medium/NormalWeight/Poses/f_med_nrw_thumb_02_r_pose.uasset" 7848
"C:/UnrealProyects/MotoresComerciales/Motorescomerciales1/MotoresComerciales/Content/MetaHumans/Common/Female/Medium/NormalWeight/Poses/f_med_nrw_thumb_02_l_pose.uasset" 7849
"C:/UnrealProyects/MotoresComerciales/Motorescomerciales1/MotoresComerciales/Content/MetaHumans/Common/Female/Medium/NormalWeight/Poses/f_med_nrw_thumb_01_r_pose.uasset" 7850
"C:/UnrealProyects/MotoresComerciales/Motorescomerciales1/MotoresComerciales/Content/MetaHumans/Common/Female/Medium/NormalWeight/Poses/f_med_nrw_thumb_01_l_pose.uasset" 7851
"C:/UnrealProyects/MotoresComerciales/Motorescomerciales1/MotoresComerciales/Content/MetaHumans/Common/Female/Medium/NormalWeight/Poses/f_med_nrw_thigh_r_pose.uasset" 7852
"C:/UnrealProyects/MotoresComerciales/Motorescomerciales1/MotoresComerciales/Content/MetaHumans/Common/Female/Medium/NormalWeight/Poses/f_med_nrw_thigh_l_pose.uasset" 7853
"C:/UnrealProyects/MotoresComerciales/Motorescomerciales1/MotoresComerciales/Content/MetaHumans/Common/Female/Medium/NormalWeight/Poses/f_med_nrw_ring_03_r_pose.uasset" 7854
"C:/UnrealProyects/MotoresComerciales/Motorescomerciales1/MotoresComerciales/Content/MetaHumans/Common/Female/Medium/NormalWeight/Poses/f_med_nrw_ring_03_l_pose.uasset" 7855
"C:/UnrealProyects/MotoresComerciales/Motorescomerciales1/MotoresComerciales/Content/MetaHumans/Common/Female/Medium/NormalWeight/Poses/f_med_nrw_ring_02_r_pose.uasset" 7856
"C:/UnrealProyects/MotoresComerciales/Motorescomerciales1/MotoresComerciales/Content/MetaHumans/Common/Female/Medium/NormalWeight/Poses/f_med_nrw_ring_02_l_pose.uasset" 7857
"C:/UnrealProyects/MotoresComerciales/Motorescomerciales1/MotoresComerciales/Content/MetaHumans/Common/Female/Medium/NormalWeight/Poses/f_med_nrw_ring_01_r_pose.uasset" 7858
"C:/UnrealProyects/MotoresComerciales/Motorescomerciales1/MotoresComerciales/Content/MetaHumans/Common/Female/Medium/NormalWeight/Poses/f_med_nrw_ring_01_l_pose.uasset" 7859
"C:/UnrealProyects/MotoresComerciales/Motorescomerciales1/MotoresComerciales/Content/MetaHumans/Common/Female/Medium/NormalWeight/Poses/f_med_nrw_pinky_03_r_pose.uasset" 7860
"C:/UnrealProyects/MotoresComerciales/Motorescomerciales1/MotoresComerciales/Content/MetaHumans/Common/Female/Medium/NormalWeight/Poses/f_med_nrw_pinky_03_l_pose.uasset" 7861
"C:/UnrealProyects/MotoresComerciales/Motorescomerciales1/MotoresComerciales/Content/MetaHumans/Common/Female/Medium/NormalWeight/Poses/f_med_nrw_pinky_02_r_pose.uasset" 7862
"C:/UnrealProyects/MotoresComerciales/Motorescomerciales1/MotoresComerciales/Content/MetaHumans/Common/Female/Medium/NormalWeight/Poses/f_med_nrw_pinky_02_l_pose.uasset" 7863
"C:/UnrealProyects/MotoresComerciales/Motorescomerciales1/MotoresComerciales/Content/MetaHumans/Common/Female/Medium/NormalWeight/Poses/f_med_nrw_pinky_01_r_pose.uasset" 7864
"C:/UnrealProyects/MotoresComerciales/Motorescomerciales1/MotoresComerciales/Content/MetaHumans/Common/Female/Medium/NormalWeight/Poses/f_med_nrw_pinky_01_l_pose.uasset" 7865
"C:/UnrealProyects/MotoresComerciales/Motorescomerciales1/MotoresComerciales/Content/MetaHumans/Common/Female/Medium/NormalWeight/Poses/f_med_nrw_middle_03_r_pose.uasset" 7866
"C:/UnrealProyects/MotoresComerciales/Motorescomerciales1/MotoresComerciales/Content/MetaHumans/Common/Female/Medium/NormalWeight/Poses/f_med_nrw_middle_03_l_pose.uasset" 7867
"C:/UnrealProyects/MotoresComerciales/Motorescomerciales1/MotoresComerciales/Content/MetaHumans/Common/Female/Medium/NormalWeight/Poses/f_med_nrw_middle_02_r_pose.uasset" 7868
"C:/UnrealProyects/MotoresComerciales/Motorescomerciales1/MotoresComerciales/Content/MetaHumans/Common/Female/Medium/NormalWeight/Poses/f_med_nrw_middle_02_l_pose.uasset" 7869
"C:/UnrealProyects/MotoresComerciales/Motorescomerciales1/MotoresComerciales/Content/MetaHumans/Common/Female/Medium/NormalWeight/Poses/f_med_nrw_middle_01_r_pose.uasset" 7870
"C:/UnrealProyects/MotoresComerciales/Motorescomerciales1/MotoresComerciales/Content/MetaHumans/Common/Female/Medium/NormalWeight/Poses/f_med_nrw_middle_01_l_pose.uasset" 7871
"C:/UnrealProyects/MotoresComerciales/Motorescomerciales1/MotoresComerciales/Content/MetaHumans/Common/Female/Medium/NormalWeight/Poses/f_med_nrw_lowerarm_r_pose.uasset" 7872
"C:/UnrealProyects/MotoresComerciales/Motorescomerciales1/MotoresComerciales/Content/MetaHumans/Common/Female/Medium/NormalWeight/Poses/f_med_nrw_lowerarm_l_pose.uasset" 7873
"C:/UnrealProyects/MotoresComerciales/Motorescomerciales1/MotoresComerciales/Content/MetaHumans/Common/Female/Medium/NormalWeight/Poses/f_med_nrw_index_03_r_pose.uasset" 7874
"C:/UnrealProyects/MotoresComerciales/Motorescomerciales1/MotoresComerciales/Content/MetaHumans/Common/Female/Medium/NormalWeight/Poses/f_med_nrw_index_03_l_pose.uasset" 7875
"C:/UnrealProyects/MotoresComerciales/Motorescomerciales1/MotoresComerciales/Content/MetaHumans/Common/Female/Medium/NormalWeight/Poses/f_med_nrw_index_02_r_pose.uasset" 7876
"C:/UnrealProyects/MotoresComerciales/Motorescomerciales1/MotoresComerciales/Content/MetaHumans/Common/Female/Medium/NormalWeight/Poses/f_med_nrw_index_02_l_pose.uasset" 7877
"C:/UnrealProyects/MotoresComerciales/Motorescomerciales1/MotoresComerciales/Content/MetaHumans/Common/Female/Medium/NormalWeight/Poses/f_med_nrw_index_01_r_pose.uasset" 7878
"C:/UnrealProyects/MotoresComerciales/Motorescomerciales1/MotoresComerciales/Content/MetaHumans/Common/Female/Medium/NormalWeight/Poses/f_med_nrw_index_01_l_pose.uasset" 7879
"C:/UnrealProyects/MotoresComerciales/Motorescomerciales1/MotoresComerciales/Content/MetaHumans/Common/Female/Medium/NormalWeight/Poses/f_med_nrw_hand_r_pose.uasset" 7880
"C:/UnrealProyects/MotoresComerciales/Motorescomerciales1/MotoresComerciales/Content/MetaHumans/Common/Female/Medium/NormalWeight/Poses/f_med_nrw_hand_l_pose.uasset" 7881
"C:/UnrealProyects/MotoresComerciales/Motorescomerciales1/MotoresComerciales/Content/MetaHumans/Common/Female/Medium/NormalWeight/Poses/f_med_nrw_foot_r_pose.uasset" 7882
"C:/UnrealProyects/MotoresComerciales/Motorescomerciales1/MotoresComerciales/Content/MetaHumans/Common/Female/Medium/NormalWeight/Poses/f_med_nrw_foot_l_pose.uasset" 7883
"C:/UnrealProyects/MotoresComerciales/Motorescomerciales1/MotoresComerciales/Content/MetaHumans/Common/Female/Medium/NormalWeight/Poses/f_med_nrw_clavicle_r_pose.uasset" 7884
"C:/UnrealProyects/MotoresComerciales/Motorescomerciales1/MotoresComerciales/Content/MetaHumans/Common/Female/Medium/NormalWeight/Poses/f_med_nrw_clavicle_l_pose.uasset" 7885
"C:/UnrealProyects/MotoresComerciales/Motorescomerciales1/MotoresComerciales/Content/MetaHumans/Common/Female/Medium/NormalWeight/Poses/f_med_nrw_calf_r_pose.uasset" 7886
"C:/UnrealProyects/MotoresComerciales/Motorescomerciales1/MotoresComerciales/Content/MetaHumans/Common/Female/Medium/NormalWeight/Poses/f_med_nrw_calf_l_pose.uasset" 7887
"C:/UnrealProyects/MotoresComerciales/Motorescomerciales1/MotoresComerciales/Content/MetaHumans/Common/Face/neckPoses/neckCorr_m_tal_unw_RBFSolver_pose.uasset" 7888
"C:/UnrealProyects/MotoresComerciales/Motorescomerciales1/MotoresComerciales/Content/MetaHumans/Common/Face/neckPoses/neckCorr_m_tal_ovw_RBFSolver_pose.uasset" 7889
"C:/UnrealProyects/MotoresComerciales/Motorescomerciales1/MotoresComerciales/Content/MetaHumans/Common/Face/neckPoses/neckCorr_m_tal_nrw_RBFSolver_pose.uasset" 7890
"C:/UnrealProyects/MotoresComerciales/Motorescomerciales1/MotoresComerciales/Content/MetaHumans/Common/Face/neckPoses/neckCorr_m_srt_unw_RBFSolver_pose.uasset" 7891
"C:/UnrealProyects/MotoresComerciales/Motorescomerciales1/MotoresComerciales/Content/MetaHumans/Common/Face/neckPoses/neckCorr_m_srt_ovw_RBFSolver_pose.uasset" 7892
"C:/UnrealProyects/MotoresComerciales/Motorescomerciales1/MotoresComerciales/Content/MetaHumans/Common/Face/neckPoses/neckCorr_m_srt_nrw_RBFSolver_pose.uasset" 7893
"C:/UnrealProyects/MotoresComerciales/Motorescomerciales1/MotoresComerciales/Content/MetaHumans/Common/Face/neckPoses/neckCorr_m_med_unw_RBFSolver_pose.uasset" 7894
"C:/UnrealProyects/MotoresComerciales/Motorescomerciales1/MotoresComerciales/Content/MetaHumans/Common/Face/neckPoses/neckCorr_m_med_ovw_RBFSolver_pose.uasset" 7895
"C:/UnrealProyects/MotoresComerciales/Motorescomerciales1/MotoresComerciales/Content/MetaHumans/Common/Face/neckPoses/neckCorr_m_med_nrw_RBFSolver_pose.uasset" 7896
"C:/UnrealProyects/MotoresComerciales/Motorescomerciales1/MotoresComerciales/Content/MetaHumans/Common/Face/neckPoses/neckCorr_f_tal_unw_RBFSolver_pose.uasset" 7897
"C:/UnrealProyects/MotoresComerciales/Motorescomerciales1/MotoresComerciales/Content/MetaHumans/Common/Face/neckPoses/neckCorr_f_tal_ovw_RBFSolver_pose.uasset" 7898
"C:/UnrealProyects/MotoresComerciales/Motorescomerciales1/MotoresComerciales/Content/MetaHumans/Common/Face/neckPoses/neckCorr_f_tal_nrw_RBFSolver_pose.uasset" 7899
"C:/UnrealProyects/MotoresComerciales/Motorescomerciales1/MotoresComerciales/Content/MetaHumans/Common/Face/neckPoses/neckCorr_f_srt_unw_RBFSolver_pose.uasset" 7900
"C:/UnrealProyects/MotoresComerciales/Motorescomerciales1/MotoresComerciales/Content/MetaHumans/Common/Face/neckPoses/neckCorr_f_srt_ovw_RBFSolver_pose.uasset" 7901
"C:/UnrealProyects/MotoresComerciales/Motorescomerciales1/MotoresComerciales/Content/MetaHumans/Common/Face/neckPoses/neckCorr_f_srt_nrw_RBFSolver_pose.uasset" 7902
"C:/UnrealProyects/MotoresComerciales/Motorescomerciales1/MotoresComerciales/Content/MetaHumans/Common/Face/neckPoses/neckCorr_f_med_unw_RBFSolver_pose.uasset" 7903
"C:/UnrealProyects/MotoresComerciales/Motorescomerciales1/MotoresComerciales/Content/MetaHumans/Common/Face/neckPoses/neckCorr_f_med_ovw_RBFSolver_pose.uasset" 7904
"C:/UnrealProyects/MotoresComerciales/Motorescomerciales1/MotoresComerciales/Content/MetaHumans/Common/Face/neckPoses/neckCorr_f_med_nrw_RBFSolver_pose.uasset" 7905
"C:/UnrealProyects/MotoresComerciales/Motorescomerciales1/MotoresComerciales/Content/Characters/Mannequins/Rigs/Poses/Quinn/Quinn_upperarm_r_pose.uasset" 7906
"C:/UnrealProyects/MotoresComerciales/Motorescomerciales1/MotoresComerciales/Content/Characters/Mannequins/Rigs/Poses/Quinn/Quinn_upperarm_l_pose.uasset" 7907
"C:/UnrealProyects/MotoresComerciales/Motorescomerciales1/MotoresComerciales/Content/Characters/Mannequins/Rigs/Poses/Quinn/Quinn_thigh_r_pose.uasset" 7908
"C:/UnrealProyects/MotoresComerciales/Motorescomerciales1/MotoresComerciales/Content/Characters/Mannequins/Rigs/Poses/Quinn/Quinn_thigh_l_pose.uasset" 7909
"C:/UnrealProyects/MotoresComerciales/Motorescomerciales1/MotoresComerciales/Content/Characters/Mannequins/Rigs/Poses/Quinn/Quinn_lowerarm_r_pose.uasset" 7910
"C:/UnrealProyects/MotoresComerciales/Motorescomerciales1/MotoresComerciales/Content/Characters/Mannequins/Rigs/Poses/Quinn/Quinn_lowerarm_l_pose.uasset" 7911
"C:/UnrealProyects/MotoresComerciales/Motorescomerciales1/MotoresComerciales/Content/Characters/Mannequins/Rigs/Poses/Quinn/Quinn_hand_r_pose.uasset" 7912
"C:/UnrealProyects/MotoresComerciales/Motorescomerciales1/MotoresComerciales/Content/Characters/Mannequins/Rigs/Poses/Quinn/Quinn_hand_l_pose.uasset" 7913
"C:/UnrealProyects/MotoresComerciales/Motorescomerciales1/MotoresComerciales/Content/Characters/Mannequins/Rigs/Poses/Quinn/Quinn_foot_r_pose.uasset" 7914
"C:/UnrealProyects/MotoresComerciales/Motorescomerciales1/MotoresComerciales/Content/Characters/Mannequins/Rigs/Poses/Quinn/Quinn_foot_l_pose.uasset" 7915
"C:/UnrealProyects/MotoresComerciales/Motorescomerciales1/MotoresComerciales/Content/Characters/Mannequins/Rigs/Poses/Quinn/Quinn_clavicle_r_pose.uasset" 7916
"C:/UnrealProyects/MotoresComerciales/Motorescomerciales1/MotoresComerciales/Content/Characters/Mannequins/Rigs/Poses/Quinn/Quinn_clavicle_l_pose.uasset" 7917
"C:/UnrealProyects/MotoresComerciales/Motorescomerciales1/MotoresComerciales/Content/Characters/Mannequins/Rigs/Poses/Quinn/Quinn_calf_r_pose.uasset" 7918
"C:/UnrealProyects/MotoresComerciales/Motorescomerciales1/MotoresComerciales/Content/Characters/Mannequins/Rigs/Poses/Quinn/Quinn_calf_l_pose.uasset" 7919
"C:/UnrealProyects/MotoresComerciales/Motorescomerciales1/MotoresComerciales/Content/Characters/Mannequins/Rigs/Poses/Manny/Manny_upperarm_r_pose.uasset" 7920
"C:/UnrealProyects/MotoresComerciales/Motorescomerciales1/MotoresComerciales/Content/Characters/Mannequins/Rigs/Poses/Manny/Manny_upperarm_l_pose.uasset" 7921
"C:/UnrealProyects/MotoresComerciales/Motorescomerciales1/MotoresComerciales/Content/Characters/Mannequins/Rigs/Poses/Manny/Manny_thigh_r_pose.uasset" 7922
"C:/UnrealProyects/MotoresComerciales/Motorescomerciales1/MotoresComerciales/Content/Characters/Mannequins/Rigs/Poses/Manny/Manny_thigh_l_pose.uasset" 7923
"C:/UnrealProyects/MotoresComerciales/Motorescomerciales1/MotoresComerciales/Content/Characters/Mannequins/Rigs/Poses/Manny/Manny_lowerarm_r_pose.uasset" 7924
"C:/UnrealProyects/MotoresComerciales/Motorescomerciales1/MotoresComerciales/Content/Characters/Mannequins/Rigs/Poses/Manny/Manny_lowerarm_l_pose.uasset" 7925
"C:/UnrealProyects/MotoresComerciales/Motorescomerciales1/MotoresComerciales/Content/Characters/Mannequins/Rigs/Poses/Manny/Manny_hand_r_pose.uasset" 7926
"C:/UnrealProyects/MotoresComerciales/Motorescomerciales1/MotoresComerciales/Content/Characters/Mannequins/Rigs/Poses/Manny/Manny_hand_l_pose.uasset" 7927
"C:/UnrealProyects/MotoresComerciales/Motorescomerciales1/MotoresComerciales/Content/Characters/Mannequins/Rigs/Poses/Manny/Manny_foot_r_pose.uasset" 7928
"C:/UnrealProyects/MotoresComerciales/Motorescomerciales1/MotoresComerciales/Content/Characters/Mannequins/Rigs/Poses/Manny/Manny_foot_l_pose.uasset" 7929
"C:/UnrealProyects/MotoresComerciales/Motorescomerciales1/MotoresComerciales/Content/Characters/Mannequins/Rigs/Poses/Manny/Manny_clavicle_r_pose.uasset" 7930
"C:/UnrealProyects/MotoresComerciales/Motorescomerciales1/MotoresComerciales/Content/Characters/Mannequins/Rigs/Poses/Manny/Manny_clavicle_l_pose.uasset" 7931
"C:/UnrealProyects/MotoresComerciales/Motorescomerciales1/MotoresComerciales/Content/Characters/Mannequins/Rigs/Poses/Manny/Manny_calf_r_pose.uasset" 7932
"C:/UnrealProyects/MotoresComerciales/Motorescomerciales1/MotoresComerciales/Content/Characters/Mannequins/Rigs/Poses/Manny/Manny_calf_l_pose.uasset" 7933
"C:/UnrealProyects/MotoresComerciales/Motorescomerciales1/MotoresComerciales/Content/Characters/Mannequins/Animations/Quinn/BS_MF_Unarmed_WalkRun.uasset" 7934
"C:/UnrealProyects/MotoresComerciales/Motorescomerciales1/MotoresComerciales/Content/Characters/Mannequins/Animations/Manny/BS_MM_WalkRun.uasset" 7935
"../../../Engine/Content/EngineSky/SM_SkySphere.uasset" 7936
"C:/UnrealProyects/MotoresComerciales/Motorescomerciales1/MotoresComerciales/Content/MetaHumans/Common/Face/MaterialFunctions/Eye/MF_ParallaxOcclusionMappingEye.uasset" 7937
"../../../Engine/Plugins/Interchange/Runtime/Content/Functions/MX_OpenPBR_Opaque.uasset" 7938
"../../../Engine/Plugins/Interchange/Runtime/Content/gltf/M_Unlit.uasset" 7939
"../../../Engine/Plugins/Interchange/Runtime/Content/Functions/MX_TransmissionSurface.uasset" 7940
"C:/UnrealProyects/MotoresComerciales/Motorescomerciales1/MotoresComerciales/Content/MetaHumans/Common/Materials/M_Eyelashes_Cards.uasset" 7941
"../../../Engine/Content/Functions/Engine_MaterialFunctions02/Utility/DebugFloat2Values.uasset" 7942
"C:/UnrealProyects/MotoresComerciales/Motorescomerciales1/MotoresComerciales/Content/Textures/HDRI/Blueprints/BP_SkySphere_HDRI.uasset" 7943
"C:/UnrealProyects/MotoresComerciales/Motorescomerciales1/MotoresComerciales/Content/PN_interactiveSpruceForest/UE4_Mannequin/Mannequin/Animations/ThirdPerson_AnimBP.uasset" 7944
"C:/UnrealProyects/MotoresComerciales/Motorescomerciales1/MotoresComerciales/Content/MetaHumans/Common/Face/MaterialFunctions/Head/MF_HeadMask_03A.uasset" 7945
"C:/UnrealProyects/MotoresComerciales/Motorescomerciales1/MotoresComerciales/Content/MetaHumans/Common/Face/MaterialFunctions/Head/MF_HeadMask_02A.uasset" 7946
"C:/UnrealProyects/MotoresComerciales/Motorescomerciales1/MotoresComerciales/Content/MetaHumans/Common/Face/MaterialFunctions/Head/MF_HeadMask_01A.uasset" 7947
"C:/UnrealProyects/MotoresComerciales/Motorescomerciales1/MotoresComerciales/Content/Characters/Mannequins/Materials/M_Mannequin.uasset" 7948
"C:/UnrealProyects/MotoresComerciales/Motorescomerciales1/MotoresComerciales/Content/MetaHumans/Common/Face/Materials/MI_lacrimal_fluid_Inst.uasset" 7949
"C:/UnrealProyects/MotoresComerciales/Motorescomerciales1/MotoresComerciales/Content/MetaHumans/Vincent/Materials/M_BodySynthesized.uasset" 7950
"C:/UnrealProyects/MotoresComerciales/Motorescomerciales1/MotoresComerciales/Content/PN_interactiveSpruceForest/UE4_Mannequin/Mannequin/Character/Materials/M_UE4Man_ChestLogo.uasset" 7951
"C:/UnrealProyects/MotoresComerciales/Motorescomerciales1/MotoresComerciales/Content/Characters/Mannequin_UE4/Materials/M_MannequinUE4_ChestLogo.uasset" 7952
"C:/UnrealProyects/MotoresComerciales/Motorescomerciales1/MotoresComerciales/Content/PN_interactiveSpruceForest/Materials/MaterialFunctions/PN_AnimationShader.uasset" 7953
"C:/UnrealProyects/MotoresComerciales/Motorescomerciales1/MotoresComerciales/Content/LevelPrototyping/Materials/M_PrototypeGrid.uasset" 7954
"C:/UnrealProyects/MotoresComerciales/Motorescomerciales1/MotoresComerciales/Content/PN_interactiveSpruceForest/Materials/MasterMaterials/MA_GroundWinter.uasset" 7955
"../../../Engine/Content/OpenWorldTemplate/LandscapeMaterial/M_ProcGrid.uasset" 7956
"C:/UnrealProyects/MotoresComerciales/Motorescomerciales1/MotoresComerciales/Content/MetaHumans/Common/Materials/M_fabric_simpler.uasset" 7957
"C:/UnrealProyects/MotoresComerciales/Motorescomerciales1/MotoresComerciales/Content/MetaHumans/Common/Materials/M_TeethCharacterCreator_Inst.uasset" 7958
"C:/UnrealProyects/MotoresComerciales/Motorescomerciales1/MotoresComerciales/Content/MetaHumans/Common/Materials/MI_PeachFuzz.uasset" 7959
"C:/UnrealProyects/MotoresComerciales/Motorescomerciales1/MotoresComerciales/Content/MetaHumans/Common/Materials/MF_Hair_SaltAndPeper.uasset" 7960
"C:/UnrealProyects/MotoresComerciales/Motorescomerciales1/MotoresComerciales/Content/MetaHumans/Common/Materials/MF_Hair_Color.uasset" 7961
"C:/UnrealProyects/MotoresComerciales/Motorescomerciales1/MotoresComerciales/Content/MetaHumans/Common/Materials/Jeans/M_btm_jeans_nrm.uasset" 7962
"C:/UnrealProyects/MotoresComerciales/Motorescomerciales1/MotoresComerciales/Content/MetaHumans/Common/Male/Medium/NormalWeight/Body/m_med_nrw_animbp.uasset" 7963
"C:/UnrealProyects/MotoresComerciales/Motorescomerciales1/MotoresComerciales/Content/MetaHumans/Common/Female/Medium/NormalWeight/Body/f_med_nrw_animbp.uasset" 7964
"C:/UnrealProyects/MotoresComerciales/Motorescomerciales1/MotoresComerciales/Content/MetaHumans/Common/Face/Face_AnimBP.uasset" 7965
"C:/UnrealProyects/MotoresComerciales/Motorescomerciales1/MotoresComerciales/Content/MetaHumans/Common/Face/Face_PostProcess_AnimBP.uasset" 7966
"C:/UnrealProyects/MotoresComerciales/Motorescomerciales1/MotoresComerciales/Content/Characters/Mannequins/Rigs/ABP_Quinn_PostProcess.uasset" 7967
"C:/UnrealProyects/MotoresComerciales/Motorescomerciales1/MotoresComerciales/Content/Characters/Mannequins/Animations/ABP_Manny.uasset" 7968
"C:/UnrealProyects/MotoresComerciales/Motorescomerciales1/MotoresComerciales/Content/Characters/Mannequins/Rigs/ABP_Manny_PostProcess.uasset" 7969
"../../../Engine/Content/EngineSky/BP_Sky_Sphere.uasset" 7970
"C:/UnrealProyects/MotoresComerciales/Motorescomerciales1/MotoresComerciales/Content/MetaHumans/Common/Face/Materials/M_EyeRefractive.uasset" 7971
"../../../Engine/Plugins/Interchange/Runtime/Content/gltf/MaterialInstances/MI_Unlit_Blend_DS.uasset" 7972
"../../../Engine/Plugins/Interchange/Runtime/Content/gltf/MaterialInstances/MI_Unlit_Mask_DS.uasset" 7973
"../../../Engine/Plugins/Interchange/Runtime/Content/gltf/MaterialInstances/MI_Unlit_Opaque_DS.uasset" 7974
"../../../Engine/Plugins/Interchange/Runtime/Content/gltf/MaterialInstances/MI_Unlit_Blend.uasset" 7975
"../../../../../../UnrealProyects/MotoresComerciales/Motorescomerciales1/MotoresComerciales/Content/Characters/Mannequins/Materials/Functions/ML_BaseColorFallOff.uasset" 7976
"../../../Engine/Plugins/Interchange/Runtime/Content/gltf/MaterialInstances/MI_Unlit_Mask.uasset" 7977
"../../../Engine/Plugins/Interchange/Runtime/Content/gltf/MaterialInstances/MI_Unlit_Opaque.uasset" 7978
"../../../Engine/Plugins/Interchange/Runtime/Content/Functions/MX_OpenPBR_Translucent.uasset" 7979
"C:/UnrealProyects/MotoresComerciales/Motorescomerciales1/MotoresComerciales/Content/MetaHumans/Common/Materials/M_EyeLash_HigherLODs_Inst.uasset" 7980
"C:/UnrealProyects/MotoresComerciales/Motorescomerciales1/MotoresComerciales/Content/MetaHumans/Common/Materials/M_EyelashLowerLODs_Inst.uasset" 7981
"../../../Engine/Content/Functions/Engine_MaterialFunctions02/Texturing/FlipBook.uasset" 7982
"../../../../../../UnrealProyects/MotoresComerciales/Motorescomerciales1/MotoresComerciales/Content/PN_interactiveSpruceForest/UE4_Mannequin/Mannequin/Character/Textures/UE4Man_Logo_N.uasset" 7983
"C:/UnrealProyects/MotoresComerciales/Motorescomerciales1/MotoresComerciales/Content/Characters/Mannequins/Materials/Instances/Quinn/MI_Quinn_01.uasset" 7984
"C:/UnrealProyects/MotoresComerciales/Motorescomerciales1/MotoresComerciales/Content/MetaHumans/Common/Face/MaterialFunctions/MF_AnimatedMaps.uasset" 7985
"C:/UnrealProyects/MotoresComerciales/Motorescomerciales1/MotoresComerciales/Content/Characters/Mannequins/Materials/Instances/Manny/MI_Manny_01.uasset" 7986
"../../../../../../UnrealProyects/MotoresComerciales/Motorescomerciales1/MotoresComerciales/Content/PN_interactiveSpruceForest/Textures/MasterTextures/CoverTextures/Snow_A.uasset" 7987
"C:/UnrealProyects/MotoresComerciales/Motorescomerciales1/MotoresComerciales/Content/PN_interactiveSpruceForest/UE4_Mannequin/Mannequin/Character/Mesh/SK_Mannequin.uasset" 7988
"../../../../../../UnrealProyects/MotoresComerciales/Motorescomerciales1/MotoresComerciales/Content/PN_interactiveSpruceForest/Textures/MasterTextures/CoverTextures/Snow_AORH.uasset" 7989
"../../../../../../UnrealProyects/MotoresComerciales/Motorescomerciales1/MotoresComerciales/Content/PN_interactiveSpruceForest/Textures/MasterTextures/CoverTextures/Snow_N.uasset" 7990
"C:/UnrealProyects/MotoresComerciales/Motorescomerciales1/MotoresComerciales/Content/Characters/Mannequin_UE4/Meshes/SK_Mannequin.uasset" 7991
"../../../../../../UnrealProyects/MotoresComerciales/Motorescomerciales1/MotoresComerciales/Content/MetaHumans/Common/Materials/MF_Passthrough.uasset" 7992
"C:/UnrealProyects/MotoresComerciales/Motorescomerciales1/MotoresComerciales/Content/PN_interactiveSpruceForest/Materials/MasterMaterials/MA_Winter.uasset" 7993
"../../../../../../UnrealProyects/MotoresComerciales/Motorescomerciales1/MotoresComerciales/Content/MetaHumans/Common/Materials/Textures/Clothing/MaterialFunction/MatLayerBlend_Aniso.uasset" 7994
"../../../../../../UnrealProyects/MotoresComerciales/Motorescomerciales1/MotoresComerciales/Content/MetaHumans/Common/Materials/Textures/Clothing/MaterialFunction/MF_AvgColorReplace.uasset" 7995
"C:/UnrealProyects/MotoresComerciales/Motorescomerciales1/MotoresComerciales/Content/LevelPrototyping/Materials/MI_PrototypeGrid_TopDark.uasset" 7996
"C:/UnrealProyects/MotoresComerciales/Motorescomerciales1/MotoresComerciales/Content/PN_interactiveSpruceForest/Materials/MasterMaterials/MA_Summer.uasset" 7997
"../../../../../../UnrealProyects/MotoresComerciales/Motorescomerciales1/MotoresComerciales/Content/MetaHumans/Common/Materials/Textures/Clothing/upresTest/MF_NormalStrength.uasset" 7998
"C:/UnrealProyects/MotoresComerciales/Motorescomerciales1/MotoresComerciales/Content/LevelPrototyping/Materials/MI_PrototypeGrid_Gray_02.uasset" 7999
"C:/UnrealProyects/MotoresComerciales/Motorescomerciales1/MotoresComerciales/Content/LevelPrototyping/Materials/MI_PrototypeGrid_Gray.uasset" 8000
"C:/UnrealProyects/MotoresComerciales/Motorescomerciales1/MotoresComerciales/Content/PN_interactiveSpruceForest/ExampleContent/Winter/MI_GroundWinter.uasset" 8001
"../../../Engine/Content/OpenWorldTemplate/LandscapeMaterial/MI_ProcGrid.uasset" 8002
"C:/UnrealProyects/MotoresComerciales/Motorescomerciales1/MotoresComerciales/Content/MetaHumans/Vincent/Materials/M_TeethCharacterCreator_Inst.uasset" 8003
"../../../../../../UnrealProyects/MotoresComerciales/Motorescomerciales1/MotoresComerciales/Content/MetaHumans/Common/Common/metahuman_proc_ControlRig.uasset" 8004
"C:/UnrealProyects/MotoresComerciales/Motorescomerciales1/MotoresComerciales/Content/MetaHumans/Common/Materials/Shirt/Male/M_m_top_shirt.uasset" 8005
"C:/UnrealProyects/MotoresComerciales/Motorescomerciales1/MotoresComerciales/Content/MetaHumans/Common/Materials/Oxfords/M_shs_oxfords.uasset" 8006
"C:/UnrealProyects/MotoresComerciales/Motorescomerciales1/MotoresComerciales/Content/MetaHumans/Vincent/Materials/MI_PeachFuzz.uasset" 8007
"C:/UnrealProyects/MotoresComerciales/Motorescomerciales1/MotoresComerciales/Content/MetaHumans/Vincent/FemaleHair/Hair/Peachfuzz_M_Thin.uasset" 8008
"C:/UnrealProyects/MotoresComerciales/Motorescomerciales1/MotoresComerciales/Content/MetaHumans/Common/Materials/MF_Hair_SecondaryColors.uasset" 8009
"C:/UnrealProyects/MotoresComerciales/Motorescomerciales1/MotoresComerciales/Content/MetaHumans/Vincent/Materials/Jeans/M_btm_jeans_nrm.uasset" 8010
"../../../../../../UnrealProyects/MotoresComerciales/Motorescomerciales1/MotoresComerciales/Content/MetaHumans/Common/Face/SubsurfaceProfiles/SSP_Eye_Inner.uasset" 8011
"C:/UnrealProyects/MotoresComerciales/Motorescomerciales1/MotoresComerciales/Content/MetaHumans/Common/Male/Medium/NormalWeight/Bottoms/Jeans/m_med_nrw_btm_jeans_nrm.uasset" 8012
"C:/UnrealProyects/MotoresComerciales/Motorescomerciales1/MotoresComerciales/Content/Characters/Mannequins/Animations/ABP_Quinn.uasset" 8013
"C:/UnrealProyects/MotoresComerciales/Motorescomerciales1/MotoresComerciales/Content/MetaHumans/Common/Female/Medium/NormalWeight/Body/f_med_nrw_body.uasset" 8014
"C:/UnrealProyects/MotoresComerciales/Motorescomerciales1/MotoresComerciales/Content/MetaHumans/Vincent/Male/Medium/NormalWeight/Body/m_med_nrw_body.uasset" 8015
"C:/UnrealProyects/MotoresComerciales/Motorescomerciales1/MotoresComerciales/Content/MetaHumans/Common/Common/f_med_nrw_preview.uasset" 8016
"C:/UnrealProyects/MotoresComerciales/Motorescomerciales1/MotoresComerciales/Content/MetaHumans/Common/Face/Materials/MI_EyeRefractive_Inst_R.uasset" 8017
"C:/UnrealProyects/MotoresComerciales/Motorescomerciales1/MotoresComerciales/Content/MetaHumans/Common/Face/Materials/MI_EyeRefractive_Inst_L.uasset" 8018
"../../../Engine/Plugins/Interchange/Runtime/Content/gltf/M_SpecularGlossiness.uasset" 8019
"../../../Engine/Plugins/Interchange/Runtime/Content/gltf/M_Transmission.uasset" 8020
"../../../Engine/Plugins/Interchange/Runtime/Content/gltf/M_Sheen.uasset" 8021
"../../../Engine/Plugins/Interchange/Runtime/Content/gltf/M_ClearCoat.uasset" 8022
"../../../../../../UnrealProyects/MotoresComerciales/Motorescomerciales1/MotoresComerciales/Content/PN_interactiveSpruceForest/UE4_Mannequin/Mannequin/Character/Mesh/SK_Mannequin_PhysicsAsset.uasset" 8023
"../../../Engine/Plugins/Interchange/Runtime/Content/gltf/M_Default.uasset" 8024
"C:/UnrealProyects/MotoresComerciales/Motorescomerciales1/MotoresComerciales/Content/MetaHumans/Vincent/Materials/M_EyeLash_HigherLODs_Inst.uasset" 8025
"C:/UnrealProyects/MotoresComerciales/Motorescomerciales1/MotoresComerciales/Content/MetaHumans/Vincent/Materials/M_EyelashLowerLODs_Inst.uasset" 8026
"../../../Engine/Content/ArtTools/RenderToTexture/MaterialFunctions/ImposterUVs.uasset" 8027
"../../../../../../UnrealProyects/MotoresComerciales/Motorescomerciales1/MotoresComerciales/Content/PN_interactiveSpruceForest/UE4_Mannequin/Mannequin/Character/Mesh/SK_Mannequin.uasset" 8028
"C:/UnrealProyects/MotoresComerciales/Motorescomerciales1/MotoresComerciales/Content/Characters/Mannequins/Materials/Instances/Quinn/MI_Quinn_02.uasset" 8029
"../../../../../../UnrealProyects/MotoresComerciales/Motorescomerciales1/MotoresComerciales/Content/Characters/Mannequin_UE4/Meshes/SK_Mannequin_PhysicsAsset.uasset" 8030
"../../../../../../UnrealProyects/MotoresComerciales/Motorescomerciales1/MotoresComerciales/Content/Characters/Mannequin_UE4/Meshes/SK_Mannequin.uasset" 8031
"../../../../../../UnrealProyects/MotoresComerciales/Motorescomerciales1/MotoresComerciales/Content/PN_interactiveSpruceForest/Textures/MasterTextures/ModelTextures/Bark_A_.uasset" 8032
"../../../../../../UnrealProyects/MotoresComerciales/Motorescomerciales1/MotoresComerciales/Content/PN_interactiveSpruceForest/Textures/MasterTextures/ModelTextures/Bark_AOSH.uasset" 8033
"../../../../../../UnrealProyects/MotoresComerciales/Motorescomerciales1/MotoresComerciales/Content/PN_interactiveSpruceForest/Textures/MasterTextures/ModelTextures/Bark_N.uasset" 8034
"C:/UnrealProyects/MotoresComerciales/Motorescomerciales1/MotoresComerciales/Content/Characters/Mannequins/Materials/Instances/Manny/MI_Manny_02.uasset" 8035
"../../../../../../UnrealProyects/MotoresComerciales/Motorescomerciales1/MotoresComerciales/Content/PN_interactiveSpruceForest/Textures/MasterTextures/ModelTextures/Branch_A.uasset" 8036
"../../../../../../UnrealProyects/MotoresComerciales/Motorescomerciales1/MotoresComerciales/Content/PN_interactiveSpruceForest/Textures/MasterTextures/ModelTextures/Branch_AOSH.uasset" 8037
"../../../../../../UnrealProyects/MotoresComerciales/Motorescomerciales1/MotoresComerciales/Content/PN_interactiveSpruceForest/Textures/MasterTextures/ModelTextures/Branch_N.uasset" 8038
"../../../../../../UnrealProyects/MotoresComerciales/Motorescomerciales1/MotoresComerciales/Content/PN_interactiveSpruceForest/Textures/MasterTextures/ModelTextures/Leaf_A_01.uasset" 8039
"../../../../../../UnrealProyects/MotoresComerciales/Motorescomerciales1/MotoresComerciales/Content/PN_interactiveSpruceForest/Textures/MasterTextures/ModelTextures/Leaf_AOSM.uasset" 8040
"../../../../../../UnrealProyects/MotoresComerciales/Motorescomerciales1/MotoresComerciales/Content/PN_interactiveSpruceForest/Textures/MasterTextures/ModelTextures/Leaf_N.uasset" 8041
"../../../../../../UnrealProyects/MotoresComerciales/Motorescomerciales1/MotoresComerciales/Content/PN_interactiveSpruceForest/Textures/MasterTextures/ModelTextures/Leaf_O.uasset" 8042
"../../../../../../UnrealProyects/MotoresComerciales/Motorescomerciales1/MotoresComerciales/Content/PN_interactiveSpruceForest/Textures/MasterTextures/CoverTextures/Moss_A.uasset" 8043
"../../../../../../UnrealProyects/MotoresComerciales/Motorescomerciales1/MotoresComerciales/Content/PN_interactiveSpruceForest/Textures/MasterTextures/CoverTextures/Moss_AOSH.uasset" 8044
"../../../../../../UnrealProyects/MotoresComerciales/Motorescomerciales1/MotoresComerciales/Content/PN_interactiveSpruceForest/Textures/MasterTextures/CoverTextures/Moss_N.uasset" 8045
"../../../../../../UnrealProyects/MotoresComerciales/Motorescomerciales1/MotoresComerciales/Content/PN_interactiveSpruceForest/Textures/MasterTextures/ModelTextures/Leaf_A_02.uasset" 8046
"C:/UnrealProyects/MotoresComerciales/Motorescomerciales1/MotoresComerciales/Content/PN_interactiveSpruceForest/UE4_Mannequin/ThirdPersonCharacter.uasset" 8047
"C:/UnrealProyects/MotoresComerciales/Motorescomerciales1/MotoresComerciales/Content/PN_interactiveSpruceForest/ExampleContent/Winter/Materials/small/spruce_small_07_MA.uasset" 8048
"C:/UnrealProyects/MotoresComerciales/Motorescomerciales1/MotoresComerciales/Content/PN_interactiveSpruceForest/ExampleContent/Winter/Materials/small/spruce_small_06_MA.uasset" 8049
"C:/UnrealProyects/MotoresComerciales/Motorescomerciales1/MotoresComerciales/Content/PN_interactiveSpruceForest/ExampleContent/Winter/Materials/small/spruce_small_05_MA.uasset" 8050
"C:/UnrealProyects/MotoresComerciales/Motorescomerciales1/MotoresComerciales/Content/PN_interactiveSpruceForest/ExampleContent/Winter/Materials/small/spruce_small_02_MA.uasset" 8051
"C:/UnrealProyects/MotoresComerciales/Motorescomerciales1/MotoresComerciales/Content/PN_interactiveSpruceForest/ExampleContent/Winter/Materials/small/spruce_small_01_MA.uasset" 8052
"C:/UnrealProyects/MotoresComerciales/Motorescomerciales1/MotoresComerciales/Content/PN_interactiveSpruceForest/ExampleContent/Winter/Materials/small/spruce_small_03_MA.uasset" 8053
"C:/UnrealProyects/MotoresComerciales/Motorescomerciales1/MotoresComerciales/Content/PN_interactiveSpruceForest/ExampleContent/Winter/Materials/small/spruce_small_04_MA.uasset" 8054
"../../../../../../UnrealProyects/MotoresComerciales/Motorescomerciales1/MotoresComerciales/Content/ThirdPerson/Maps/VisualizerMap.umap" 8055
"C:/UnrealProyects/MotoresComerciales/Motorescomerciales1/MotoresComerciales/Content/PN_interactiveSpruceForest/ExampleContent/Winter/Materials/half/low/spruce_half_04_MA.uasset" 8056
"C:/UnrealProyects/MotoresComerciales/Motorescomerciales1/MotoresComerciales/Content/PN_interactiveSpruceForest/ExampleContent/Winter/Materials/half/low/spruce_half_03_MA.uasset" 8057
"C:/UnrealProyects/MotoresComerciales/Motorescomerciales1/MotoresComerciales/Content/PN_interactiveSpruceForest/ExampleContent/Winter/Materials/half/low/spruce_half_02_MA.uasset" 8058
"C:/UnrealProyects/MotoresComerciales/Motorescomerciales1/MotoresComerciales/Content/PN_interactiveSpruceForest/ExampleContent/Winter/Materials/half/low/spruce_half_01_MA.uasset" 8059
"../../../../../../UnrealProyects/MotoresComerciales/Motorescomerciales1/MotoresComerciales/Content/MetaHumans/Common/Common/MetaHuman_Clothing_LODSettings.uasset" 8060
"C:/UnrealProyects/MotoresComerciales/Motorescomerciales1/MotoresComerciales/Content/PN_interactiveSpruceForest/ExampleContent/Winter/Materials/half/high/spruce_half_04_MA.uasset" 8061
"../../../../../../UnrealProyects/MotoresComerciales/Motorescomerciales1/MotoresComerciales/Content/MetaHumans/Common/Male/Medium/NormalWeight/Bottoms/Jeans/m_med_nrw_btm_jeans_nrm_Physics.uasset" 8062
"C:/UnrealProyects/MotoresComerciales/Motorescomerciales1/MotoresComerciales/Content/PN_interactiveSpruceForest/ExampleContent/Winter/Materials/half/high/spruce_half_03_MA.uasset" 8063
"C:/UnrealProyects/MotoresComerciales/Motorescomerciales1/MotoresComerciales/Content/PN_interactiveSpruceForest/ExampleContent/Winter/Materials/half/high/spruce_half_02_MA.uasset" 8064
"../../../../../../UnrealProyects/MotoresComerciales/Motorescomerciales1/MotoresComerciales/Content/MetaHumans/Common/Female/Medium/NormalWeight/Body/MetaHuman_LODSettings.uasset" 8065
"../../../../../../UnrealProyects/MotoresComerciales/Motorescomerciales1/MotoresComerciales/Content/MetaHumans/Common/Male/Medium/NormalWeight/Body/m_med_nrw_body_Physics.uasset" 8066
"C:/UnrealProyects/MotoresComerciales/Motorescomerciales1/MotoresComerciales/Content/PN_interactiveSpruceForest/ExampleContent/Winter/Materials/half/high/spruce_half_01_MA.uasset" 8067
"../../../../../../UnrealProyects/MotoresComerciales/Motorescomerciales1/MotoresComerciales/Content/MetaHumans/Common/Female/Medium/NormalWeight/Body/f_med_nrw_body_Physics.uasset" 8068
"C:/UnrealProyects/MotoresComerciales/Motorescomerciales1/MotoresComerciales/Content/PN_interactiveSpruceForest/ExampleContent/Winter/Materials/full/low/spruce_full_03_low_MA.uasset" 8069
"C:/UnrealProyects/MotoresComerciales/Motorescomerciales1/MotoresComerciales/Content/PN_interactiveSpruceForest/ExampleContent/Winter/Materials/full/low/spruce_full_02_low_MA.uasset" 8070
"../../../Engine/Content/EditorResources/EmptyActor.uasset" 8071
"../../../Engine/Content/EditorResources/LightIcons/S_LightError.uasset" 8072
"C:/UnrealProyects/MotoresComerciales/Motorescomerciales1/MotoresComerciales/Content/PN_interactiveSpruceForest/ExampleContent/Winter/Materials/full/low/spruce_full_01_low_MA.uasset" 8073
"C:/UnrealProyects/MotoresComerciales/Motorescomerciales1/MotoresComerciales/Content/PN_interactiveSpruceForest/ExampleContent/Winter/Materials/full/high/spruce_full_02_MA.uasset" 8074
"C:/UnrealProyects/MotoresComerciales/Motorescomerciales1/MotoresComerciales/Content/PN_interactiveSpruceForest/ExampleContent/Winter/Materials/full/high/spruce_full_03_MA.uasset" 8075
"C:/UnrealProyects/MotoresComerciales/Motorescomerciales1/MotoresComerciales/Content/PN_interactiveSpruceForest/ExampleContent/Winter/Materials/full/high/spruce_full_01_MA.uasset" 8076
"C:/UnrealProyects/MotoresComerciales/Motorescomerciales1/MotoresComerciales/Content/PN_interactiveSpruceForest/Materials/MaterialInstances/small/spruce_small_07_MA.uasset" 8077
"C:/UnrealProyects/MotoresComerciales/Motorescomerciales1/MotoresComerciales/Content/PN_interactiveSpruceForest/Materials/MaterialInstances/small/spruce_small_06_MA.uasset" 8078
"C:/UnrealProyects/MotoresComerciales/Motorescomerciales1/MotoresComerciales/Content/PN_interactiveSpruceForest/Materials/MaterialInstances/small/spruce_small_05_MA.uasset" 8079
"C:/UnrealProyects/MotoresComerciales/Motorescomerciales1/MotoresComerciales/Content/PN_interactiveSpruceForest/Materials/MaterialInstances/small/spruce_small_04_MA.uasset" 8080
"C:/UnrealProyects/MotoresComerciales/Motorescomerciales1/MotoresComerciales/Content/PN_interactiveSpruceForest/Materials/MaterialInstances/small/spruce_small_03_MA.uasset" 8081
"C:/UnrealProyects/MotoresComerciales/Motorescomerciales1/MotoresComerciales/Content/PN_interactiveSpruceForest/Materials/MaterialInstances/small/spruce_small_02_MA.uasset" 8082
"C:/UnrealProyects/MotoresComerciales/Motorescomerciales1/MotoresComerciales/Content/PN_interactiveSpruceForest/Materials/MaterialInstances/small/spruce_small_01_MA.uasset" 8083
"C:/UnrealProyects/MotoresComerciales/Motorescomerciales1/MotoresComerciales/Content/PN_interactiveSpruceForest/Materials/MaterialInstances/half/low/spruce_half_04_low_MA.uasset" 8084
"C:/UnrealProyects/MotoresComerciales/Motorescomerciales1/MotoresComerciales/Content/PN_interactiveSpruceForest/Materials/MaterialInstances/half/low/spruce_half_03_low_MA.uasset" 8085
"C:/UnrealProyects/MotoresComerciales/Motorescomerciales1/MotoresComerciales/Content/PN_interactiveSpruceForest/Materials/MaterialInstances/half/low/spruce_half_02_low_MA.uasset" 8086
"../../../../../../UnrealProyects/MotoresComerciales/Motorescomerciales1/MotoresComerciales/Content/PN_interactiveSpruceForest/Textures/PivotPainterTextures/small/small_07_PIV.uasset" 8087
"../../../../../../UnrealProyects/MotoresComerciales/Motorescomerciales1/MotoresComerciales/Content/PN_interactiveSpruceForest/Textures/PivotPainterTextures/small/small_07_VEC.uasset" 8088
"../../../../../../UnrealProyects/MotoresComerciales/Motorescomerciales1/MotoresComerciales/Content/PN_interactiveSpruceForest/Textures/PivotPainterTextures/small/small_06_PIV.uasset" 8089
"../../../../../../UnrealProyects/MotoresComerciales/Motorescomerciales1/MotoresComerciales/Content/PN_interactiveSpruceForest/Textures/PivotPainterTextures/small/small_06_VEC.uasset" 8090
"C:/UnrealProyects/MotoresComerciales/Motorescomerciales1/MotoresComerciales/Content/PN_interactiveSpruceForest/Materials/MaterialInstances/half/low/spruce_half_01_low_MA.uasset" 8091
"C:/UnrealProyects/MotoresComerciales/Motorescomerciales1/MotoresComerciales/Content/PN_interactiveSpruceForest/Materials/MaterialInstances/half/high/spruce_half_04_MA.uasset" 8092
"../../../../../../UnrealProyects/MotoresComerciales/Motorescomerciales1/MotoresComerciales/Content/PN_interactiveSpruceForest/Textures/PivotPainterTextures/small/small_05_PIV.uasset" 8093
"../../../../../../UnrealProyects/MotoresComerciales/Motorescomerciales1/MotoresComerciales/Content/PN_interactiveSpruceForest/Textures/PivotPainterTextures/small/small_05_VEC.uasset" 8094
"../../../../../../UnrealProyects/MotoresComerciales/Motorescomerciales1/MotoresComerciales/Content/PN_interactiveSpruceForest/Textures/PivotPainterTextures/small/small_04_PIV.uasset" 8095
"../../../../../../UnrealProyects/MotoresComerciales/Motorescomerciales1/MotoresComerciales/Content/PN_interactiveSpruceForest/Textures/PivotPainterTextures/small/small_04_VEC.uasset" 8096
"../../../../../../UnrealProyects/MotoresComerciales/Motorescomerciales1/MotoresComerciales/Content/PN_interactiveSpruceForest/Textures/PivotPainterTextures/small/small_03_PIV.uasset" 8097
"C:/UnrealProyects/MotoresComerciales/Motorescomerciales1/MotoresComerciales/Content/PN_interactiveSpruceForest/Materials/MaterialInstances/half/high/spruce_half_03_MA.uasset" 8098
"../../../../../../UnrealProyects/MotoresComerciales/Motorescomerciales1/MotoresComerciales/Content/PN_interactiveSpruceForest/Textures/PivotPainterTextures/small/small_03_VEC.uasset" 8099
"../../../../../../UnrealProyects/MotoresComerciales/Motorescomerciales1/MotoresComerciales/Content/PN_interactiveSpruceForest/Textures/PivotPainterTextures/small/small_02_PIV.uasset" 8100
"../../../../../../UnrealProyects/MotoresComerciales/Motorescomerciales1/MotoresComerciales/Content/PN_interactiveSpruceForest/Textures/PivotPainterTextures/small/small_02_VEC.uasset" 8101
"C:/UnrealProyects/MotoresComerciales/Motorescomerciales1/MotoresComerciales/Content/PN_interactiveSpruceForest/Materials/MaterialInstances/half/high/spruce_half_02_MA.uasset" 8102
"../../../../../../UnrealProyects/MotoresComerciales/Motorescomerciales1/MotoresComerciales/Content/PN_interactiveSpruceForest/Textures/PivotPainterTextures/small/small_01_PIV.uasset" 8103
"C:/UnrealProyects/MotoresComerciales/Motorescomerciales1/MotoresComerciales/Content/PN_interactiveSpruceForest/Materials/MaterialInstances/half/high/spruce_half_01_MA.uasset" 8104
"../../../../../../UnrealProyects/MotoresComerciales/Motorescomerciales1/MotoresComerciales/Content/PN_interactiveSpruceForest/Textures/PivotPainterTextures/small/small_01_VEC.uasset" 8105
"../../../../../../UnrealProyects/MotoresComerciales/Motorescomerciales1/MotoresComerciales/Content/PN_interactiveSpruceForest/Textures/PivotPainterTextures/half/low/spruce_half_04_low_PIV.uasset" 8106
"../../../../../../UnrealProyects/MotoresComerciales/Motorescomerciales1/MotoresComerciales/Content/PN_interactiveSpruceForest/Textures/PivotPainterTextures/half/low/spruce_half_04_low_VEC.uasset" 8107
"C:/UnrealProyects/MotoresComerciales/Motorescomerciales1/MotoresComerciales/Content/PN_interactiveSpruceForest/Materials/MaterialInstances/full/low/spruce_full_03_low_MA.uasset" 8108
"../../../../../../UnrealProyects/MotoresComerciales/Motorescomerciales1/MotoresComerciales/Content/PN_interactiveSpruceForest/Textures/PivotPainterTextures/half/low/spruce_half_03_low_PIV.uasset" 8109
"../../../../../../UnrealProyects/MotoresComerciales/Motorescomerciales1/MotoresComerciales/Content/PN_interactiveSpruceForest/Textures/PivotPainterTextures/half/low/spruce_half_03_low_VEC.uasset" 8110
"C:/UnrealProyects/MotoresComerciales/Motorescomerciales1/MotoresComerciales/Content/PN_interactiveSpruceForest/Materials/MaterialInstances/full/low/spruce_full_02_low_MA.uasset" 8111
"../../../../../../UnrealProyects/MotoresComerciales/Motorescomerciales1/MotoresComerciales/Content/PN_interactiveSpruceForest/Textures/PivotPainterTextures/half/low/spruce_half_02_low_PIV.uasset" 8112
"C:/UnrealProyects/MotoresComerciales/Motorescomerciales1/MotoresComerciales/Content/PN_interactiveSpruceForest/Materials/MaterialInstances/full/low/spruce_full_01_low_MA.uasset" 8113
"../../../../../../UnrealProyects/MotoresComerciales/Motorescomerciales1/MotoresComerciales/Content/PN_interactiveSpruceForest/Textures/PivotPainterTextures/half/low/spruce_half_02_low_VEC.uasset" 8114
"../../../../../../UnrealProyects/MotoresComerciales/Motorescomerciales1/MotoresComerciales/Content/PN_interactiveSpruceForest/Textures/PivotPainterTextures/half/low/spruce_half_01_low_PIV.uasset" 8115
"C:/UnrealProyects/MotoresComerciales/Motorescomerciales1/MotoresComerciales/Content/PN_interactiveSpruceForest/Materials/MaterialInstances/full/high/spruce_full_03_MA.uasset" 8116
"../../../../../../UnrealProyects/MotoresComerciales/Motorescomerciales1/MotoresComerciales/Content/PN_interactiveSpruceForest/Textures/PivotPainterTextures/half/low/spruce_half_01_low_VEC.uasset" 8117
"C:/UnrealProyects/MotoresComerciales/Motorescomerciales1/MotoresComerciales/Content/PN_interactiveSpruceForest/Materials/MaterialInstances/full/high/spruce_full_02_MA.uasset" 8118
"../../../../../../UnrealProyects/MotoresComerciales/Motorescomerciales1/MotoresComerciales/Content/PN_interactiveSpruceForest/Textures/PivotPainterTextures/half/high/spruce_half_04_PIV.uasset" 8119
"../../../../../../UnrealProyects/MotoresComerciales/Motorescomerciales1/MotoresComerciales/Content/PN_interactiveSpruceForest/Textures/PivotPainterTextures/half/high/spruce_half_04_VEC.uasset" 8120
"C:/UnrealProyects/MotoresComerciales/Motorescomerciales1/MotoresComerciales/Content/PN_interactiveSpruceForest/Materials/MaterialInstances/full/high/spruce_full_01_MA.uasset" 8121
"../../../../../../UnrealProyects/MotoresComerciales/Motorescomerciales1/MotoresComerciales/Content/PN_interactiveSpruceForest/Textures/PivotPainterTextures/half/high/spruce_half_03_PIV.uasset" 8122
"../../../../../../UnrealProyects/MotoresComerciales/Motorescomerciales1/MotoresComerciales/Content/PN_interactiveSpruceForest/Textures/PivotPainterTextures/half/high/spruce_half_03_VEC.uasset" 8123
"C:/UnrealProyects/MotoresComerciales/Motorescomerciales1/MotoresComerciales/Content/LevelPrototyping/Meshes/SM_Ramp.uasset" 8124
"../../../../../../UnrealProyects/MotoresComerciales/Motorescomerciales1/MotoresComerciales/Content/PN_interactiveSpruceForest/Textures/PivotPainterTextures/half/high/spruce_half_02_PIV.uasset" 8125
"../../../../../../UnrealProyects/MotoresComerciales/Motorescomerciales1/MotoresComerciales/Content/PN_interactiveSpruceForest/Textures/PivotPainterTextures/half/high/spruce_half_02_VEC.uasset" 8126
"../../../../../../UnrealProyects/MotoresComerciales/Motorescomerciales1/MotoresComerciales/Content/PN_interactiveSpruceForest/Textures/PivotPainterTextures/half/high/spruce_half_01_PIV.uasset" 8127
"C:/UnrealProyects/MotoresComerciales/Motorescomerciales1/MotoresComerciales/Content/LevelPrototyping/Meshes/SM_QuarterCylinder.uasset" 8128
"../../../../../../UnrealProyects/MotoresComerciales/Motorescomerciales1/MotoresComerciales/Content/PN_interactiveSpruceForest/Textures/PivotPainterTextures/half/high/spruce_half_01_VEC.uasset" 8129
"C:/UnrealProyects/MotoresComerciales/Motorescomerciales1/MotoresComerciales/Content/LevelPrototyping/Meshes/SM_Cylinder.uasset" 8130
"../../../../../../UnrealProyects/MotoresComerciales/Motorescomerciales1/MotoresComerciales/Content/PN_interactiveSpruceForest/Textures/PivotPainterTextures/full/low/spruce_full_03_low_PIV.uasset" 8131
"../../../../../../UnrealProyects/MotoresComerciales/Motorescomerciales1/MotoresComerciales/Content/PN_interactiveSpruceForest/Textures/PivotPainterTextures/full/low/spruce_full_03_low_VEC.uasset" 8132
"C:/UnrealProyects/MotoresComerciales/Motorescomerciales1/MotoresComerciales/Content/LevelPrototyping/Meshes/SM_Cube.uasset" 8133
"../../../../../../UnrealProyects/MotoresComerciales/Motorescomerciales1/MotoresComerciales/Content/PN_interactiveSpruceForest/Textures/PivotPainterTextures/full/low/spruce_full_02_low_PIV.uasset" 8134
"../../../../../../UnrealProyects/MotoresComerciales/Motorescomerciales1/MotoresComerciales/Content/PN_interactiveSpruceForest/Textures/PivotPainterTextures/full/low/spruce_full_02_low_VEC.uasset" 8135
"../../../../../../UnrealProyects/MotoresComerciales/Motorescomerciales1/MotoresComerciales/Content/PN_interactiveSpruceForest/Textures/PivotPainterTextures/full/low/spruce_full_01_low_PIV.uasset" 8136
"../../../../../../UnrealProyects/MotoresComerciales/Motorescomerciales1/MotoresComerciales/Content/PN_interactiveSpruceForest/Textures/PivotPainterTextures/full/low/spruce_full_01_low_VEC.uasset" 8137
"C:/UnrealProyects/MotoresComerciales/Motorescomerciales1/MotoresComerciales/Content/ThirdPerson/Maps/demo.umap" 8138
"C:/UnrealProyects/MotoresComerciales/Motorescomerciales1/MotoresComerciales/Content/MetaHumans/Vincent/Materials/Shirt/Male/M_m_top_shirt.uasset" 8139
"C:/UnrealProyects/MotoresComerciales/Motorescomerciales1/MotoresComerciales/Content/MetaHumans/Common/Male/Medium/NormalWeight/Tops/Shirt/m_med_nrw_top_shirt_nrm.uasset" 8140
"../../../../../../UnrealProyects/MotoresComerciales/Motorescomerciales1/MotoresComerciales/Content/PN_interactiveSpruceForest/Textures/PivotPainterTextures/full/high/spruce_full_03_PIV.uasset" 8141
"../../../../../../UnrealProyects/MotoresComerciales/Motorescomerciales1/MotoresComerciales/Content/PN_interactiveSpruceForest/Textures/PivotPainterTextures/full/high/spruce_full_03_VEC.uasset" 8142
"../../../../../../UnrealProyects/MotoresComerciales/Motorescomerciales1/MotoresComerciales/Content/PN_interactiveSpruceForest/Textures/PivotPainterTextures/full/high/spruce_full_02_PIV.uasset" 8143
"C:/UnrealProyects/MotoresComerciales/Motorescomerciales1/MotoresComerciales/Content/MetaHumans/Vincent/Materials/Oxfords/M_shs_oxfords.uasset" 8144
"../../../../../../UnrealProyects/MotoresComerciales/Motorescomerciales1/MotoresComerciales/Content/PN_interactiveSpruceForest/Textures/PivotPainterTextures/full/high/spruce_full_02_VEC.uasset" 8145
"../../../../../../UnrealProyects/MotoresComerciales/Motorescomerciales1/MotoresComerciales/Content/PN_interactiveSpruceForest/Textures/PivotPainterTextures/full/high/spruce_full_01_PIV.uasset" 8146
"../../../../../../UnrealProyects/MotoresComerciales/Motorescomerciales1/MotoresComerciales/Content/PN_interactiveSpruceForest/Textures/PivotPainterTextures/full/high/spruce_full_01_VEC.uasset" 8147
"C:/UnrealProyects/MotoresComerciales/Motorescomerciales1/MotoresComerciales/Content/MetaHumans/Common/Male/Medium/NormalWeight/Shoes/Oxfords/m_med_nrw_shs_oxfords.uasset" 8148
"C:/UnrealProyects/MotoresComerciales/Motorescomerciales1/MotoresComerciales/Content/MetaHumans/Common/Materials/M_hair_v4.uasset" 8149
"C:/UnrealProyects/MotoresComerciales/Motorescomerciales1/MotoresComerciales/Content/MetaHumans/Common/Materials/M_Facial_Hair.uasset" 8150
"C:/UnrealProyects/MotoresComerciales/Motorescomerciales1/MotoresComerciales/Content/MetaHumans/Common/Face/Materials/Baked/M_Head_Baked.uasset" 8151
"C:/UnrealProyects/MotoresComerciales/Motorescomerciales1/MotoresComerciales/Content/MetaHumans/Vincent/Face/Materials/MI_EyeRefractive_Inst_R.uasset" 8152
"C:/UnrealProyects/MotoresComerciales/Motorescomerciales1/MotoresComerciales/Content/MetaHumans/Vincent/Face/Materials/MI_EyeRefractive_Inst_L.uasset" 8153
"C:/UnrealProyects/MotoresComerciales/Motorescomerciales1/MotoresComerciales/Content/MetaHumans/Common/Face/Face_Archetype.uasset" 8154
"../../../Engine/Plugins/Interchange/Runtime/Content/gltf/MaterialInstances/MI_SpecularGlossiness_Blend_DS.uasset" 8155
"../../../Engine/Plugins/Interchange/Runtime/Content/gltf/MaterialInstances/MI_SpecularGlossiness_Mask_DS.uasset" 8156
"../../../Engine/Plugins/Interchange/Runtime/Content/gltf/MaterialInstances/MI_SpecularGlossiness_Opaque_DS.uasset" 8157
"../../../Engine/Plugins/Interchange/Runtime/Content/gltf/MaterialInstances/MI_SpecularGlossiness_Blend.uasset" 8158
"../../../Engine/Plugins/Interchange/Runtime/Content/gltf/MaterialInstances/MI_SpecularGlossiness_Opaque.uasset" 8159
"../../../Engine/Plugins/Interchange/Runtime/Content/gltf/MaterialInstances/MI_SpecularGlossiness_Mask.uasset" 8160
"../../../Engine/Plugins/Interchange/Runtime/Content/gltf/MaterialInstances/MI_Transmission_DS.uasset" 8161
"../../../Engine/Plugins/Interchange/Runtime/Content/gltf/MaterialInstances/MI_Transmission.uasset" 8162
"../../../Engine/Plugins/Interchange/Runtime/Content/gltf/MaterialInstances/MI_Sheen_Blend_DS.uasset" 8163
"../../../Engine/Plugins/Interchange/Runtime/Content/gltf/MaterialInstances/MI_Sheen_Mask_DS.uasset" 8164
"../../../Engine/Plugins/Interchange/Runtime/Content/gltf/MaterialInstances/MI_Sheen_Opaque_DS.uasset" 8165
"../../../Engine/Plugins/Interchange/Runtime/Content/gltf/MaterialInstances/MI_Sheen_Blend.uasset" 8166
"../../../Engine/Plugins/Interchange/Runtime/Content/gltf/MaterialInstances/MI_Sheen_Mask.uasset" 8167
"../../../Engine/Plugins/Interchange/Runtime/Content/gltf/MaterialInstances/MI_Sheen_Opaque.uasset" 8168
"../../../Engine/Plugins/Interchange/Runtime/Content/gltf/MaterialInstances/MI_ClearCoat_Mask_DS.uasset" 8169
"../../../Engine/Plugins/Interchange/Runtime/Content/gltf/MaterialInstances/MI_ClearCoat_Blend_DS.uasset" 8170
"../../../Engine/Plugins/Interchange/Runtime/Content/gltf/MaterialInstances/MI_ClearCoat_Opaque_DS.uasset" 8171
"../../../Engine/Plugins/Interchange/Runtime/Content/gltf/MaterialInstances/MI_ClearCoat_Blend.uasset" 8172
"../../../../../../UnrealProyects/MotoresComerciales/Motorescomerciales1/MotoresComerciales/Content/ThirdPerson/Maps/demo.umap" 8173
"../../../Engine/Plugins/Interchange/Runtime/Content/gltf/MaterialInstances/MI_ClearCoat_Opaque.uasset" 8174
"../../../Engine/Plugins/Interchange/Runtime/Content/gltf/MaterialInstances/MI_Default_Blend_DS.uasset" 8175
"../../../Engine/Plugins/Interchange/Runtime/Content/gltf/MaterialInstances/MI_ClearCoat_Mask.uasset" 8176
"../../../../../../UnrealProyects/MotoresComerciales/Motorescomerciales1/MotoresComerciales/Content/MetaHumans/Common/Male/Medium/NormalWeight/Tops/Shirt/m_med_nrw_top_shirt_nrm_PhysicsAsset.uasset" 8177
"../../../../../../UnrealProyects/MotoresComerciales/Motorescomerciales1/MotoresComerciales/Content/MetaHumans/Common/Male/Medium/NormalWeight/Tops/Shirt/m_med_nrw_top_shirt_nrm_Skeleton.uasset" 8178
"../../../Engine/Plugins/Interchange/Runtime/Content/gltf/MaterialInstances/MI_Default_Mask_DS.uasset" 8179
"../../../Engine/Plugins/Interchange/Runtime/Content/gltf/MaterialInstances/MI_Default_Opaque_DS.uasset" 8180
"../../../Engine/Plugins/Interchange/Runtime/Content/gltf/MaterialInstances/MI_Default_Blend.uasset" 8181
"../../../Engine/Plugins/Interchange/Runtime/Content/gltf/MaterialInstances/MI_Default_Mask.uasset" 8182
"../../../../../../UnrealProyects/MotoresComerciales/Motorescomerciales1/MotoresComerciales/Content/MetaHumans/Common/Materials/MF_Hair_ColorBlending.uasset" 8183
"../../../Engine/Plugins/Interchange/Runtime/Content/gltf/MaterialInstances/MI_Default_Opaque.uasset" 8184
"C:/UnrealProyects/MotoresComerciales/Motorescomerciales1/MotoresComerciales/Content/Characters/Mannequins/Meshes/SKM_Quinn_Simple.uasset" 8185
"C:/UnrealProyects/MotoresComerciales/Motorescomerciales1/MotoresComerciales/Content/PN_interactiveSpruceForest/Materials/MasterMaterials/MA_Imposter.uasset" 8186
"../../../../../../UnrealProyects/MotoresComerciales/Motorescomerciales1/MotoresComerciales/Content/MetaHumans/Common/Face/MaterialFunctions/Grooms/MF_BakedGroomTexturesCombined.uasset" 8187
"../../../../../../UnrealProyects/MotoresComerciales/Motorescomerciales1/MotoresComerciales/Content/MetaHumans/Common/Face/Materials/M_Cartilage.uasset" 8188
"../../../../../../UnrealProyects/MotoresComerciales/Motorescomerciales1/MotoresComerciales/Content/MetaHumans/Common/Face/Face_Archetype_LODSettings.uasset" 8189
"../../../../../../UnrealProyects/MotoresComerciales/Motorescomerciales1/MotoresComerciales/Content/MetaHumans/Common/Face/Face_Archetype_Physics.uasset" 8190
"C:/UnrealProyects/MotoresComerciales/Motorescomerciales1/MotoresComerciales/Content/Characters/Mannequins/Meshes/SKM_Quinn.uasset" 8191
"C:/UnrealProyects/MotoresComerciales/Motorescomerciales1/MotoresComerciales/Content/Characters/Mannequins/Meshes/SKM_Manny_Simple.uasset" 8192
"C:/UnrealProyects/MotoresComerciales/Motorescomerciales1/MotoresComerciales/Content/Characters/Mannequins/Meshes/SKM_Manny.uasset" 8193
"C:/UnrealProyects/MotoresComerciales/Motorescomerciales1/MotoresComerciales/Content/PN_interactiveSpruceForest/UE4_Mannequin/ThirdPersonGameMode.uasset" 8194
"C:/UnrealProyects/MotoresComerciales/Motorescomerciales1/MotoresComerciales/Content/PN_interactiveSpruceForest/ExampleContent/Winter/Materials/small/spruce_small_07_leaf.uasset" 8195
"C:/UnrealProyects/MotoresComerciales/Motorescomerciales1/MotoresComerciales/Content/PN_interactiveSpruceForest/ExampleContent/Winter/Materials/small/spruce_small_07_branch.uasset" 8196
"C:/UnrealProyects/MotoresComerciales/Motorescomerciales1/MotoresComerciales/Content/PN_interactiveSpruceForest/ExampleContent/Winter/Materials/small/spruce_small_07_trunk.uasset" 8197
"C:/UnrealProyects/MotoresComerciales/Motorescomerciales1/MotoresComerciales/Content/PN_interactiveSpruceForest/ExampleContent/Winter/Materials/small/spruce_small_06_trunk.uasset" 8198
"C:/UnrealProyects/MotoresComerciales/Motorescomerciales1/MotoresComerciales/Content/PN_interactiveSpruceForest/ExampleContent/Winter/Materials/small/spruce_small_06_branch.uasset" 8199
"C:/UnrealProyects/MotoresComerciales/Motorescomerciales1/MotoresComerciales/Content/PN_interactiveSpruceForest/ExampleContent/Winter/Materials/small/spruce_small_06_leaf.uasset" 8200
"C:/UnrealProyects/MotoresComerciales/Motorescomerciales1/MotoresComerciales/Content/PN_interactiveSpruceForest/ExampleContent/Winter/Materials/small/spruce_small_05_trunk.uasset" 8201
"C:/UnrealProyects/MotoresComerciales/Motorescomerciales1/MotoresComerciales/Content/PN_interactiveSpruceForest/ExampleContent/Winter/Materials/small/spruce_small_05_leaf.uasset" 8202
"C:/UnrealProyects/MotoresComerciales/Motorescomerciales1/MotoresComerciales/Content/PN_interactiveSpruceForest/ExampleContent/Winter/Materials/small/spruce_small_05_branch.uasset" 8203
"C:/UnrealProyects/MotoresComerciales/Motorescomerciales1/MotoresComerciales/Content/PN_interactiveSpruceForest/ExampleContent/Winter/Materials/small/spruce_small_04_leaf.uasset" 8204
"C:/UnrealProyects/MotoresComerciales/Motorescomerciales1/MotoresComerciales/Content/PN_interactiveSpruceForest/ExampleContent/Winter/Materials/small/spruce_small_04_trunk.uasset" 8205
"C:/UnrealProyects/MotoresComerciales/Motorescomerciales1/MotoresComerciales/Content/PN_interactiveSpruceForest/ExampleContent/Winter/Materials/small/spruce_small_03_trunk.uasset" 8206
"C:/UnrealProyects/MotoresComerciales/Motorescomerciales1/MotoresComerciales/Content/PN_interactiveSpruceForest/ExampleContent/Winter/Materials/small/spruce_small_03_leaf.uasset" 8207
"C:/UnrealProyects/MotoresComerciales/Motorescomerciales1/MotoresComerciales/Content/PN_interactiveSpruceForest/ExampleContent/Winter/Materials/small/spruce_small_01_trunk.uasset" 8208
"C:/UnrealProyects/MotoresComerciales/Motorescomerciales1/MotoresComerciales/Content/PN_interactiveSpruceForest/ExampleContent/Winter/Materials/small/spruce_small_02_trunk.uasset" 8209
"C:/UnrealProyects/MotoresComerciales/Motorescomerciales1/MotoresComerciales/Content/PN_interactiveSpruceForest/ExampleContent/Winter/Materials/small/spruce_small_02_leaf.uasset" 8210
"C:/UnrealProyects/MotoresComerciales/Motorescomerciales1/MotoresComerciales/Content/PN_interactiveSpruceForest/ExampleContent/Winter/Materials/small/spruce_small_01_leaf.uasset" 8211
"C:/UnrealProyects/MotoresComerciales/Motorescomerciales1/MotoresComerciales/Content/PN_interactiveSpruceForest/ExampleContent/Winter/Materials/half/low/spruce_half_04_trunk.uasset" 8212
"C:/UnrealProyects/MotoresComerciales/Motorescomerciales1/MotoresComerciales/Content/PN_interactiveSpruceForest/ExampleContent/Winter/Materials/half/low/spruce_half_04_leaf.uasset" 8213
"C:/UnrealProyects/MotoresComerciales/Motorescomerciales1/MotoresComerciales/Content/PN_interactiveSpruceForest/ExampleContent/Winter/Materials/half/low/spruce_half_04_branch.uasset" 8214
"C:/UnrealProyects/MotoresComerciales/Motorescomerciales1/MotoresComerciales/Content/PN_interactiveSpruceForest/ExampleContent/Winter/Materials/half/low/spruce_half_03_leaf.uasset" 8215
"C:/UnrealProyects/MotoresComerciales/Motorescomerciales1/MotoresComerciales/Content/PN_interactiveSpruceForest/ExampleContent/Winter/Materials/half/low/spruce_half_03_trunk.uasset" 8216
"C:/UnrealProyects/MotoresComerciales/Motorescomerciales1/MotoresComerciales/Content/PN_interactiveSpruceForest/ExampleContent/Winter/Materials/half/low/spruce_half_03_branch.uasset" 8217
"C:/UnrealProyects/MotoresComerciales/Motorescomerciales1/MotoresComerciales/Content/PN_interactiveSpruceForest/ExampleContent/Winter/Materials/half/low/spruce_half_02_trunk.uasset" 8218
"C:/UnrealProyects/MotoresComerciales/Motorescomerciales1/MotoresComerciales/Content/PN_interactiveSpruceForest/ExampleContent/Winter/Materials/half/low/spruce_half_02_branch.uasset" 8219
"C:/UnrealProyects/MotoresComerciales/Motorescomerciales1/MotoresComerciales/Content/PN_interactiveSpruceForest/ExampleContent/Winter/Materials/half/low/spruce_half_02_leaf.uasset" 8220
"../../../../../../UnrealProyects/MotoresComerciales/Motorescomerciales1/MotoresComerciales/Content/Characters/Mannequins/Rigs/PA_Mannequin.uasset" 8221
"C:/UnrealProyects/MotoresComerciales/Motorescomerciales1/MotoresComerciales/Content/PN_interactiveSpruceForest/ExampleContent/Winter/Materials/half/low/spruce_half_01_trunk.uasset" 8222
"../../../../../../UnrealProyects/MotoresComerciales/Motorescomerciales1/MotoresComerciales/Content/Characters/Mannequins/Meshes/SKM_Quinn_Simple.uasset" 8223
"C:/UnrealProyects/MotoresComerciales/Motorescomerciales1/MotoresComerciales/Content/PN_interactiveSpruceForest/ExampleContent/Winter/Materials/half/low/spruce_half_01_leaf.uasset" 8224
"../../../../../../UnrealProyects/MotoresComerciales/Motorescomerciales1/MotoresComerciales/Content/Characters/Mannequins/Meshes/SKM_Quinn.uasset" 8225
"C:/UnrealProyects/MotoresComerciales/Motorescomerciales1/MotoresComerciales/Content/PN_interactiveSpruceForest/ExampleContent/Winter/Materials/half/low/spruce_half_01_branch.uasset" 8226
"../../../../../../UnrealProyects/MotoresComerciales/Motorescomerciales1/MotoresComerciales/Content/Characters/Mannequins/Meshes/SKM_Manny_Simple.uasset" 8227
"C:/UnrealProyects/MotoresComerciales/Motorescomerciales1/MotoresComerciales/Content/PN_interactiveSpruceForest/ExampleContent/Winter/Materials/half/high/spruce_half_04_trunk.uasset" 8228
"../../../../../../UnrealProyects/MotoresComerciales/Motorescomerciales1/MotoresComerciales/Content/Characters/Mannequins/Meshes/SKM_Manny.uasset" 8229
"C:/UnrealProyects/MotoresComerciales/Motorescomerciales1/MotoresComerciales/Content/PN_interactiveSpruceForest/ExampleContent/Winter/Materials/half/high/spruce_half_04_leaf.uasset" 8230
"C:/UnrealProyects/MotoresComerciales/Motorescomerciales1/MotoresComerciales/Content/PN_interactiveSpruceForest/ExampleContent/Winter/Materials/half/high/spruce_half_03_trunk.uasset" 8231
"C:/UnrealProyects/MotoresComerciales/Motorescomerciales1/MotoresComerciales/Content/PN_interactiveSpruceForest/ExampleContent/Winter/Materials/half/high/spruce_half_04_branch.uasset" 8232
"C:/UnrealProyects/MotoresComerciales/Motorescomerciales1/MotoresComerciales/Content/PN_interactiveSpruceForest/ExampleContent/Winter/Materials/half/high/spruce_half_03_leaf.uasset" 8233
"C:/UnrealProyects/MotoresComerciales/Motorescomerciales1/MotoresComerciales/Content/PN_interactiveSpruceForest/ExampleContent/Winter/Materials/half/high/spruce_half_03_branch.uasset" 8234
"C:/UnrealProyects/MotoresComerciales/Motorescomerciales1/MotoresComerciales/Content/PN_interactiveSpruceForest/ExampleContent/Winter/Materials/half/high/spruce_half_02_trunk.uasset" 8235
"C:/UnrealProyects/MotoresComerciales/Motorescomerciales1/MotoresComerciales/Content/PN_interactiveSpruceForest/ExampleContent/Winter/Materials/half/high/spruce_half_02_leaf.uasset" 8236
"C:/UnrealProyects/MotoresComerciales/Motorescomerciales1/MotoresComerciales/Content/PN_interactiveSpruceForest/ExampleContent/Winter/Materials/half/high/spruce_half_02_branch.uasset" 8237
"C:/UnrealProyects/MotoresComerciales/Motorescomerciales1/MotoresComerciales/Content/PN_interactiveSpruceForest/ExampleContent/Winter/Materials/half/high/spruce_half_01_trunk.uasset" 8238
"C:/UnrealProyects/MotoresComerciales/Motorescomerciales1/MotoresComerciales/Content/PN_interactiveSpruceForest/ExampleContent/Winter/Materials/half/high/spruce_half_01_leaf.uasset" 8239
"C:/UnrealProyects/MotoresComerciales/Motorescomerciales1/MotoresComerciales/Content/PN_interactiveSpruceForest/ExampleContent/Winter/Materials/half/high/spruce_half_01_branch.uasset" 8240
"C:/UnrealProyects/MotoresComerciales/Motorescomerciales1/MotoresComerciales/Content/PN_interactiveSpruceForest/ExampleContent/Winter/Materials/full/low/spruce_full_02_low_trunk.uasset" 8241
"C:/UnrealProyects/MotoresComerciales/Motorescomerciales1/MotoresComerciales/Content/PN_interactiveSpruceForest/ExampleContent/Winter/Materials/full/low/spruce_full_02_low_leaf.uasset" 8242
"C:/UnrealProyects/MotoresComerciales/Motorescomerciales1/MotoresComerciales/Content/PN_interactiveSpruceForest/ExampleContent/Winter/Materials/full/low/spruce_full_03_low_branch.uasset" 8243
"C:/UnrealProyects/MotoresComerciales/Motorescomerciales1/MotoresComerciales/Content/PN_interactiveSpruceForest/ExampleContent/Winter/Materials/full/low/spruce_full_03_low_leaf.uasset" 8244
"C:/UnrealProyects/MotoresComerciales/Motorescomerciales1/MotoresComerciales/Content/PN_interactiveSpruceForest/ExampleContent/Winter/Materials/full/low/spruce_full_03_low_trunk.uasset" 8245
"C:/UnrealProyects/MotoresComerciales/Motorescomerciales1/MotoresComerciales/Content/PN_interactiveSpruceForest/ExampleContent/Winter/Materials/full/low/spruce_full_01_low_leaf.uasset" 8246
"C:/UnrealProyects/MotoresComerciales/Motorescomerciales1/MotoresComerciales/Content/PN_interactiveSpruceForest/ExampleContent/Winter/Materials/full/low/spruce_full_02_low_branch.uasset" 8247
"C:/UnrealProyects/MotoresComerciales/Motorescomerciales1/MotoresComerciales/Content/PN_interactiveSpruceForest/ExampleContent/Winter/Materials/full/low/spruce_full_01_low_branch.uasset" 8248
"C:/UnrealProyects/MotoresComerciales/Motorescomerciales1/MotoresComerciales/Content/PN_interactiveSpruceForest/ExampleContent/Winter/Materials/full/low/spruce_full_01_low_trunk.uasset" 8249
"C:/UnrealProyects/MotoresComerciales/Motorescomerciales1/MotoresComerciales/Content/PN_interactiveSpruceForest/ExampleContent/Winter/Materials/full/high/spruce_full_03_trunk.uasset" 8250
"C:/UnrealProyects/MotoresComerciales/Motorescomerciales1/MotoresComerciales/Content/PN_interactiveSpruceForest/ExampleContent/Winter/Materials/full/high/spruce_full_03_leaf.uasset" 8251
"C:/UnrealProyects/MotoresComerciales/Motorescomerciales1/MotoresComerciales/Content/PN_interactiveSpruceForest/ExampleContent/Winter/Materials/full/high/spruce_full_02_trunk.uasset" 8252
"C:/UnrealProyects/MotoresComerciales/Motorescomerciales1/MotoresComerciales/Content/PN_interactiveSpruceForest/ExampleContent/Winter/Materials/full/high/spruce_full_03_branch.uasset" 8253
"C:/UnrealProyects/MotoresComerciales/Motorescomerciales1/MotoresComerciales/Content/PN_interactiveSpruceForest/ExampleContent/Winter/Materials/full/high/spruce_full_02_leaf.uasset" 8254
"C:/UnrealProyects/MotoresComerciales/Motorescomerciales1/MotoresComerciales/Content/PN_interactiveSpruceForest/ExampleContent/Winter/Materials/full/high/spruce_full_02_branch.uasset" 8255
"C:/UnrealProyects/MotoresComerciales/Motorescomerciales1/MotoresComerciales/Content/PN_interactiveSpruceForest/ExampleContent/Winter/Materials/full/high/spruce_full_01_trunk.uasset" 8256
"C:/UnrealProyects/MotoresComerciales/Motorescomerciales1/MotoresComerciales/Content/PN_interactiveSpruceForest/ExampleContent/Winter/Materials/full/high/spruce_full_01_branch.uasset" 8257
"C:/UnrealProyects/MotoresComerciales/Motorescomerciales1/MotoresComerciales/Content/PN_interactiveSpruceForest/ExampleContent/Winter/Materials/full/high/spruce_full_01_leaf.uasset" 8258
"C:/UnrealProyects/MotoresComerciales/Motorescomerciales1/MotoresComerciales/Content/PN_interactiveSpruceForest/Materials/MaterialInstances/small/spruce_small_07_trunk.uasset" 8259
"C:/UnrealProyects/MotoresComerciales/Motorescomerciales1/MotoresComerciales/Content/PN_interactiveSpruceForest/Materials/MaterialInstances/small/spruce_small_07_branch.uasset" 8260
"C:/UnrealProyects/MotoresComerciales/Motorescomerciales1/MotoresComerciales/Content/PN_interactiveSpruceForest/Materials/MaterialInstances/small/spruce_small_07_leaf.uasset" 8261
"C:/UnrealProyects/MotoresComerciales/Motorescomerciales1/MotoresComerciales/Content/PN_interactiveSpruceForest/Materials/MaterialInstances/small/spruce_small_06_trunk.uasset" 8262
"C:/UnrealProyects/MotoresComerciales/Motorescomerciales1/MotoresComerciales/Content/PN_interactiveSpruceForest/Materials/MaterialInstances/small/spruce_small_06_leaf.uasset" 8263
"C:/UnrealProyects/MotoresComerciales/Motorescomerciales1/MotoresComerciales/Content/PN_interactiveSpruceForest/Materials/MaterialInstances/small/spruce_small_06_branch.uasset" 8264
"C:/UnrealProyects/MotoresComerciales/Motorescomerciales1/MotoresComerciales/Content/PN_interactiveSpruceForest/Materials/MaterialInstances/small/spruce_small_05_trunk.uasset" 8265
"C:/UnrealProyects/MotoresComerciales/Motorescomerciales1/MotoresComerciales/Content/PN_interactiveSpruceForest/Materials/MaterialInstances/small/spruce_small_05_leaf.uasset" 8266
"C:/UnrealProyects/MotoresComerciales/Motorescomerciales1/MotoresComerciales/Content/PN_interactiveSpruceForest/Materials/MaterialInstances/small/spruce_small_05_branch.uasset" 8267
"C:/UnrealProyects/MotoresComerciales/Motorescomerciales1/MotoresComerciales/Content/PN_interactiveSpruceForest/Materials/MaterialInstances/small/spruce_small_04_trunk.uasset" 8268
"C:/UnrealProyects/MotoresComerciales/Motorescomerciales1/MotoresComerciales/Content/PN_interactiveSpruceForest/Materials/MaterialInstances/small/spruce_small_03_trunk.uasset" 8269
"C:/UnrealProyects/MotoresComerciales/Motorescomerciales1/MotoresComerciales/Content/PN_interactiveSpruceForest/Materials/MaterialInstances/small/spruce_small_04_leaf.uasset" 8270
"C:/UnrealProyects/MotoresComerciales/Motorescomerciales1/MotoresComerciales/Content/PN_interactiveSpruceForest/Materials/MaterialInstances/small/spruce_small_03_leaf.uasset" 8271
"C:/UnrealProyects/MotoresComerciales/Motorescomerciales1/MotoresComerciales/Content/PN_interactiveSpruceForest/Materials/MaterialInstances/small/spruce_small_02_trunk.uasset" 8272
"C:/UnrealProyects/MotoresComerciales/Motorescomerciales1/MotoresComerciales/Content/PN_interactiveSpruceForest/Materials/MaterialInstances/small/spruce_small_01_trunk.uasset" 8273
"C:/UnrealProyects/MotoresComerciales/Motorescomerciales1/MotoresComerciales/Content/PN_interactiveSpruceForest/Materials/MaterialInstances/small/spruce_small_02_leaf.uasset" 8274
"C:/UnrealProyects/MotoresComerciales/Motorescomerciales1/MotoresComerciales/Content/PN_interactiveSpruceForest/Materials/MaterialInstances/small/spruce_small_01_leaf.uasset" 8275
"C:/UnrealProyects/MotoresComerciales/Motorescomerciales1/MotoresComerciales/Content/PN_interactiveSpruceForest/Materials/MaterialInstances/half/low/spruce_half_04_low_trunk.uasset" 8276
"C:/UnrealProyects/MotoresComerciales/Motorescomerciales1/MotoresComerciales/Content/PN_interactiveSpruceForest/Materials/MaterialInstances/half/low/spruce_half_04_low_leaf.uasset" 8277
"C:/UnrealProyects/MotoresComerciales/Motorescomerciales1/MotoresComerciales/Content/PN_interactiveSpruceForest/Materials/MaterialInstances/half/low/spruce_half_04_low_branch.uasset" 8278
"C:/UnrealProyects/MotoresComerciales/Motorescomerciales1/MotoresComerciales/Content/PN_interactiveSpruceForest/Materials/MaterialInstances/half/low/spruce_half_03_low_trunk.uasset" 8279
"C:/UnrealProyects/MotoresComerciales/Motorescomerciales1/MotoresComerciales/Content/PN_interactiveSpruceForest/Materials/MaterialInstances/half/low/spruce_half_03_low_leaf.uasset" 8280
"C:/UnrealProyects/MotoresComerciales/Motorescomerciales1/MotoresComerciales/Content/PN_interactiveSpruceForest/Materials/MaterialInstances/half/low/spruce_half_03_low_branch.uasset" 8281
"C:/UnrealProyects/MotoresComerciales/Motorescomerciales1/MotoresComerciales/Content/PN_interactiveSpruceForest/Materials/MaterialInstances/half/low/spruce_half_02_low_trunk.uasset" 8282
"C:/UnrealProyects/MotoresComerciales/Motorescomerciales1/MotoresComerciales/Content/PN_interactiveSpruceForest/Materials/MaterialInstances/half/low/spruce_half_02_low_leaf.uasset" 8283
"C:/UnrealProyects/MotoresComerciales/Motorescomerciales1/MotoresComerciales/Content/PN_interactiveSpruceForest/Materials/MaterialInstances/half/low/spruce_half_02_low_branch.uasset" 8284
"C:/UnrealProyects/MotoresComerciales/Motorescomerciales1/MotoresComerciales/Content/PN_interactiveSpruceForest/Materials/MaterialInstances/half/low/spruce_half_01_low_trunk.uasset" 8285
"C:/UnrealProyects/MotoresComerciales/Motorescomerciales1/MotoresComerciales/Content/PN_interactiveSpruceForest/Materials/MaterialInstances/half/low/spruce_half_01_low_leaf.uasset" 8286
"C:/UnrealProyects/MotoresComerciales/Motorescomerciales1/MotoresComerciales/Content/PN_interactiveSpruceForest/Materials/MaterialInstances/half/low/spruce_half_01_low_branch.uasset" 8287
"C:/UnrealProyects/MotoresComerciales/Motorescomerciales1/MotoresComerciales/Content/PN_interactiveSpruceForest/Materials/MaterialInstances/half/high/spruce_half_04_trunk.uasset" 8288
"C:/UnrealProyects/MotoresComerciales/Motorescomerciales1/MotoresComerciales/Content/PN_interactiveSpruceForest/Materials/MaterialInstances/half/high/spruce_half_04_leaf.uasset" 8289
"C:/UnrealProyects/MotoresComerciales/Motorescomerciales1/MotoresComerciales/Content/PN_interactiveSpruceForest/Materials/MaterialInstances/half/high/spruce_half_03_trunk.uasset" 8290
"C:/UnrealProyects/MotoresComerciales/Motorescomerciales1/MotoresComerciales/Content/PN_interactiveSpruceForest/Materials/MaterialInstances/half/high/spruce_half_04_branch.uasset" 8291
"C:/UnrealProyects/MotoresComerciales/Motorescomerciales1/MotoresComerciales/Content/PN_interactiveSpruceForest/Materials/MaterialInstances/half/high/spruce_half_03_leaf.uasset" 8292
"C:/UnrealProyects/MotoresComerciales/Motorescomerciales1/MotoresComerciales/Content/PN_interactiveSpruceForest/Materials/MaterialInstances/half/high/spruce_half_03_branch.uasset" 8293
"C:/UnrealProyects/MotoresComerciales/Motorescomerciales1/MotoresComerciales/Content/PN_interactiveSpruceForest/Materials/MaterialInstances/half/high/spruce_half_02_leaf.uasset" 8294
"C:/UnrealProyects/MotoresComerciales/Motorescomerciales1/MotoresComerciales/Content/PN_interactiveSpruceForest/Materials/MaterialInstances/half/high/spruce_half_02_trunk.uasset" 8295
"C:/UnrealProyects/MotoresComerciales/Motorescomerciales1/MotoresComerciales/Content/PN_interactiveSpruceForest/Materials/MaterialInstances/half/high/spruce_half_02_branch.uasset" 8296
"C:/UnrealProyects/MotoresComerciales/Motorescomerciales1/MotoresComerciales/Content/PN_interactiveSpruceForest/Materials/MaterialInstances/half/high/spruce_half_01_trunk.uasset" 8297
"C:/UnrealProyects/MotoresComerciales/Motorescomerciales1/MotoresComerciales/Content/PN_interactiveSpruceForest/Materials/MaterialInstances/half/high/spruce_half_01_leaf.uasset" 8298
"C:/UnrealProyects/MotoresComerciales/Motorescomerciales1/MotoresComerciales/Content/PN_interactiveSpruceForest/Materials/MaterialInstances/half/high/spruce_half_01_branch.uasset" 8299
"C:/UnrealProyects/MotoresComerciales/Motorescomerciales1/MotoresComerciales/Content/PN_interactiveSpruceForest/Materials/MaterialInstances/full/low/spruce_full_03_low_trunk.uasset" 8300
"C:/UnrealProyects/MotoresComerciales/Motorescomerciales1/MotoresComerciales/Content/PN_interactiveSpruceForest/Materials/MaterialInstances/full/low/spruce_full_03_low_leaf.uasset" 8301
"C:/UnrealProyects/MotoresComerciales/Motorescomerciales1/MotoresComerciales/Content/PN_interactiveSpruceForest/Materials/MaterialInstances/full/low/spruce_full_03_low_branch.uasset" 8302
"C:/UnrealProyects/MotoresComerciales/Motorescomerciales1/MotoresComerciales/Content/PN_interactiveSpruceForest/Materials/MaterialInstances/full/low/spruce_full_02_low_trunk.uasset" 8303
"C:/UnrealProyects/MotoresComerciales/Motorescomerciales1/MotoresComerciales/Content/PN_interactiveSpruceForest/Materials/MaterialInstances/full/low/spruce_full_02_low_leaf.uasset" 8304
"C:/UnrealProyects/MotoresComerciales/Motorescomerciales1/MotoresComerciales/Content/PN_interactiveSpruceForest/Materials/MaterialInstances/full/low/spruce_full_02_low_branch.uasset" 8305
"C:/UnrealProyects/MotoresComerciales/Motorescomerciales1/MotoresComerciales/Content/PN_interactiveSpruceForest/Materials/MaterialInstances/full/low/spruce_full_01_low_trunk.uasset" 8306
"C:/UnrealProyects/MotoresComerciales/Motorescomerciales1/MotoresComerciales/Content/PN_interactiveSpruceForest/Materials/MaterialInstances/full/high/spruce_full_03_trunk.uasset" 8307
"C:/UnrealProyects/MotoresComerciales/Motorescomerciales1/MotoresComerciales/Content/PN_interactiveSpruceForest/Materials/MaterialInstances/full/low/spruce_full_01_low_leaf.uasset" 8308
"C:/UnrealProyects/MotoresComerciales/Motorescomerciales1/MotoresComerciales/Content/PN_interactiveSpruceForest/Materials/MaterialInstances/full/low/spruce_full_01_low_branch.uasset" 8309
"C:/UnrealProyects/MotoresComerciales/Motorescomerciales1/MotoresComerciales/Content/PN_interactiveSpruceForest/Materials/MaterialInstances/full/high/spruce_full_02_trunk.uasset" 8310
"C:/UnrealProyects/MotoresComerciales/Motorescomerciales1/MotoresComerciales/Content/PN_interactiveSpruceForest/Materials/MaterialInstances/full/high/spruce_full_02_leaf.uasset" 8311
"C:/UnrealProyects/MotoresComerciales/Motorescomerciales1/MotoresComerciales/Content/PN_interactiveSpruceForest/Materials/MaterialInstances/full/high/spruce_full_03_branch.uasset" 8312
"C:/UnrealProyects/MotoresComerciales/Motorescomerciales1/MotoresComerciales/Content/PN_interactiveSpruceForest/Materials/MaterialInstances/full/high/spruce_full_03_leaf.uasset" 8313
"C:/UnrealProyects/MotoresComerciales/Motorescomerciales1/MotoresComerciales/Content/PN_interactiveSpruceForest/Materials/MaterialInstances/full/high/spruce_full_01_trunk.uasset" 8314
"C:/UnrealProyects/MotoresComerciales/Motorescomerciales1/MotoresComerciales/Content/PN_interactiveSpruceForest/Materials/MaterialInstances/full/high/spruce_full_02_branch.uasset" 8315
"C:/UnrealProyects/MotoresComerciales/Motorescomerciales1/MotoresComerciales/Content/PN_interactiveSpruceForest/Materials/MaterialInstances/full/high/spruce_full_01_leaf.uasset" 8316
"C:/UnrealProyects/MotoresComerciales/Motorescomerciales1/MotoresComerciales/Content/PN_interactiveSpruceForest/Materials/MaterialInstances/full/high/spruce_full_01_branch.uasset" 8317
"C:/UnrealProyects/MotoresComerciales/Motorescomerciales1/MotoresComerciales/Content/MetaHumans/Common/Materials/MI_Hair.uasset" 8318
"C:/UnrealProyects/MotoresComerciales/Motorescomerciales1/MotoresComerciales/Content/MetaHumans/Common/Materials/MI_Facial_Hair.uasset" 8319
"C:/UnrealProyects/MotoresComerciales/Motorescomerciales1/MotoresComerciales/Content/MetaHumans/Common/Face/Materials/Baked/MI_HeadSynthesized_Baked.uasset" 8320
"C:/UnrealProyects/MotoresComerciales/Motorescomerciales1/MotoresComerciales/Content/Fab/Wooden_House/Material_004.uasset" 8321
"C:/UnrealProyects/MotoresComerciales/Motorescomerciales1/MotoresComerciales/Content/Fab/A_couple_of_Wild_West_style_houses/Glass_001.uasset" 8322
"C:/UnrealProyects/MotoresComerciales/Motorescomerciales1/MotoresComerciales/Content/Fab/A_couple_of_Wild_West_style_houses/Glass.uasset" 8323
"C:/UnrealProyects/MotoresComerciales/Motorescomerciales1/MotoresComerciales/Content/Fab/Village_house/Scene_-_Root.uasset" 8324
"C:/UnrealProyects/MotoresComerciales/Motorescomerciales1/MotoresComerciales/Content/Fab/LOD_Billboard_Summer_Trees_Pack/MapleFall.uasset" 8325
"C:/UnrealProyects/MotoresComerciales/Motorescomerciales1/MotoresComerciales/Content/Fab/LOD_Billboard_Summer_Trees_Pack/Pine.uasset" 8326
"C:/UnrealProyects/MotoresComerciales/Motorescomerciales1/MotoresComerciales/Content/Fab/A_simple_street_light_lamp/Glass.uasset" 8327
"C:/UnrealProyects/MotoresComerciales/Motorescomerciales1/MotoresComerciales/Content/Fab/LOD_Billboard_Summer_Trees_Pack/Crabapple.uasset" 8328
"C:/UnrealProyects/MotoresComerciales/Motorescomerciales1/MotoresComerciales/Content/Fab/A_couple_of_Wild_West_style_houses/Weed_bqm.uasset" 8329
"C:/UnrealProyects/MotoresComerciales/Motorescomerciales1/MotoresComerciales/Content/FoliageLandscape/StoneFlore/GLb/Japanese_Shrine_Stone_Floor_ugrxbjkfa_Mid.uasset" 8330
"C:/UnrealProyects/MotoresComerciales/Motorescomerciales1/MotoresComerciales/Content/Fab/A_couple_of_Wild_West_style_houses/Flowers_Purple_bqm.uasset" 8331
"C:/UnrealProyects/MotoresComerciales/Motorescomerciales1/MotoresComerciales/Content/Fab/Wooden_House/Material_012.uasset" 8332
"C:/UnrealProyects/MotoresComerciales/Motorescomerciales1/MotoresComerciales/Content/FoliageLandscape/JapaneseStoneFloor/Japanese_Park_Stone_Floor_uljcfd0_Mid.uasset" 8333
"C:/UnrealProyects/MotoresComerciales/Motorescomerciales1/MotoresComerciales/Content/Fab/Wooden_House/Material_011.uasset" 8334
"C:/UnrealProyects/MotoresComerciales/Motorescomerciales1/MotoresComerciales/Content/Fab/Wooden_House/Material_010.uasset" 8335
"C:/UnrealProyects/MotoresComerciales/Motorescomerciales1/MotoresComerciales/Content/Fab/Wooden_House/Material_008.uasset" 8336
"C:/UnrealProyects/MotoresComerciales/Motorescomerciales1/MotoresComerciales/Content/Fab/Wooden_House/Material_007.uasset" 8337
"C:/UnrealProyects/MotoresComerciales/Motorescomerciales1/MotoresComerciales/Content/Fab/Wooden_House/Material_003.uasset" 8338
"C:/UnrealProyects/MotoresComerciales/Motorescomerciales1/MotoresComerciales/Content/Fab/Wooden_House/Material_006.uasset" 8339
"C:/UnrealProyects/MotoresComerciales/Motorescomerciales1/MotoresComerciales/Content/Fab/Low_Poly_Garden_Lamp_?_Stylized_Outdoor_Light/texture.uasset" 8340
"C:/UnrealProyects/MotoresComerciales/Motorescomerciales1/MotoresComerciales/Content/Fab/Wooden_House/Material_001.uasset" 8341
"C:/UnrealProyects/MotoresComerciales/Motorescomerciales1/MotoresComerciales/Content/Fab/A_simple_street_light_lamp/Lamp_.uasset" 8342
"C:/UnrealProyects/MotoresComerciales/Motorescomerciales1/MotoresComerciales/Content/Fab/Wooden_House/Material.uasset" 8343
"C:/UnrealProyects/MotoresComerciales/Motorescomerciales1/MotoresComerciales/Content/Fab/A_couple_of_Wild_West_style_houses/Window_inner_frames.uasset" 8344
"C:/UnrealProyects/MotoresComerciales/Motorescomerciales1/MotoresComerciales/Content/Fab/A_couple_of_Wild_West_style_houses/Window_frames_inner.uasset" 8345
"C:/UnrealProyects/MotoresComerciales/Motorescomerciales1/MotoresComerciales/Content/Fab/A_couple_of_Wild_West_style_houses/Window_frames_outer.uasset" 8346
"C:/UnrealProyects/MotoresComerciales/Motorescomerciales1/MotoresComerciales/Content/Fab/A_couple_of_Wild_West_style_houses/Window_frames.uasset" 8347
"C:/UnrealProyects/MotoresComerciales/Motorescomerciales1/MotoresComerciales/Content/Fab/A_couple_of_Wild_West_style_houses/Steps.uasset" 8348
"C:/UnrealProyects/MotoresComerciales/Motorescomerciales1/MotoresComerciales/Content/Fab/A_couple_of_Wild_West_style_houses/Roof_tile_4_001.uasset" 8349
"C:/UnrealProyects/MotoresComerciales/Motorescomerciales1/MotoresComerciales/Content/Fab/A_couple_of_Wild_West_style_houses/Roof_tile_4.uasset" 8350
"C:/UnrealProyects/MotoresComerciales/Motorescomerciales1/MotoresComerciales/Content/Fab/A_couple_of_Wild_West_style_houses/Roof_tile_3_001.uasset" 8351
"C:/UnrealProyects/MotoresComerciales/Motorescomerciales1/MotoresComerciales/Content/Fab/A_couple_of_Wild_West_style_houses/Roof_tile_3.uasset" 8352
"C:/UnrealProyects/MotoresComerciales/Motorescomerciales1/MotoresComerciales/Content/Fab/A_couple_of_Wild_West_style_houses/Roof_tile_2_001.uasset" 8353
"C:/UnrealProyects/MotoresComerciales/Motorescomerciales1/MotoresComerciales/Content/Fab/A_couple_of_Wild_West_style_houses/Roof_tile_1.uasset" 8354
"C:/UnrealProyects/MotoresComerciales/Motorescomerciales1/MotoresComerciales/Content/Fab/A_couple_of_Wild_West_style_houses/Roof_tile_2.uasset" 8355
"C:/UnrealProyects/MotoresComerciales/Motorescomerciales1/MotoresComerciales/Content/Fab/A_couple_of_Wild_West_style_houses/Roof.uasset" 8356
"C:/UnrealProyects/MotoresComerciales/Motorescomerciales1/MotoresComerciales/Content/Fab/A_couple_of_Wild_West_style_houses/Roof_tile_1_001.uasset" 8357
"C:/UnrealProyects/MotoresComerciales/Motorescomerciales1/MotoresComerciales/Content/Fab/A_couple_of_Wild_West_style_houses/Portal_window_frame.uasset" 8358
"C:/UnrealProyects/MotoresComerciales/Motorescomerciales1/MotoresComerciales/Content/Fab/A_couple_of_Wild_West_style_houses/Raised_bed.uasset" 8359
"C:/UnrealProyects/MotoresComerciales/Motorescomerciales1/MotoresComerciales/Content/Fab/A_couple_of_Wild_West_style_houses/Porch_barriers.uasset" 8360
"C:/UnrealProyects/MotoresComerciales/Motorescomerciales1/MotoresComerciales/Content/Fab/A_couple_of_Wild_West_style_houses/Porch.uasset" 8361
"C:/UnrealProyects/MotoresComerciales/Motorescomerciales1/MotoresComerciales/Content/Fab/A_couple_of_Wild_West_style_houses/Inner_frames.uasset" 8362
"C:/UnrealProyects/MotoresComerciales/Motorescomerciales1/MotoresComerciales/Content/Fab/A_couple_of_Wild_West_style_houses/House_frame.uasset" 8363
"C:/UnrealProyects/MotoresComerciales/Motorescomerciales1/MotoresComerciales/Content/Fab/A_couple_of_Wild_West_style_houses/House.uasset" 8364
"C:/UnrealProyects/MotoresComerciales/Motorescomerciales1/MotoresComerciales/Content/Fab/A_couple_of_Wild_West_style_houses/House_001.uasset" 8365
"C:/UnrealProyects/MotoresComerciales/Motorescomerciales1/MotoresComerciales/Content/Fab/A_couple_of_Wild_West_style_houses/Ground.uasset" 8366
"C:/UnrealProyects/MotoresComerciales/Motorescomerciales1/MotoresComerciales/Content/Fab/A_couple_of_Wild_West_style_houses/Grass_bqm.uasset" 8367
"C:/UnrealProyects/MotoresComerciales/Motorescomerciales1/MotoresComerciales/Content/Fab/A_couple_of_Wild_West_style_houses/Floor.uasset" 8368
"C:/UnrealProyects/MotoresComerciales/Motorescomerciales1/MotoresComerciales/Content/Fab/A_couple_of_Wild_West_style_houses/Fence.uasset" 8369
"C:/UnrealProyects/MotoresComerciales/Motorescomerciales1/MotoresComerciales/Content/Fab/A_couple_of_Wild_West_style_houses/Door_frame_002.uasset" 8370
"C:/UnrealProyects/MotoresComerciales/Motorescomerciales1/MotoresComerciales/Content/Fab/A_couple_of_Wild_West_style_houses/Door.uasset" 8371
"C:/UnrealProyects/MotoresComerciales/Motorescomerciales1/MotoresComerciales/Content/Fab/A_couple_of_Wild_West_style_houses/Chimney.uasset" 8372
"C:/UnrealProyects/MotoresComerciales/Motorescomerciales1/MotoresComerciales/Content/Fab/A_couple_of_Wild_West_style_houses/Door_001.uasset" 8373
"C:/UnrealProyects/MotoresComerciales/Motorescomerciales1/MotoresComerciales/Content/Fab/A_couple_of_Wild_West_style_houses/Door_frame.uasset" 8374
"C:/UnrealProyects/MotoresComerciales/Motorescomerciales1/MotoresComerciales/Content/PN_interactiveSpruceForest/Materials/MaterialInstances/imposter/low/half_02_imposter.uasset" 8375
"C:/UnrealProyects/MotoresComerciales/Motorescomerciales1/MotoresComerciales/Content/Fab/A_couple_of_Wild_West_style_houses/Base_Soil-rough_bqm.uasset" 8376
"C:/UnrealProyects/MotoresComerciales/Motorescomerciales1/MotoresComerciales/Content/PN_interactiveSpruceForest/Materials/MaterialInstances/imposter/low/half_01_imposter.uasset" 8377
"C:/UnrealProyects/MotoresComerciales/Motorescomerciales1/MotoresComerciales/Content/PN_interactiveSpruceForest/Materials/MaterialInstances/imposter/low/half_03_imposter.uasset" 8378
"C:/UnrealProyects/MotoresComerciales/Motorescomerciales1/MotoresComerciales/Content/PN_interactiveSpruceForest/Materials/MaterialInstances/imposter/low/full_01_imposter.uasset" 8379
"C:/UnrealProyects/MotoresComerciales/Motorescomerciales1/MotoresComerciales/Content/PN_interactiveSpruceForest/Materials/MaterialInstances/imposter/low/full_02_imposter.uasset" 8380
"C:/UnrealProyects/MotoresComerciales/Motorescomerciales1/MotoresComerciales/Content/PN_interactiveSpruceForest/Materials/MaterialInstances/imposter/low/half_04_imposter.uasset" 8381
"C:/UnrealProyects/MotoresComerciales/Motorescomerciales1/MotoresComerciales/Content/PN_interactiveSpruceForest/Materials/MaterialInstances/imposter/high/half_04_imposter.uasset" 8382
"C:/UnrealProyects/MotoresComerciales/Motorescomerciales1/MotoresComerciales/Content/PN_interactiveSpruceForest/Materials/MaterialInstances/imposter/low/full_03_imposter.uasset" 8383
"C:/UnrealProyects/MotoresComerciales/Motorescomerciales1/MotoresComerciales/Content/PN_interactiveSpruceForest/Materials/MaterialInstances/imposter/high/half_02_imposter.uasset" 8384
"C:/UnrealProyects/MotoresComerciales/Motorescomerciales1/MotoresComerciales/Content/PN_interactiveSpruceForest/Materials/MaterialInstances/imposter/high/half_03_imposter.uasset" 8385
"C:/UnrealProyects/MotoresComerciales/Motorescomerciales1/MotoresComerciales/Content/PN_interactiveSpruceForest/Materials/MaterialInstances/imposter/high/half_01_imposter.uasset" 8386
"C:/UnrealProyects/MotoresComerciales/Motorescomerciales1/MotoresComerciales/Content/PN_interactiveSpruceForest/Materials/MaterialInstances/imposter/high/full_02_imposter.uasset" 8387
"C:/UnrealProyects/MotoresComerciales/Motorescomerciales1/MotoresComerciales/Content/PN_interactiveSpruceForest/Materials/MaterialInstances/imposter/high/full_03_imposter.uasset" 8388
"C:/UnrealProyects/MotoresComerciales/Motorescomerciales1/MotoresComerciales/Content/PN_interactiveSpruceForest/Materials/MaterialInstances/imposter/high/full_01_imposter.uasset" 8389
"C:/UnrealProyects/MotoresComerciales/Motorescomerciales1/MotoresComerciales/Content/PN_interactiveSpruceForest/ExampleContent/Winter/Materials/imposter/low/full_02_imposter.uasset" 8390
"C:/UnrealProyects/MotoresComerciales/Motorescomerciales1/MotoresComerciales/Content/PN_interactiveSpruceForest/ExampleContent/Winter/Materials/imposter/low/half_03_imposter.uasset" 8391
"C:/UnrealProyects/MotoresComerciales/Motorescomerciales1/MotoresComerciales/Content/PN_interactiveSpruceForest/ExampleContent/Winter/Materials/imposter/low/half_04_imposter.uasset" 8392
"C:/UnrealProyects/MotoresComerciales/Motorescomerciales1/MotoresComerciales/Content/PN_interactiveSpruceForest/ExampleContent/Winter/Materials/imposter/low/half_01_imposter.uasset" 8393
"C:/UnrealProyects/MotoresComerciales/Motorescomerciales1/MotoresComerciales/Content/PN_interactiveSpruceForest/ExampleContent/Winter/Materials/imposter/low/full_03_imposter.uasset" 8394
"C:/UnrealProyects/MotoresComerciales/Motorescomerciales1/MotoresComerciales/Content/PN_interactiveSpruceForest/ExampleContent/Winter/Materials/imposter/low/half_02_imposter.uasset" 8395
"C:/UnrealProyects/MotoresComerciales/Motorescomerciales1/MotoresComerciales/Content/PN_interactiveSpruceForest/ExampleContent/Winter/Materials/imposter/low/full_01_imposter.uasset" 8396
"C:/UnrealProyects/MotoresComerciales/Motorescomerciales1/MotoresComerciales/Content/PN_interactiveSpruceForest/ExampleContent/Winter/Materials/imposter/high/half_04_imposter.uasset" 8397
"C:/UnrealProyects/MotoresComerciales/Motorescomerciales1/MotoresComerciales/Content/PN_interactiveSpruceForest/ExampleContent/Winter/Materials/imposter/high/half_02_imposter.uasset" 8398
"C:/UnrealProyects/MotoresComerciales/Motorescomerciales1/MotoresComerciales/Content/PN_interactiveSpruceForest/ExampleContent/Winter/Materials/imposter/high/half_03_imposter.uasset" 8399
"C:/UnrealProyects/MotoresComerciales/Motorescomerciales1/MotoresComerciales/Content/PN_interactiveSpruceForest/ExampleContent/Winter/Materials/imposter/high/half_01_imposter.uasset" 8400
"C:/UnrealProyects/MotoresComerciales/Motorescomerciales1/MotoresComerciales/Content/PN_interactiveSpruceForest/ExampleContent/Winter/Materials/imposter/high/full_03_imposter.uasset" 8401
"C:/UnrealProyects/MotoresComerciales/Motorescomerciales1/MotoresComerciales/Content/ThirdPerson/Blueprints/BP_ThirdPersonCharacter.uasset" 8402
"../../../../../../UnrealProyects/MotoresComerciales/Motorescomerciales1/MotoresComerciales/Content/PN_interactiveSpruceForest/Textures/Imposter/half_04_imposter_A.uasset" 8403
"../../../../../../UnrealProyects/MotoresComerciales/Motorescomerciales1/MotoresComerciales/Content/PN_interactiveSpruceForest/Textures/Imposter/half_04_imposter_N.uasset" 8404
"C:/UnrealProyects/MotoresComerciales/Motorescomerciales1/MotoresComerciales/Content/PN_interactiveSpruceForest/ExampleContent/Winter/Materials/imposter/high/full_02_imposter.uasset" 8405
"../../../../../../UnrealProyects/MotoresComerciales/Motorescomerciales1/MotoresComerciales/Content/PN_interactiveSpruceForest/Textures/Imposter/half_04_imposter_O.uasset" 8406
"../../../../../../UnrealProyects/MotoresComerciales/Motorescomerciales1/MotoresComerciales/Content/PN_interactiveSpruceForest/Textures/PivotPainterTextures/imposter/Imposter_PIV.uasset" 8407
"../../../../../../UnrealProyects/MotoresComerciales/Motorescomerciales1/MotoresComerciales/Content/PN_interactiveSpruceForest/Textures/PivotPainterTextures/imposter/Imposter_VEC.uasset" 8408
"C:/UnrealProyects/MotoresComerciales/Motorescomerciales1/MotoresComerciales/Content/ThirdPerson/Blueprints/BP_NPCE.uasset" 8409
"C:/UnrealProyects/MotoresComerciales/Motorescomerciales1/MotoresComerciales/Content/PN_interactiveSpruceForest/ExampleContent/Winter/Materials/imposter/high/full_01_imposter.uasset" 8410
"../../../../../../UnrealProyects/MotoresComerciales/Motorescomerciales1/MotoresComerciales/Content/PN_interactiveSpruceForest/Textures/Imposter/half_03_imposter_A.uasset" 8411
"../../../../../../UnrealProyects/MotoresComerciales/Motorescomerciales1/MotoresComerciales/Content/PN_interactiveSpruceForest/Textures/Imposter/half_03_imposter_N.uasset" 8412
"C:/UnrealProyects/MotoresComerciales/Motorescomerciales1/MotoresComerciales/Content/PN_interactiveSpruceForest/ExampleContent/Winter/Meshes/small/winter_spruce_small_07.uasset" 8413
"../../../../../../UnrealProyects/MotoresComerciales/Motorescomerciales1/MotoresComerciales/Content/PN_interactiveSpruceForest/Textures/Imposter/half_03_imposter_O.uasset" 8414
"C:/UnrealProyects/MotoresComerciales/Motorescomerciales1/MotoresComerciales/Content/PN_interactiveSpruceForest/ExampleContent/Winter/Meshes/small/winter_spruce_small_06.uasset" 8415
"../../../../../../UnrealProyects/MotoresComerciales/Motorescomerciales1/MotoresComerciales/Content/PN_interactiveSpruceForest/Textures/Imposter/half_02_imposter_A.uasset" 8416
"../../../../../../UnrealProyects/MotoresComerciales/Motorescomerciales1/MotoresComerciales/Content/PN_interactiveSpruceForest/Textures/Imposter/half_02_imposter_N.uasset" 8417
"../../../../../../UnrealProyects/MotoresComerciales/Motorescomerciales1/MotoresComerciales/Content/PN_interactiveSpruceForest/Textures/Imposter/half_02_imposter_O.uasset" 8418
"C:/UnrealProyects/MotoresComerciales/Motorescomerciales1/MotoresComerciales/Content/PN_interactiveSpruceForest/ExampleContent/Winter/Meshes/small/winter_spruce_small_05.uasset" 8419
"C:/UnrealProyects/MotoresComerciales/Motorescomerciales1/MotoresComerciales/Content/PN_interactiveSpruceForest/ExampleContent/Winter/Meshes/small/winter_spruce_small_04.uasset" 8420
"../../../../../../UnrealProyects/MotoresComerciales/Motorescomerciales1/MotoresComerciales/Content/PN_interactiveSpruceForest/Textures/Imposter/half_01_imposter_O.uasset" 8421
"C:/UnrealProyects/MotoresComerciales/Motorescomerciales1/MotoresComerciales/Content/PN_interactiveSpruceForest/ExampleContent/Winter/Meshes/small/winter_spruce_small_03.uasset" 8422
"C:/UnrealProyects/MotoresComerciales/Motorescomerciales1/MotoresComerciales/Content/PN_interactiveSpruceForest/ExampleContent/Winter/Meshes/small/winter_spruce_small_02.uasset" 8423
"C:/UnrealProyects/MotoresComerciales/Motorescomerciales1/MotoresComerciales/Content/PN_interactiveSpruceForest/ExampleContent/Winter/Meshes/small/winter_spruce_small_01.uasset" 8424
"C:/UnrealProyects/MotoresComerciales/Motorescomerciales1/MotoresComerciales/Content/PN_interactiveSpruceForest/Meshes/small/spruce_small_07.uasset" 8425
"C:/UnrealProyects/MotoresComerciales/Motorescomerciales1/MotoresComerciales/Content/PN_interactiveSpruceForest/Meshes/small/spruce_small_06.uasset" 8426
"C:/UnrealProyects/MotoresComerciales/Motorescomerciales1/MotoresComerciales/Content/PN_interactiveSpruceForest/Meshes/small/spruce_small_05.uasset" 8427
"C:/UnrealProyects/MotoresComerciales/Motorescomerciales1/MotoresComerciales/Content/PN_interactiveSpruceForest/Meshes/small/spruce_small_04.uasset" 8428
"C:/UnrealProyects/MotoresComerciales/Motorescomerciales1/MotoresComerciales/Content/PN_interactiveSpruceForest/Meshes/small/spruce_small_03.uasset" 8429
"C:/UnrealProyects/MotoresComerciales/Motorescomerciales1/MotoresComerciales/Content/PN_interactiveSpruceForest/Meshes/small/spruce_small_02.uasset" 8430
"C:/UnrealProyects/MotoresComerciales/Motorescomerciales1/MotoresComerciales/Content/MetaHumans/Vincent/Materials/MI_Hair1.uasset" 8431
"C:/UnrealProyects/MotoresComerciales/Motorescomerciales1/MotoresComerciales/Content/MetaHumans/Vincent/Materials/MI_Hair2.uasset" 8432
"C:/UnrealProyects/MotoresComerciales/Motorescomerciales1/MotoresComerciales/Content/PN_interactiveSpruceForest/Meshes/small/spruce_small_01.uasset" 8433
"C:/UnrealProyects/MotoresComerciales/Motorescomerciales1/MotoresComerciales/Content/MetaHumans/Vincent/Materials/MI_Hair.uasset" 8434
"C:/UnrealProyects/MotoresComerciales/Motorescomerciales1/MotoresComerciales/Content/MetaHumans/Vincent/MaleHair/Hair/Eyelashes_S_Sparse.uasset" 8435
"C:/UnrealProyects/MotoresComerciales/Motorescomerciales1/MotoresComerciales/Content/MetaHumans/Common/Materials/MI_Hair_Helmet.uasset" 8436
"C:/UnrealProyects/MotoresComerciales/Motorescomerciales1/MotoresComerciales/Content/MetaHumans/Common/Materials/MI_Hair_Cards.uasset" 8437
"C:/UnrealProyects/MotoresComerciales/Motorescomerciales1/MotoresComerciales/Content/MetaHumans/Vincent/MaleHair_pfn/Hair/Eyebrows_L_Scraggly.uasset" 8438
"C:/UnrealProyects/MotoresComerciales/Motorescomerciales1/MotoresComerciales/Content/MetaHumans/Common/Face/Materials/Baked/MI_HeadSynthesized_Baked_LOD2.uasset" 8439
"C:/UnrealProyects/MotoresComerciales/Motorescomerciales1/MotoresComerciales/Content/MetaHumans/Common/Face/Materials/Baked/MI_HeadSynthesized_Baked_LOD1.uasset" 8440
"C:/UnrealProyects/MotoresComerciales/Motorescomerciales1/MotoresComerciales/Content/MetaHumans/Vincent/Face/Materials/Baked/MI_HeadSynthesized_Baked.uasset" 8441
"C:/UnrealProyects/MotoresComerciales/Motorescomerciales1/MotoresComerciales/Content/MetaHumans/Vincent/Materials/MI_Facial_Hair.uasset" 8442
"C:/UnrealProyects/MotoresComerciales/Motorescomerciales1/MotoresComerciales/Content/Fab/Village_house/village_house.uasset" 8443
"C:/UnrealProyects/MotoresComerciales/Motorescomerciales1/MotoresComerciales/Content/Fab/LOD_Billboard_Summer_Trees_Pack/lodbillboard_summer_trees_pack.uasset" 8444
"C:/UnrealProyects/MotoresComerciales/Motorescomerciales1/MotoresComerciales/Content/FoliageLandscape/StoneFlore/GLb/japanese_shrine_stone_floor_ugrxbjkfa_mid1.uasset" 8445
"C:/UnrealProyects/MotoresComerciales/Motorescomerciales1/MotoresComerciales/Content/Fab/Wooden_House/wooden_house_house_in_the_woods_project.uasset" 8446
"C:/UnrealProyects/MotoresComerciales/Motorescomerciales1/MotoresComerciales/Content/FoliageLandscape/JapaneseStoneFloor/japanese_park_stone_floor_uljcfd0_mid1.uasset" 8447
"C:/UnrealProyects/MotoresComerciales/Motorescomerciales1/MotoresComerciales/Content/Fab/Low_Poly_Garden_Lamp_?_Stylized_Outdoor_Light/garden_lamp_1.uasset" 8448
"C:/UnrealProyects/MotoresComerciales/Motorescomerciales1/MotoresComerciales/Content/Fab/A_couple_of_Wild_West_style_houses/Houses.uasset" 8449
"C:/UnrealProyects/MotoresComerciales/Motorescomerciales1/MotoresComerciales/Content/Fab/A_simple_street_light_lamp/a_simple_street_light_lamp.uasset" 8450
"C:/UnrealProyects/MotoresComerciales/Motorescomerciales1/MotoresComerciales/Content/PN_interactiveSpruceForest/Meshes/half/low/spruce_half_04_low.uasset" 8451
"C:/UnrealProyects/MotoresComerciales/Motorescomerciales1/MotoresComerciales/Content/PN_interactiveSpruceForest/Meshes/half/low/spruce_half_02_low.uasset" 8452
"C:/UnrealProyects/MotoresComerciales/Motorescomerciales1/MotoresComerciales/Content/PN_interactiveSpruceForest/Meshes/half/low/spruce_half_03_low.uasset" 8453
"C:/UnrealProyects/MotoresComerciales/Motorescomerciales1/MotoresComerciales/Content/PN_interactiveSpruceForest/Meshes/half/low/spruce_half_01_low.uasset" 8454
"C:/UnrealProyects/MotoresComerciales/Motorescomerciales1/MotoresComerciales/Content/PN_interactiveSpruceForest/Meshes/full/low/spruce_full_03_low.uasset" 8455
"C:/UnrealProyects/MotoresComerciales/Motorescomerciales1/MotoresComerciales/Content/PN_interactiveSpruceForest/Meshes/full/low/spruce_full_02_low.uasset" 8456
"C:/UnrealProyects/MotoresComerciales/Motorescomerciales1/MotoresComerciales/Content/PN_interactiveSpruceForest/Meshes/full/low/spruce_full_01_low.uasset" 8457
"C:/UnrealProyects/MotoresComerciales/Motorescomerciales1/MotoresComerciales/Content/PN_interactiveSpruceForest/Meshes/half/high/spruce_half_04.uasset" 8458
"C:/UnrealProyects/MotoresComerciales/Motorescomerciales1/MotoresComerciales/Content/PN_interactiveSpruceForest/Meshes/half/high/spruce_half_03.uasset" 8459
"C:/UnrealProyects/MotoresComerciales/Motorescomerciales1/MotoresComerciales/Content/PN_interactiveSpruceForest/Meshes/half/high/spruce_half_01.uasset" 8460
"C:/UnrealProyects/MotoresComerciales/Motorescomerciales1/MotoresComerciales/Content/PN_interactiveSpruceForest/Meshes/half/high/spruce_half_02.uasset" 8461
"C:/UnrealProyects/MotoresComerciales/Motorescomerciales1/MotoresComerciales/Content/PN_interactiveSpruceForest/Meshes/full/high/spruce_full_03.uasset" 8462
"C:/UnrealProyects/MotoresComerciales/Motorescomerciales1/MotoresComerciales/Content/PN_interactiveSpruceForest/Meshes/full/high/spruce_full_02.uasset" 8463
"C:/UnrealProyects/MotoresComerciales/Motorescomerciales1/MotoresComerciales/Content/PN_interactiveSpruceForest/Meshes/full/high/spruce_full_01.uasset" 8464
"../../../../../../UnrealProyects/MotoresComerciales/Motorescomerciales1/MotoresComerciales/Content/MetaHumans/Vincent/MaleHair_pfn/Hair/Eyebrows_L_Scraggly_CardsMesh_Group0_LOD1.uasset" 8465
"C:/UnrealProyects/MotoresComerciales/Motorescomerciales1/MotoresComerciales/Content/PN_interactiveSpruceForest/ExampleContent/Winter/Meshes/half/low/winter_spruce_half_04_low.uasset" 8466
"../../../../../../UnrealProyects/MotoresComerciales/Motorescomerciales1/MotoresComerciales/Content/MetaHumans/Vincent/MaleHair_pfn/Hair/Eyebrows_L_Scraggly_CardsMesh_Group0_LOD2.uasset" 8467
"../../../../../../UnrealProyects/MotoresComerciales/Motorescomerciales1/MotoresComerciales/Content/MetaHumans/Vincent/MaleHair_pfn/Hair/Eyebrows_L_Scraggly_CardsMesh_Group0_LOD3.uasset" 8468
"C:/UnrealProyects/MotoresComerciales/Motorescomerciales1/MotoresComerciales/Content/PN_interactiveSpruceForest/ExampleContent/Winter/Meshes/half/low/winter_spruce_half_03_low.uasset" 8469
"../../../../../../UnrealProyects/MotoresComerciales/Motorescomerciales1/MotoresComerciales/Content/MetaHumans/Vincent/MaleHair_pfn/Hair/Eyebrows_L_Scraggly_CardsMesh_Group0_LOD4.uasset" 8470
"C:/UnrealProyects/MotoresComerciales/Motorescomerciales1/MotoresComerciales/Content/PN_interactiveSpruceForest/ExampleContent/Winter/Meshes/full/low/winter_spruce_full_03_low.uasset" 8471
"C:/UnrealProyects/MotoresComerciales/Motorescomerciales1/MotoresComerciales/Content/PN_interactiveSpruceForest/ExampleContent/Winter/Meshes/half/low/winter_spruce_half_02_low.uasset" 8472
"C:/UnrealProyects/MotoresComerciales/Motorescomerciales1/MotoresComerciales/Content/PN_interactiveSpruceForest/ExampleContent/Winter/Meshes/half/low/winter_spruce_half_01_low.uasset" 8473
"C:/UnrealProyects/MotoresComerciales/Motorescomerciales1/MotoresComerciales/Content/PN_interactiveSpruceForest/ExampleContent/Winter/Meshes/full/low/winter_spruce_full_02_low.uasset" 8474
"C:/UnrealProyects/MotoresComerciales/Motorescomerciales1/MotoresComerciales/Content/PN_interactiveSpruceForest/ExampleContent/Winter/Meshes/full/low/winter_spruce_full_01_low.uasset" 8475
"C:/UnrealProyects/MotoresComerciales/Motorescomerciales1/MotoresComerciales/Content/PN_interactiveSpruceForest/ExampleContent/Winter/Meshes/half/high/winter_spruce_half_03.uasset" 8476
"C:/UnrealProyects/MotoresComerciales/Motorescomerciales1/MotoresComerciales/Content/PN_interactiveSpruceForest/ExampleContent/Winter/Meshes/half/high/winter_spruce_half_04.uasset" 8477
"C:/UnrealProyects/MotoresComerciales/Motorescomerciales1/MotoresComerciales/Content/PN_interactiveSpruceForest/ExampleContent/Winter/Meshes/half/high/winter_spruce_half_02.uasset" 8478
"C:/UnrealProyects/MotoresComerciales/Motorescomerciales1/MotoresComerciales/Content/PN_interactiveSpruceForest/ExampleContent/Winter/Meshes/half/high/winter_spruce_half_01.uasset" 8479
"C:/UnrealProyects/MotoresComerciales/Motorescomerciales1/MotoresComerciales/Content/PN_interactiveSpruceForest/ExampleContent/Winter/Meshes/full/high/winter_spruce_full_02.uasset" 8480
"C:/UnrealProyects/MotoresComerciales/Motorescomerciales1/MotoresComerciales/Content/PN_interactiveSpruceForest/ExampleContent/Winter/Meshes/full/high/winter_spruce_full_03.uasset" 8481
"C:/UnrealProyects/MotoresComerciales/Motorescomerciales1/MotoresComerciales/Content/ThirdPerson/Blueprints/BP_ThirdPersonGameMode.uasset" 8482
"C:/UnrealProyects/MotoresComerciales/Motorescomerciales1/MotoresComerciales/Content/BP_Spawner.uasset" 8483
"C:/UnrealProyects/MotoresComerciales/Motorescomerciales1/MotoresComerciales/Content/PN_interactiveSpruceForest/ExampleContent/Winter/Meshes/full/high/winter_spruce_full_01.uasset" 8484
"C:/UnrealProyects/MotoresComerciales/Motorescomerciales1/MotoresComerciales/Content/MetaHumans/Vincent/Materials/MI_Hair_Cards.uasset" 8485
"C:/UnrealProyects/MotoresComerciales/Motorescomerciales1/MotoresComerciales/Content/MetaHumans/Vincent/Materials/MI_Hair_Helmet.uasset" 8486
"C:/UnrealProyects/MotoresComerciales/Motorescomerciales1/MotoresComerciales/Content/MetaHumans/Vincent/Face/Materials/Baked/MI_HeadSynthesized_Baked_LOD4.uasset" 8487
"C:/UnrealProyects/MotoresComerciales/Motorescomerciales1/MotoresComerciales/Content/MetaHumans/Vincent/MaleHair/Hair/Hair_S_Clean.uasset" 8488
"C:/UnrealProyects/MotoresComerciales/Motorescomerciales1/MotoresComerciales/Content/MetaHumans/Vincent/Face/Materials/Baked/MI_HeadSynthesized_Baked_LOD5.uasset" 8489
"C:/UnrealProyects/MotoresComerciales/Motorescomerciales1/MotoresComerciales/Content/MetaHumans/Vincent/Face/Materials/Baked/MI_HeadSynthesized_Baked_LOD3.uasset" 8490
"C:/UnrealProyects/MotoresComerciales/Motorescomerciales1/MotoresComerciales/Content/MetaHumans/Vincent/Face/Materials/Baked/MI_HeadSynthesized_Baked_LOD1.uasset" 8491
"C:/UnrealProyects/MotoresComerciales/Motorescomerciales1/MotoresComerciales/Content/Fab/A_simple_street_light_lamp/BP_SimpleStreetLamp.uasset" 8492
"C:/UnrealProyects/MotoresComerciales/Motorescomerciales1/MotoresComerciales/Content/Fab/Low_Poly_Garden_Lamp_?_Stylized_Outdoor_Light/BP_GardenLamp_Light.uasset" 8493
"C:/UnrealProyects/MotoresComerciales/Motorescomerciales1/MotoresComerciales/Content/MetaHumans/Vincent/Face/Materials/Baked/MI_HeadSynthesized_Baked_LOD2.uasset" 8494
"C:/UnrealProyects/MotoresComerciales/Motorescomerciales1/MotoresComerciales/Content/PN_interactiveSpruceForest/Map/Interaction_Showroom.umap" 8495
"C:/UnrealProyects/MotoresComerciales/Motorescomerciales1/MotoresComerciales/Content/BP_NPC.uasset" 8496
"C:/UnrealProyects/MotoresComerciales/Motorescomerciales1/MotoresComerciales/Content/ThirdPerson/Maps/ThirdPersonMap.umap" 8497
"C:/UnrealProyects/MotoresComerciales/Motorescomerciales1/MotoresComerciales/Content/PN_interactiveSpruceForest/Map/Showroom.umap" 8498
"C:/UnrealProyects/MotoresComerciales/Motorescomerciales1/MotoresComerciales/Content/MetaHumans/Vincent/Face/Vincent_FaceMesh.uasset" 8499
"C:/UnrealProyects/MotoresComerciales/Motorescomerciales1/MotoresComerciales/Content/__ExternalObjects__/ThirdPerson/Maps/ThirdPersonMap/E/GP/22PD314FCWY4ZK61DE3XZC.uasset" 8500
"C:/UnrealProyects/MotoresComerciales/Motorescomerciales1/MotoresComerciales/Content/LevelPrototyping/MapaEscenaPrebaking.umap" 8501
"C:/UnrealProyects/MotoresComerciales/Motorescomerciales1/MotoresComerciales/Content/__ExternalObjects__/ThirdPerson/Maps/ThirdPersonMap/C/7N/FDH7Y28CQFXDK8P6MM1HXM.uasset" 8502
"C:/UnrealProyects/MotoresComerciales/Motorescomerciales1/MotoresComerciales/Content/LevelPrototyping/MapaEscenaBackup.umap" 8503
"C:/UnrealProyects/MotoresComerciales/Motorescomerciales1/MotoresComerciales/Content/LevelPrototyping/MapaEscena.umap" 8504
"C:/UnrealProyects/MotoresComerciales/Motorescomerciales1/MotoresComerciales/Content/__ExternalObjects__/ThirdPerson/Maps/ThirdPersonMap/6/TK/PIQ0B2FNWR15P52TECP27A.uasset" 8505
"C:/UnrealProyects/MotoresComerciales/Motorescomerciales1/MotoresComerciales/Content/__ExternalObjects__/ThirdPerson/Maps/ThirdPersonMap/9/KN/KHZG97SS6AL73U7AXDWH6J.uasset" 8506
"C:/UnrealProyects/MotoresComerciales/Motorescomerciales1/MotoresComerciales/Content/__ExternalObjects__/ThirdPerson/Maps/ThirdPersonMap/6/D8/3MZ6M1DB94VN44C87D65WR.uasset" 8507
"C:/UnrealProyects/MotoresComerciales/Motorescomerciales1/MotoresComerciales/Content/__ExternalObjects__/ThirdPerson/Maps/ThirdPersonMap/4/VW/TY7TSUER9KKGHX2BMKSL0L.uasset" 8508
"../../../../../../UnrealProyects/MotoresComerciales/Motorescomerciales1/MotoresComerciales/Content/MetaHumans/Vincent/MaleHair/Hair/Hair_S_Clean_CardsMesh_Group0_LOD0.uasset" 8509
"C:/UnrealProyects/MotoresComerciales/Motorescomerciales1/MotoresComerciales/Content/MetaHumans/Vincent/MaleHair_pfn/GroomBinding/Eyebrows_L_Scraggly_MaleHair_pfn_Face_Archetype_Binding.uasset" 8510
"../../../../../../UnrealProyects/MotoresComerciales/Motorescomerciales1/MotoresComerciales/Content/MetaHumans/Vincent/MaleHair/Hair/Hair_S_Clean_CardsMesh_Group0_LOD1.uasset" 8511
"../../../../../../UnrealProyects/MotoresComerciales/Motorescomerciales1/MotoresComerciales/Content/MetaHumans/Vincent/MaleHair/Hair/Hair_S_Clean_CardsMesh_Group0_LOD2.uasset" 8512
"../../../../../../UnrealProyects/MotoresComerciales/Motorescomerciales1/MotoresComerciales/Content/MetaHumans/Vincent/MaleHair/Hair/Hair_S_Clean_CardsMesh_Group0_LOD3.uasset" 8513
"C:/UnrealProyects/MotoresComerciales/Motorescomerciales1/MotoresComerciales/Content/MetaHumans/Vincent/MaleHair/GroomBinding/Hair_S_Clean_m_med_nrw_head_skmesh_Face_Archetype_Binding.uasset" 8514
"../../../../../../UnrealProyects/MotoresComerciales/Motorescomerciales1/MotoresComerciales/Content/MetaHumans/Vincent/MaleHair/Hair/Hair_S_Clean_CardsMesh_Group0_LOD4.uasset" 8515
"C:/UnrealProyects/MotoresComerciales/Motorescomerciales1/MotoresComerciales/Content/MetaHumans/Vincent/FemaleHair/GroomBinding/Peachfuzz_M_Thin_f_head_Archetype_Binding.uasset" 8516
"C:/UnrealProyects/MotoresComerciales/Motorescomerciales1/MotoresComerciales/Content/MetaHumans/Vincent/MaleHair/GroomBinding/Eyelashes_S_Sparse_m_med_nrw_head_skmesh_Face_Archetype_Binding.uasset" 8517
"../../../Engine/Content/EngineSounds/Submixes/MasterEQSubmixDefault.uasset" 8518
"../../../Engine/Content/EngineSounds/Submixes/MasterSubmixDefault.uasset" 8519
"../../../Engine/Content/EngineSounds/Submixes/MasterReverbSubmixDefault.uasset" 8520
"C:/UnrealProyects/MotoresComerciales/Motorescomerciales1/MotoresComerciales/Content/MetaHumans/Vincent/BP_Vincent.uasset" 8521
"../../../../../../UnrealProyects/MotoresComerciales/Motorescomerciales1/MotoresComerciales/Content/PN_interactiveSpruceForest/Map/Interaction_Showroom.umap" 8522
"../../../../../../UnrealProyects/MotoresComerciales/Motorescomerciales1/MotoresComerciales/Content/PN_interactiveSpruceForest/Map/Showroom.umap" 8523
"../../../Engine/Content/Maps/Templates/HLODs/HLODLayer_Instanced.uasset" 8524
"../../../Engine/Content/Maps/Templates/HLODs/HLODLayer_Merged.uasset" 8525
"../../../../../../UnrealProyects/MotoresComerciales/Motorescomerciales1/MotoresComerciales/Content/__ExternalActors__/ThirdPerson/Maps/ThirdPersonMap/0/43/HYQWORMY4JDQ5X3OKZXFLC.uasset" 8526
"../../../../../../UnrealProyects/MotoresComerciales/Motorescomerciales1/MotoresComerciales/Content/LevelPrototyping/MapaEscenaPrebaking.umap" 8527
"../../../../../../UnrealProyects/MotoresComerciales/Motorescomerciales1/MotoresComerciales/Content/LevelPrototyping/MapaEscenaBackup.umap" 8528
"../../../../../../UnrealProyects/MotoresComerciales/Motorescomerciales1/MotoresComerciales/Content/Audio/Forest_Ambience/Forest_Wind2.uasset" 8529
"../../../../../../UnrealProyects/MotoresComerciales/Motorescomerciales1/MotoresComerciales/Content/LevelPrototyping/MapaEscena.umap" 8530
"../../../../../../UnrealProyects/MotoresComerciales/Motorescomerciales1/MotoresComerciales/Content/__ExternalActors__/ThirdPerson/Maps/ThirdPersonMap/0/4Q/YP9BFXTCOX7Q9UX3KDX3K4.uasset" 8531
"../../../../../../UnrealProyects/MotoresComerciales/Motorescomerciales1/MotoresComerciales/Content/__ExternalActors__/ThirdPerson/Maps/ThirdPersonMap/0/QX/A229C79SIMAVD50WC0NO37.uasset" 8532
"../../../../../../UnrealProyects/MotoresComerciales/Motorescomerciales1/MotoresComerciales/Content/__ExternalActors__/ThirdPerson/Maps/ThirdPersonMap/1/5H/TR96W6XY72R2ENS4YYEGH0.uasset" 8533
"../../../../../../UnrealProyects/MotoresComerciales/Motorescomerciales1/MotoresComerciales/Content/__ExternalActors__/ThirdPerson/Maps/ThirdPersonMap/1/HL/XWFFRCIJ8QK4NRO30ALA6J.uasset" 8534
"../../../../../../UnrealProyects/MotoresComerciales/Motorescomerciales1/MotoresComerciales/Content/__ExternalActors__/ThirdPerson/Maps/ThirdPersonMap/1/U8/64R4PEJW0Z7IPMARNEIP0E.uasset" 8535
"../../../../../../UnrealProyects/MotoresComerciales/Motorescomerciales1/MotoresComerciales/Content/__ExternalActors__/ThirdPerson/Maps/ThirdPersonMap/1/WU/NB37RT5Q32Z8MJWD8BD2SO.uasset" 8536
"../../../../../../UnrealProyects/MotoresComerciales/Motorescomerciales1/MotoresComerciales/Content/__ExternalActors__/ThirdPerson/Maps/ThirdPersonMap/2/9P/8F1D5SJU31U5NXEB9952C5.uasset" 8537
"../../../../../../UnrealProyects/MotoresComerciales/Motorescomerciales1/MotoresComerciales/Content/__ExternalActors__/ThirdPerson/Maps/ThirdPersonMap/2/IN/V717DY6J7XYDEK858E50CG.uasset" 8538
"../../../../../../UnrealProyects/MotoresComerciales/Motorescomerciales1/MotoresComerciales/Content/__ExternalActors__/ThirdPerson/Maps/ThirdPersonMap/2/T2/C3PNIQYUW4KB4INYMR7AHR.uasset" 8539
"../../../../../../UnrealProyects/MotoresComerciales/Motorescomerciales1/MotoresComerciales/Content/__ExternalActors__/ThirdPerson/Maps/ThirdPersonMap/2/TZ/7NO31KT969BE59HQJV97SP.uasset" 8540
"../../../../../../UnrealProyects/MotoresComerciales/Motorescomerciales1/MotoresComerciales/Content/__ExternalActors__/ThirdPerson/Maps/ThirdPersonMap/3/M3/7JQC72ZY37QM4IT43WD5CW.uasset" 8541
"../../../../../../UnrealProyects/MotoresComerciales/Motorescomerciales1/MotoresComerciales/Content/__ExternalActors__/ThirdPerson/Maps/ThirdPersonMap/3/P3/O43ETCZTFMLWWH1CJ941H2.uasset" 8542
"../../../../../../UnrealProyects/MotoresComerciales/Motorescomerciales1/MotoresComerciales/Content/__ExternalActors__/ThirdPerson/Maps/ThirdPersonMap/4/4R/8EO849TDGMG7JIYD46Y527.uasset" 8543
"../../../../../../UnrealProyects/MotoresComerciales/Motorescomerciales1/MotoresComerciales/Content/__ExternalActors__/ThirdPerson/Maps/ThirdPersonMap/4/60/5PI42YRDC8HSSG6BVV2GRR.uasset" 8544
"../../../../../../UnrealProyects/MotoresComerciales/Motorescomerciales1/MotoresComerciales/Content/__ExternalActors__/ThirdPerson/Maps/ThirdPersonMap/4/NT/CE6RI4OZH0W1QL3RJ47KO0.uasset" 8545
"../../../../../../UnrealProyects/MotoresComerciales/Motorescomerciales1/MotoresComerciales/Content/__ExternalActors__/ThirdPerson/Maps/ThirdPersonMap/4/VQ/COIHZUS9Y3RAT8IAW9LZOA.uasset" 8546
"../../../../../../UnrealProyects/MotoresComerciales/Motorescomerciales1/MotoresComerciales/Content/__ExternalActors__/ThirdPerson/Maps/ThirdPersonMap/5/11/IM858T68EBXCBX1T2FNR96.uasset" 8547
"../../../../../../UnrealProyects/MotoresComerciales/Motorescomerciales1/MotoresComerciales/Content/__ExternalActors__/ThirdPerson/Maps/ThirdPersonMap/5/7E/BEYC27T14FHBU6LF2F60RR.uasset" 8548
"../../../../../../UnrealProyects/MotoresComerciales/Motorescomerciales1/MotoresComerciales/Content/__ExternalActors__/ThirdPerson/Maps/ThirdPersonMap/5/QO/CO9MG7REJF8N8AQFYRCI06.uasset" 8549
"../../../../../../UnrealProyects/MotoresComerciales/Motorescomerciales1/MotoresComerciales/Content/__ExternalActors__/ThirdPerson/Maps/ThirdPersonMap/6/0X/G0HPQEPSA8B8LSGL65HBU8.uasset" 8550
"../../../../../../UnrealProyects/MotoresComerciales/Motorescomerciales1/MotoresComerciales/Content/__ExternalActors__/ThirdPerson/Maps/ThirdPersonMap/6/6W/GPD49OIQ7MGZV78SMR3E7Y.uasset" 8551
"../../../../../../UnrealProyects/MotoresComerciales/Motorescomerciales1/MotoresComerciales/Content/__ExternalActors__/ThirdPerson/Maps/ThirdPersonMap/6/7D/921PPAORLN65QK4YLX6I6I.uasset" 8552
"../../../../../../UnrealProyects/MotoresComerciales/Motorescomerciales1/MotoresComerciales/Content/__ExternalActors__/ThirdPerson/Maps/ThirdPersonMap/6/CZ/K2YM0JIRZ78IHGM8W2QBAF.uasset" 8553
"../../../../../../UnrealProyects/MotoresComerciales/Motorescomerciales1/MotoresComerciales/Content/__ExternalActors__/ThirdPerson/Maps/ThirdPersonMap/6/HF/9H7TKAXH9DD8KI3TIXGI2I.uasset" 8554
"../../../../../../UnrealProyects/MotoresComerciales/Motorescomerciales1/MotoresComerciales/Content/__ExternalActors__/ThirdPerson/Maps/ThirdPersonMap/6/HV/3RXCR8GV4B65VJQ7XKFZF8.uasset" 8555
"../../../../../../UnrealProyects/MotoresComerciales/Motorescomerciales1/MotoresComerciales/Content/__ExternalActors__/ThirdPerson/Maps/ThirdPersonMap/6/I8/O556NVYK4C49NEHUH3Z75Q.uasset" 8556
"../../../../../../UnrealProyects/MotoresComerciales/Motorescomerciales1/MotoresComerciales/Content/__ExternalActors__/ThirdPerson/Maps/ThirdPersonMap/6/IR/OTJMGDDXDV5TI7982YKZ5P.uasset" 8557
"../../../../../../UnrealProyects/MotoresComerciales/Motorescomerciales1/MotoresComerciales/Content/__ExternalActors__/ThirdPerson/Maps/ThirdPersonMap/6/NC/UUYHDUFQAXTRRN4RVOPIUF.uasset" 8558
"../../../../../../UnrealProyects/MotoresComerciales/Motorescomerciales1/MotoresComerciales/Content/__ExternalActors__/ThirdPerson/Maps/ThirdPersonMap/6/XB/9VVR39MG0K7W5GQIEFE7SO.uasset" 8559
"../../../../../../UnrealProyects/MotoresComerciales/Motorescomerciales1/MotoresComerciales/Content/__ExternalActors__/ThirdPerson/Maps/ThirdPersonMap/6/YO/NG2R9BPZVA7ZDN0Z4VSTG6.uasset" 8560
"../../../../../../UnrealProyects/MotoresComerciales/Motorescomerciales1/MotoresComerciales/Content/__ExternalActors__/ThirdPerson/Maps/ThirdPersonMap/7/8I/VL1OECCU4JH7SISVTOUHT4.uasset" 8561
"../../../../../../UnrealProyects/MotoresComerciales/Motorescomerciales1/MotoresComerciales/Content/__ExternalActors__/ThirdPerson/Maps/ThirdPersonMap/8/3J/6B9RJI3FDPCETRKXUXCQ4C.uasset" 8562
"../../../../../../UnrealProyects/MotoresComerciales/Motorescomerciales1/MotoresComerciales/Content/__ExternalActors__/ThirdPerson/Maps/ThirdPersonMap/8/6J/E4BSBE6LUQPNQPU5US43HJ.uasset" 8563
"../../../../../../UnrealProyects/MotoresComerciales/Motorescomerciales1/MotoresComerciales/Content/__ExternalActors__/ThirdPerson/Maps/ThirdPersonMap/9/OH/LYP43W07C5G4YAXZBSM5U7.uasset" 8564
"../../../../../../UnrealProyects/MotoresComerciales/Motorescomerciales1/MotoresComerciales/Content/__ExternalActors__/ThirdPerson/Maps/ThirdPersonMap/A/16/Q7Y1URWWFS0TXGWUTO3S61.uasset" 8565
"../../../../../../UnrealProyects/MotoresComerciales/Motorescomerciales1/MotoresComerciales/Content/__ExternalActors__/ThirdPerson/Maps/ThirdPersonMap/A/8I/GVF4PHMCUY9NI3YQ9M4OIE.uasset" 8566
"../../../../../../UnrealProyects/MotoresComerciales/Motorescomerciales1/MotoresComerciales/Content/__ExternalActors__/ThirdPerson/Maps/ThirdPersonMap/A/LV/EWDR09ZGL1GKP9W0TZ7J6P.uasset" 8567
"../../../../../../UnrealProyects/MotoresComerciales/Motorescomerciales1/MotoresComerciales/Content/__ExternalActors__/ThirdPerson/Maps/ThirdPersonMap/B/8K/1IKKDYS7RULH8FRYRPPF04.uasset" 8568
"../../../../../../UnrealProyects/MotoresComerciales/Motorescomerciales1/MotoresComerciales/Content/__ExternalActors__/ThirdPerson/Maps/ThirdPersonMap/B/EA/9BWDWCNL7OZT2HTML9LK1Y.uasset" 8569
"../../../../../../UnrealProyects/MotoresComerciales/Motorescomerciales1/MotoresComerciales/Content/__ExternalActors__/ThirdPerson/Maps/ThirdPersonMap/B/FB/8RB55FM1HBEUVO4IOQC4YN.uasset" 8570
"../../../../../../UnrealProyects/MotoresComerciales/Motorescomerciales1/MotoresComerciales/Content/__ExternalActors__/ThirdPerson/Maps/ThirdPersonMap/C/74/QU8F2LJYJQWWXMY4MMZJRB.uasset" 8571
"../../../../../../UnrealProyects/MotoresComerciales/Motorescomerciales1/MotoresComerciales/Content/__ExternalActors__/ThirdPerson/Maps/ThirdPersonMap/C/YT/CQR16QFDKKEYP53M51TV4F.uasset" 8572
"../../../../../../UnrealProyects/MotoresComerciales/Motorescomerciales1/MotoresComerciales/Content/__ExternalActors__/ThirdPerson/Maps/ThirdPersonMap/C/ZF/KE3YD6HWA6DA2ZS7LZTL14.uasset" 8573
"../../../../../../UnrealProyects/MotoresComerciales/Motorescomerciales1/MotoresComerciales/Content/__ExternalActors__/ThirdPerson/Maps/ThirdPersonMap/D/3V/NMHOKL5LGQDOAAG00FUMZR.uasset" 8574
"../../../../../../UnrealProyects/MotoresComerciales/Motorescomerciales1/MotoresComerciales/Content/__ExternalActors__/ThirdPerson/Maps/ThirdPersonMap/D/6S/OXDTFSWLZADSIPCS74YO5H.uasset" 8575
"../../../../../../UnrealProyects/MotoresComerciales/Motorescomerciales1/MotoresComerciales/Content/__ExternalActors__/ThirdPerson/Maps/ThirdPersonMap/D/DE/SWSI13675DVYIZ0N4NF7Y3.uasset" 8576
"../../../../../../UnrealProyects/MotoresComerciales/Motorescomerciales1/MotoresComerciales/Content/__ExternalActors__/ThirdPerson/Maps/ThirdPersonMap/E/8O/GK06JAEJ82TQ0GA2QB0DJG.uasset" 8577
"../../../../../../UnrealProyects/MotoresComerciales/Motorescomerciales1/MotoresComerciales/Content/__ExternalActors__/ThirdPerson/Maps/ThirdPersonMap/E/JP/CU9466AJT7HCT0XXL75R4G.uasset" 8578
"../../../Engine/Content/EditorResources/AudioIcons/S_AudioComponent_AutoActivate.uasset" 8579
